match_id,date,venue,total_runs,total_extras,total_wickets,teams,year,season
1082591,2017-04-05,"Rajiv Gandhi International Stadium, Uppal",379,13,14,Sunrisers Hyderabad vs Royal Challengers Bangalore,2017,2017
1082592,2017-04-06,Maharashtra Cricket Association Stadium,371,12,11,Mumbai Indians vs Rising Pune Supergiant,2017,2017
1082593,2017-04-07,Saurashtra Cricket Association Stadium,367,19,4,Gujarat Lions vs Kolkata Knight Riders,2017,2017
1082594,2017-04-08,Holkar Cricket Stadium,327,16,10,Rising Pune Supergiant vs Kings XI Punjab,2017,2017
1082595,2017-04-08,M.Chinnaswamy Stadium,299,11,17,Royal Challengers Bangalore vs Delhi Daredevils,2017,2017
1082596,2017-04-09,"Rajiv Gandhi International Stadium, Uppal",275,6,8,Gujarat Lions vs Sunrisers Hyderabad,2017,2017
1082597,2017-04-09,Wankhede Stadium,358,21,13,Kolkata Knight Riders vs Mumbai Indians,2017,2017
1082598,2017-04-10,Holkar Cricket Stadium,298,10,6,Royal Challengers Bangalore vs Kings XI Punjab,2017,2017
1082599,2017-04-11,Maharashtra Cricket Association Stadium,313,13,14,Delhi Daredevils vs Rising Pune Supergiant,2017,2017
1082600,2017-04-12,Wankhede Stadium,317,15,14,Sunrisers Hyderabad vs Mumbai Indians,2017,2017
1082601,2017-04-13,Eden Gardens,341,27,11,Kings XI Punjab vs Kolkata Knight Riders,2017,2017
1082602,2017-04-14,M Chinnaswamy Stadium,287,24,11,Royal Challengers Bangalore vs Mumbai Indians,2017,2017
1082603,2017-04-14,Saurashtra Cricket Association Stadium,343,10,11,Rising Pune Supergiant vs Gujarat Lions,2017,2017
1082604,2017-04-15,Eden Gardens,327,18,12,Kolkata Knight Riders vs Sunrisers Hyderabad,2017,2017
1082605,2017-04-15,Feroz Shah Kotla,325,12,15,Delhi Daredevils vs Kings XI Punjab,2017,2017
1082606,2017-04-16,Wankhede Stadium,353,24,8,Gujarat Lions vs Mumbai Indians,2017,2017
1082607,2017-04-16,M Chinnaswamy Stadium,295,21,17,Rising Pune Supergiant vs Royal Challengers Bangalore,2017,2017
1082608,2017-04-17,Feroz Shah Kotla,337,14,13,Delhi Daredevils vs Kolkata Knight Riders,2017,2017
1082609,2017-04-17,"Rajiv Gandhi International Stadium, Uppal",313,21,16,Sunrisers Hyderabad vs Kings XI Punjab,2017,2017
1082610,2017-04-18,Saurashtra Cricket Association Stadium,405,12,9,Royal Challengers Bangalore vs Gujarat Lions,2017,2017
1082611,2017-04-19,"Rajiv Gandhi International Stadium, Uppal",367,11,9,Sunrisers Hyderabad vs Delhi Daredevils,2017,2017
1082612,2017-04-20,Holkar Cricket Stadium,397,20,6,Kings XI Punjab vs Mumbai Indians,2017,2017
1082613,2017-04-21,Eden Gardens,375,8,11,Kolkata Knight Riders vs Gujarat Lions,2017,2017
1082614,2017-04-22,Wankhede Stadium,270,24,15,Mumbai Indians vs Delhi Daredevils,2017,2017
1082615,2017-04-22,Maharashtra Cricket Association Stadium,355,11,7,Sunrisers Hyderabad vs Rising Pune Supergiant,2017,2017
1082616,2017-04-23,Saurashtra Cricket Association Stadium,350,12,14,Kings XI Punjab vs Gujarat Lions,2017,2017
1082617,2017-04-23,Eden Gardens,180,15,20,Kolkata Knight Riders vs Royal Challengers Bangalore,2017,2017
1082618,2017-04-24,Wankhede Stadium,317,10,14,Rising Pune Supergiant vs Mumbai Indians,2017,2017
1082620,2017-04-26,Maharashtra Cricket Association Stadium,366,20,8,Rising Pune Supergiant vs Kolkata Knight Riders,2017,2017
1082621,2017-04-27,M Chinnaswamy Stadium,269,20,13,Royal Challengers Bangalore vs Gujarat Lions,2017,2017
1082622,2017-04-28,Eden Gardens,321,17,9,Delhi Daredevils vs Kolkata Knight Riders,2017,2017
1082623,2017-04-28,"Punjab Cricket Association IS Bindra Stadium, Mohali",388,8,12,Sunrisers Hyderabad vs Kings XI Punjab,2017,2017
1082624,2017-04-29,Maharashtra Cricket Association Stadium,253,8,12,Rising Pune Supergiant vs Royal Challengers Bangalore,2017,2017
1082625,2017-04-29,Saurashtra Cricket Association Stadium,323,16,21,Gujarat Lions vs Mumbai Indians,2017,2017
1082626,2017-04-30,"Punjab Cricket Association IS Bindra Stadium, Mohali",135,7,10,Delhi Daredevils vs Kings XI Punjab,2017,2017
1082627,2017-04-30,"Rajiv Gandhi International Stadium, Uppal",370,13,10,Sunrisers Hyderabad vs Kolkata Knight Riders,2017,2017
1082628,2017-05-01,Wankhede Stadium,327,11,14,Royal Challengers Bangalore vs Mumbai Indians,2017,2017
1082629,2017-05-01,Maharashtra Cricket Association Stadium,328,14,15,Gujarat Lions vs Rising Pune Supergiant,2017,2017
1082630,2017-05-02,Feroz Shah Kotla,374,11,7,Sunrisers Hyderabad vs Delhi Daredevils,2017,2017
1082631,2017-05-03,Eden Gardens,313,13,14,Kolkata Knight Riders vs Rising Pune Supergiant,2017,2017
1082632,2017-05-04,Feroz Shah Kotla,422,17,10,Gujarat Lions vs Delhi Daredevils,2017,2017
1082633,2017-05-05,M Chinnaswamy Stadium,257,19,17,Kings XI Punjab vs Royal Challengers Bangalore,2017,2017
1082634,2017-05-06,"Rajiv Gandhi International Stadium, Uppal",284,9,17,Rising Pune Supergiant vs Sunrisers Hyderabad,2017,2017
1082635,2017-05-06,Feroz Shah Kotla,278,22,13,Mumbai Indians vs Delhi Daredevils,2017,2017
1082636,2017-05-07,M Chinnaswamy Stadium,317,9,10,Royal Challengers Bangalore vs Kolkata Knight Riders,2017,2017
1082637,2017-05-07,"Punjab Cricket Association IS Bindra Stadium, Mohali",381,9,7,Kings XI Punjab vs Gujarat Lions,2017,2017
1082638,2017-05-08,"Rajiv Gandhi International Stadium, Uppal",278,14,10,Mumbai Indians vs Sunrisers Hyderabad,2017,2017
1082639,2017-05-09,"Punjab Cricket Association IS Bindra Stadium, Mohali",320,16,12,Kings XI Punjab vs Kolkata Knight Riders,2017,2017
1082640,2017-05-10,Green Park,392,14,13,Gujarat Lions vs Delhi Daredevils,2017,2017
1082641,2017-05-11,Wankhede Stadium,453,18,9,Kings XI Punjab vs Mumbai Indians,2017,2017
1082642,2017-05-12,Feroz Shah Kotla,329,17,15,Delhi Daredevils vs Rising Pune Supergiant,2017,2017
1082643,2017-05-13,Green Park,312,10,12,Gujarat Lions vs Sunrisers Hyderabad,2017,2017
1082644,2017-05-13,Eden Gardens,337,25,13,Mumbai Indians vs Kolkata Knight Riders,2017,2017
1082645,2017-05-14,Maharashtra Cricket Association Stadium,151,4,11,Kings XI Punjab vs Rising Pune Supergiant,2017,2017
1082646,2017-05-14,Feroz Shah Kotla,312,16,16,Royal Challengers Bangalore vs Delhi Daredevils,2017,2017
1082647,2017-05-16,Wankhede Stadium,304,16,13,Rising Pune Supergiant vs Mumbai Indians,2017,2017
1082648,2017-05-17,M Chinnaswamy Stadium,176,11,10,Sunrisers Hyderabad vs Kolkata Knight Riders,2017,2017
1082649,2017-05-19,M Chinnaswamy Stadium,218,15,14,Kolkata Knight Riders vs Mumbai Indians,2017,2017
1082650,2017-05-21,"Rajiv Gandhi International Stadium, Uppal",257,17,14,Mumbai Indians vs Rising Pune Supergiant,2017,2017
1136561,2018-04-07,Wankhede Stadium,334,11,13,Mumbai Indians vs Chennai Super Kings,2018,2018
1136562,2018-04-08,Punjab Cricket Association IS Bindra Stadium,333,7,11,Delhi Daredevils vs Kings XI Punjab,2018,2018
1136563,2018-04-08,Eden Gardens,353,19,13,Royal Challengers Bangalore vs Kolkata Knight Riders,2018,2018
1136564,2018-04-09,Rajiv Gandhi International Stadium,252,16,10,Rajasthan Royals vs Sunrisers Hyderabad,2018,2018
1136565,2018-04-10,MA Chidambaram Stadium,407,12,11,Kolkata Knight Riders vs Chennai Super Kings,2018,2018
1136566,2018-04-11,Sawai Mansingh Stadium,213,6,9,Rajasthan Royals vs Delhi Daredevils,2018,2018
1136567,2018-04-12,Rajiv Gandhi International Stadium,298,12,17,Mumbai Indians vs Sunrisers Hyderabad,2018,2018
1136568,2018-04-13,M.Chinnaswamy Stadium,314,10,16,Kings XI Punjab vs Royal Challengers Bangalore,2018,2018
1136569,2018-04-14,Wankhede Stadium,389,12,10,Mumbai Indians vs Delhi Daredevils,2018,2018
1136570,2018-04-14,Eden Gardens,277,12,13,Kolkata Knight Riders vs Sunrisers Hyderabad,2018,2018
1136571,2018-04-15,M.Chinnaswamy Stadium,415,20,10,Rajasthan Royals vs Royal Challengers Bangalore,2018,2018
1136572,2018-04-15,Punjab Cricket Association IS Bindra Stadium,390,14,12,Kings XI Punjab vs Chennai Super Kings,2018,2018
1136573,2018-04-16,Eden Gardens,329,14,19,Kolkata Knight Riders vs Delhi Daredevils,2018,2018
1136574,2018-04-17,Wankhede Stadium,380,24,14,Mumbai Indians vs Royal Challengers Bangalore,2018,2018
1136575,2018-04-18,Sawai Mansingh Stadium,323,8,11,Rajasthan Royals vs Kolkata Knight Riders,2018,2018
1136576,2018-04-19,Punjab Cricket Association IS Bindra Stadium,371,21,8,Kings XI Punjab vs Sunrisers Hyderabad,2018,2018
1136577,2018-04-20,Maharashtra Cricket Association Stadium,344,14,15,Chennai Super Kings vs Rajasthan Royals,2018,2018
1136578,2018-04-21,Eden Gardens,317,11,8,Kolkata Knight Riders vs Kings XI Punjab,2018,2018
1136579,2018-04-21,M.Chinnaswamy Stadium,350,16,9,Delhi Daredevils vs Royal Challengers Bangalore,2018,2018
1136580,2018-04-22,Rajiv Gandhi International Stadium,360,6,9,Chennai Super Kings vs Sunrisers Hyderabad,2018,2018
1136581,2018-04-22,Sawai Mansingh Stadium,335,11,14,Mumbai Indians vs Rajasthan Royals,2018,2018
1136582,2018-04-23,Arun Jaitley Stadium,282,23,16,Kings XI Punjab vs Delhi Daredevils,2018,2018
1136583,2018-04-24,Wankhede Stadium,205,14,20,Sunrisers Hyderabad vs Mumbai Indians,2018,2018
1136584,2018-04-25,M.Chinnaswamy Stadium,412,19,13,Royal Challengers Bangalore vs Chennai Super Kings,2018,2018
1136585,2018-04-26,Rajiv Gandhi International Stadium,251,10,16,Sunrisers Hyderabad vs Kings XI Punjab,2018,2018
1136586,2018-04-27,Arun Jaitley Stadium,383,8,13,Delhi Daredevils vs Kolkata Knight Riders,2018,2018
1136587,2018-04-28,Maharashtra Cricket Association Stadium,339,17,7,Chennai Super Kings vs Mumbai Indians,2018,2018
1136588,2018-04-29,Sawai Mansingh Stadium,291,2,13,Sunrisers Hyderabad vs Rajasthan Royals,2018,2018
1136589,2018-04-29,M.Chinnaswamy Stadium,351,18,9,Royal Challengers Bangalore vs Kolkata Knight Riders,2018,2018
1136590,2018-04-30,Maharashtra Cricket Association Stadium,409,15,9,Chennai Super Kings vs Delhi Daredevils,2018,2018
1136591,2018-05-01,M.Chinnaswamy Stadium,320,29,14,Royal Challengers Bangalore vs Mumbai Indians,2018,2018
1136592,2018-05-02,Arun Jaitley Stadium,342,11,11,Delhi Daredevils vs Rajasthan Royals,2018,2018
1136593,2018-05-03,Eden Gardens,357,19,9,Chennai Super Kings vs Kolkata Knight Riders,2018,2018
1136594,2018-05-04,Holkar Cricket Stadium,350,16,10,Kings XI Punjab vs Mumbai Indians,2018,2018
1136595,2018-05-05,Maharashtra Cricket Association Stadium,255,11,13,Royal Challengers Bangalore vs Chennai Super Kings,2018,2018
1136596,2018-05-05,Rajiv Gandhi International Stadium,327,9,8,Delhi Daredevils vs Sunrisers Hyderabad,2018,2018
1136597,2018-05-06,Wankhede Stadium,349,15,10,Mumbai Indians vs Kolkata Knight Riders,2018,2018
1136598,2018-05-06,Holkar Cricket Stadium,307,11,13,Rajasthan Royals vs Kings XI Punjab,2018,2018
1136599,2018-05-07,Rajiv Gandhi International Stadium,287,14,16,Sunrisers Hyderabad vs Royal Challengers Bangalore,2018,2018
1136600,2018-05-08,Sawai Mansingh Stadium,301,10,15,Rajasthan Royals vs Kings XI Punjab,2018,2018
1136601,2018-05-09,Eden Gardens,318,8,16,Mumbai Indians vs Kolkata Knight Riders,2018,2018
1136602,2018-05-10,Arun Jaitley Stadium,378,5,6,Delhi Daredevils vs Sunrisers Hyderabad,2018,2018
1136603,2018-05-11,Sawai Mansingh Stadium,353,15,10,Chennai Super Kings vs Rajasthan Royals,2018,2018
1136604,2018-05-12,Holkar Cricket Stadium,459,12,14,Kolkata Knight Riders vs Kings XI Punjab,2018,2018
1136605,2018-05-12,Arun Jaitley Stadium,368,18,9,Delhi Daredevils vs Royal Challengers Bangalore,2018,2018
1136606,2018-05-13,Maharashtra Cricket Association Stadium,359,14,6,Sunrisers Hyderabad vs Chennai Super Kings,2018,2018
1136607,2018-05-13,Wankhede Stadium,339,19,9,Mumbai Indians vs Rajasthan Royals,2018,2018
1136608,2018-05-14,Holkar Cricket Stadium,180,9,10,Kings XI Punjab vs Royal Challengers Bangalore,2018,2018
1136609,2018-05-15,Eden Gardens,287,4,14,Rajasthan Royals vs Kolkata Knight Riders,2018,2018
1136610,2018-05-16,Wankhede Stadium,369,20,13,Mumbai Indians vs Kings XI Punjab,2018,2018
1136611,2018-05-17,M.Chinnaswamy Stadium,422,9,9,Royal Challengers Bangalore vs Sunrisers Hyderabad,2018,2018
1136612,2018-05-18,Arun Jaitley Stadium,290,11,11,Delhi Daredevils vs Chennai Super Kings,2018,2018
1136613,2018-05-19,Sawai Mansingh Stadium,298,8,15,Rajasthan Royals vs Royal Challengers Bangalore,2018,2018
1136614,2018-05-19,Rajiv Gandhi International Stadium,345,18,14,Sunrisers Hyderabad vs Kolkata Knight Riders,2018,2018
1136615,2018-05-20,Arun Jaitley Stadium,337,19,14,Delhi Daredevils vs Mumbai Indians,2018,2018
1136616,2018-05-20,Maharashtra Cricket Association Stadium,312,20,15,Kings XI Punjab vs Chennai Super Kings,2018,2018
1136617,2018-05-22,Wankhede Stadium,279,14,15,Sunrisers Hyderabad vs Chennai Super Kings,2018,2018
1136618,2018-05-23,Eden Gardens,313,11,11,Kolkata Knight Riders vs Rajasthan Royals,2018,2018
1136619,2018-05-25,Eden Gardens,334,8,16,Sunrisers Hyderabad vs Kolkata Knight Riders,2018,2018
1136620,2018-05-27,Wankhede Stadium,359,14,8,Sunrisers Hyderabad vs Chennai Super Kings,2018,2018
1175356,2019-03-23,MA Chidambaram Stadium,141,9,13,Royal Challengers Bangalore vs Chennai Super Kings,2019,2019
1175357,2019-03-24,Eden Gardens,364,12,7,Sunrisers Hyderabad vs Kolkata Knight Riders,2019,2019
1175358,2019-03-24,Wankhede Stadium,389,15,15,Delhi Capitals vs Mumbai Indians,2019,2019
1175359,2019-03-25,Sawai Mansingh Stadium,354,21,13,Kings XI Punjab vs Rajasthan Royals,2019,2019
1175360,2019-03-26,Arun Jaitley Stadium,297,15,10,Delhi Capitals vs Chennai Super Kings,2019,2019
1175361,2019-03-27,Eden Gardens,408,11,8,Kolkata Knight Riders vs Kings XI Punjab,2019,2019
1175362,2019-03-28,M.Chinnaswamy Stadium,368,15,13,Mumbai Indians vs Royal Challengers Bangalore,2019,2019
1175363,2019-03-29,Rajiv Gandhi International Stadium,399,11,7,Rajasthan Royals vs Sunrisers Hyderabad,2019,2019
1175364,2019-03-30,Punjab Cricket Association IS Bindra Stadium,353,15,9,Mumbai Indians vs Kings XI Punjab,2019,2019
1175365,2019-03-30,Arun Jaitley Stadium,387,12,16,Kolkata Knight Riders vs Delhi Capitals,2019,2019
1175366,2019-03-31,Rajiv Gandhi International Stadium,344,10,12,Sunrisers Hyderabad vs Royal Challengers Bangalore,2019,2019
1175367,2019-03-31,MA Chidambaram Stadium,342,14,13,Chennai Super Kings vs Rajasthan Royals,2019,2019
1175368,2019-04-01,Punjab Cricket Association IS Bindra Stadium,318,20,19,Kings XI Punjab vs Delhi Capitals,2019,2019
1175369,2019-04-02,Sawai Mansingh Stadium,322,15,7,Royal Challengers Bangalore vs Rajasthan Royals,2019,2019
1175370,2019-04-03,Wankhede Stadium,303,20,13,Mumbai Indians vs Chennai Super Kings,2019,2019
1175371,2019-04-04,Arun Jaitley Stadium,260,16,13,Delhi Capitals vs Sunrisers Hyderabad,2019,2019
1175372,2019-04-05,M.Chinnaswamy Stadium,411,18,8,Royal Challengers Bangalore vs Kolkata Knight Riders,2019,2019
1178393,2019-04-06,MA Chidambaram Stadium,298,9,8,Chennai Super Kings vs Kings XI Punjab,2019,2019
1178394,2019-04-06,Rajiv Gandhi International Stadium,232,12,17,Mumbai Indians vs Sunrisers Hyderabad,2019,2019
1178395,2019-04-07,M.Chinnaswamy Stadium,301,17,14,Royal Challengers Bangalore vs Delhi Capitals,2019,2019
1178396,2019-04-07,Sawai Mansingh Stadium,279,22,5,Rajasthan Royals vs Kolkata Knight Riders,2019,2019
1178397,2019-04-08,Punjab Cricket Association IS Bindra Stadium,301,9,8,Sunrisers Hyderabad vs Kings XI Punjab,2019,2019
1178398,2019-04-09,MA Chidambaram Stadium,219,12,12,Kolkata Knight Riders vs Chennai Super Kings,2019,2019
1178399,2019-04-10,Wankhede Stadium,395,19,11,Kings XI Punjab vs Mumbai Indians,2019,2019
1178400,2019-04-11,Sawai Mansingh Stadium,306,16,13,Rajasthan Royals vs Chennai Super Kings,2019,2019
1178401,2019-04-12,Eden Gardens,358,8,10,Kolkata Knight Riders vs Delhi Capitals,2019,2019
1178402,2019-04-13,Wankhede Stadium,375,8,11,Mumbai Indians vs Rajasthan Royals,2019,2019
1178403,2019-04-13,Punjab Cricket Association IS Bindra Stadium,347,8,6,Kings XI Punjab vs Royal Challengers Bangalore,2019,2019
1178404,2019-04-14,Eden Gardens,323,11,13,Kolkata Knight Riders vs Chennai Super Kings,2019,2019
1178405,2019-04-14,Rajiv Gandhi International Stadium,271,14,17,Delhi Capitals vs Sunrisers Hyderabad,2019,2019
1178406,2019-04-15,Wankhede Stadium,343,14,12,Royal Challengers Bangalore vs Mumbai Indians,2019,2019
1178407,2019-04-16,Punjab Cricket Association IS Bindra Stadium,352,22,13,Kings XI Punjab vs Rajasthan Royals,2019,2019
1178408,2019-04-17,Rajiv Gandhi International Stadium,269,10,9,Chennai Super Kings vs Sunrisers Hyderabad,2019,2019
1178409,2019-04-18,Arun Jaitley Stadium,296,14,14,Mumbai Indians vs Delhi Capitals,2019,2019
1178410,2019-04-19,Eden Gardens,416,22,9,Royal Challengers Bangalore vs Kolkata Knight Riders,2019,2019
1178411,2019-04-20,Sawai Mansingh Stadium,323,15,10,Mumbai Indians vs Rajasthan Royals,2019,2019
1178412,2019-04-20,Arun Jaitley Stadium,329,16,12,Kings XI Punjab vs Delhi Capitals,2019,2019
1178413,2019-04-21,Rajiv Gandhi International Stadium,320,11,9,Kolkata Knight Riders vs Sunrisers Hyderabad,2019,2019
1178414,2019-04-21,M.Chinnaswamy Stadium,321,16,15,Royal Challengers Bangalore vs Chennai Super Kings,2019,2019
1178415,2019-04-22,Sawai Mansingh Stadium,384,6,10,Rajasthan Royals vs Delhi Capitals,2019,2019
1178416,2019-04-23,MA Chidambaram Stadium,351,13,7,Sunrisers Hyderabad vs Chennai Super Kings,2019,2019
1178417,2019-04-24,M.Chinnaswamy Stadium,387,15,11,Royal Challengers Bangalore vs Kings XI Punjab,2019,2019
1178418,2019-04-25,Eden Gardens,352,15,13,Kolkata Knight Riders vs Rajasthan Royals,2019,2019
1178419,2019-04-26,MA Chidambaram Stadium,264,11,14,Mumbai Indians vs Chennai Super Kings,2019,2019
1178420,2019-04-27,Sawai Mansingh Stadium,321,14,11,Sunrisers Hyderabad vs Rajasthan Royals,2019,2019
1178421,2019-04-28,Arun Jaitley Stadium,358,10,12,Delhi Capitals vs Royal Challengers Bangalore,2019,2019
1178422,2019-04-28,Eden Gardens,430,13,9,Kolkata Knight Riders vs Mumbai Indians,2019,2019
1178423,2019-04-29,Rajiv Gandhi International Stadium,379,27,14,Sunrisers Hyderabad vs Kings XI Punjab,2019,2019
1178424,2019-04-30,M.Chinnaswamy Stadium,103,5,8,Royal Challengers Bangalore vs Rajasthan Royals,2019,2019
1178425,2019-05-01,MA Chidambaram Stadium,278,7,14,Chennai Super Kings vs Delhi Capitals,2019,2019
1178426,2019-05-02,Wankhede Stadium,341,11,13,Mumbai Indians vs Sunrisers Hyderabad,2019,2019
1178427,2019-05-03,Punjab Cricket Association IS Bindra Stadium,368,10,9,Kings XI Punjab vs Kolkata Knight Riders,2019,2019
1178428,2019-05-04,Arun Jaitley Stadium,236,14,14,Rajasthan Royals vs Delhi Capitals,2019,2019
1178429,2019-05-04,M.Chinnaswamy Stadium,353,13,13,Sunrisers Hyderabad vs Royal Challengers Bangalore,2019,2019
1178430,2019-05-05,Punjab Cricket Association IS Bindra Stadium,343,16,9,Chennai Super Kings vs Kings XI Punjab,2019,2019
1178431,2019-05-05,Wankhede Stadium,267,13,8,Kolkata Knight Riders vs Mumbai Indians,2019,2019
1181764,2019-05-07,MA Chidambaram Stadium,263,13,8,Chennai Super Kings vs Mumbai Indians,2019,2019
1181766,2019-05-08,Dr. Y.S. Rajasekhara Reddy ACA-VDCA Cricket Stadium,327,16,16,Sunrisers Hyderabad vs Delhi Capitals,2019,2019
1181767,2019-05-10,Dr. Y.S. Rajasekhara Reddy ACA-VDCA Cricket Stadium,298,19,13,Delhi Capitals vs Chennai Super Kings,2019,2019
1181768,2019-05-12,Rajiv Gandhi International Stadium,297,12,15,Mumbai Indians vs Chennai Super Kings,2019,2019
1216492,2020-09-19,Sheikh Zayed Stadium,328,9,14,Mumbai Indians vs Chennai Super Kings,2020,2020
1216493,2020-09-20,Dubai International Cricket Stadium,319,18,18,Delhi Capitals vs Kings XI Punjab,2020,2020
1216494,2020-10-21,Sheikh Zayed Stadium,169,8,10,Kolkata Knight Riders vs Royal Challengers Bangalore,2020,2020
1216495,2020-11-03,Sharjah Cricket Stadium,300,9,8,Mumbai Indians vs Sunrisers Hyderabad,2020,2020
1216496,2020-09-22,Sharjah Cricket Stadium,416,14,13,Rajasthan Royals vs Chennai Super Kings,2020,2020
1216497,2020-10-24,Sheikh Zayed Stadium,329,13,15,Kolkata Knight Riders vs Delhi Capitals,2020,2020
1216498,2020-10-24,Dubai International Cricket Stadium,240,11,17,Kings XI Punjab vs Sunrisers Hyderabad,2020,2020
1216499,2020-10-28,Sheikh Zayed Stadium,330,11,11,Royal Challengers Bangalore vs Mumbai Indians,2020,2020
1216500,2020-10-09,Sharjah Cricket Stadium,322,24,18,Delhi Capitals vs Rajasthan Royals,2020,2020
1216501,2020-10-07,Sheikh Zayed Stadium,324,14,15,Kolkata Knight Riders vs Chennai Super Kings,2020,2020
1216502,2020-10-31,Sharjah Cricket Stadium,241,17,12,Royal Challengers Bangalore vs Sunrisers Hyderabad,2020,2020
1216503,2020-10-01,Sheikh Zayed Stadium,334,13,12,Mumbai Indians vs Kings XI Punjab,2020,2020
1216504,2020-09-30,Dubai International Cricket Stadium,311,18,15,Kolkata Knight Riders vs Rajasthan Royals,2020,2020
1216505,2020-11-02,Sheikh Zayed Stadium,306,10,11,Royal Challengers Bangalore vs Delhi Capitals,2020,2020
1216506,2020-11-01,Sheikh Zayed Stadium,307,16,7,Kings XI Punjab vs Chennai Super Kings,2020,2020
1216507,2020-10-11,Dubai International Cricket Stadium,321,9,9,Sunrisers Hyderabad vs Rajasthan Royals,2020,2020
1216508,2020-09-23,Sheikh Zayed Stadium,341,19,14,Mumbai Indians vs Kolkata Knight Riders,2020,2020
1216509,2020-10-17,Sharjah Cricket Stadium,364,8,9,Chennai Super Kings vs Delhi Capitals,2020,2020
1216510,2020-09-24,Dubai International Cricket Stadium,315,20,13,Kings XI Punjab vs Royal Challengers Bangalore,2020,2020
1216511,2020-10-06,Sheikh Zayed Stadium,329,16,14,Mumbai Indians vs Rajasthan Royals,2020,2020
1216512,2020-10-18,Sheikh Zayed Stadium,331,15,13,Kolkata Knight Riders vs Sunrisers Hyderabad,2020,2020
1216513,2020-10-04,Dubai International Cricket Stadium,359,15,4,Kings XI Punjab vs Chennai Super Kings,2020,2020
1216514,2020-10-03,Sheikh Zayed Stadium,312,6,8,Rajasthan Royals vs Royal Challengers Bangalore,2020,2020
1216515,2020-10-03,Sharjah Cricket Stadium,438,15,12,Delhi Capitals vs Kolkata Knight Riders,2020,2020
1216516,2020-10-02,Dubai International Cricket Stadium,321,19,10,Sunrisers Hyderabad vs Chennai Super Kings,2020,2020
1216517,2020-10-18,Dubai International Cricket Stadium,388,13,16,Mumbai Indians vs Kings XI Punjab,2020,2020
1216518,2020-10-22,Dubai International Cricket Stadium,310,10,8,Rajasthan Royals vs Sunrisers Hyderabad,2020,2020
1216519,2020-10-05,Dubai International Cricket Stadium,333,21,13,Delhi Capitals vs Royal Challengers Bangalore,2020,2020
1216520,2020-10-26,Sharjah Cricket Stadium,299,9,11,Kolkata Knight Riders vs Kings XI Punjab,2020,2020
1216521,2020-10-23,Sharjah Cricket Stadium,230,14,9,Chennai Super Kings vs Mumbai Indians,2020,2020
1216522,2020-10-17,Dubai International Cricket Stadium,356,23,9,Rajasthan Royals vs Royal Challengers Bangalore,2020,2020
1216523,2020-10-10,Sheikh Zayed Stadium,326,11,11,Kolkata Knight Riders vs Kings XI Punjab,2020,2020
1216524,2020-10-27,Dubai International Cricket Stadium,350,20,12,Sunrisers Hyderabad vs Delhi Capitals,2020,2020
1216525,2020-10-10,Dubai International Cricket Stadium,301,17,12,Royal Challengers Bangalore vs Chennai Super Kings,2020,2020
1216526,2020-10-16,Sheikh Zayed Stadium,297,12,7,Kolkata Knight Riders vs Mumbai Indians,2020,2020
1216527,2020-09-27,Sharjah Cricket Stadium,449,18,8,Kings XI Punjab vs Rajasthan Royals,2020,2020
1216528,2020-10-13,Dubai International Cricket Stadium,314,11,14,Chennai Super Kings vs Sunrisers Hyderabad,2020,2020
1216529,2020-10-11,Sheikh Zayed Stadium,328,9,9,Delhi Capitals vs Mumbai Indians,2020,2020
1216530,2020-11-01,Dubai International Cricket Stadium,322,12,16,Kolkata Knight Riders vs Rajasthan Royals,2020,2020
1216531,2020-10-15,Sharjah Cricket Stadium,348,24,8,Royal Challengers Bangalore vs Kings XI Punjab,2020,2020
1216532,2020-09-29,Sheikh Zayed Stadium,309,18,11,Sunrisers Hyderabad vs Delhi Capitals,2020,2020
1216533,2020-10-19,Sheikh Zayed Stadium,251,12,8,Chennai Super Kings vs Rajasthan Royals,2020,2020
1216534,2020-09-21,Dubai International Cricket Stadium,316,20,15,Royal Challengers Bangalore vs Sunrisers Hyderabad,2020,2020
1216535,2020-10-31,Dubai International Cricket Stadium,221,6,10,Delhi Capitals vs Mumbai Indians,2020,2020
1216536,2020-10-29,Dubai International Cricket Stadium,350,11,9,Kolkata Knight Riders vs Chennai Super Kings,2020,2020
1216537,2020-10-30,Sheikh Zayed Stadium,371,16,7,Kings XI Punjab vs Rajasthan Royals,2020,2020
1216538,2020-10-04,Sharjah Cricket Stadium,382,19,12,Mumbai Indians vs Sunrisers Hyderabad,2020,2020
1216539,2020-09-25,Dubai International Cricket Stadium,306,13,10,Delhi Capitals vs Chennai Super Kings,2020,2020
1216540,2020-10-12,Sharjah Cricket Stadium,306,15,11,Royal Challengers Bangalore vs Kolkata Knight Riders,2020,2020
1216541,2020-10-25,Sheikh Zayed Stadium,391,20,7,Mumbai Indians vs Rajasthan Royals,2020,2020
1216542,2020-10-08,Dubai International Cricket Stadium,333,15,16,Sunrisers Hyderabad vs Kings XI Punjab,2020,2020
1216543,2020-10-14,Dubai International Cricket Stadium,309,15,15,Delhi Capitals vs Rajasthan Royals,2020,2020
1216544,2020-10-25,Dubai International Cricket Stadium,295,11,8,Royal Challengers Bangalore vs Chennai Super Kings,2020,2020
1216545,2020-09-26,Sheikh Zayed Stadium,287,14,7,Sunrisers Hyderabad vs Kolkata Knight Riders,2020,2020
1216546,2020-10-20,Dubai International Cricket Stadium,331,12,10,Delhi Capitals vs Kings XI Punjab,2020,2020
1216547,2020-09-28,Dubai International Cricket Stadium,420,16,9,Royal Challengers Bangalore vs Mumbai Indians,2020,2020
1237177,2020-11-05,Dubai International Cricket Stadium,343,10,13,Mumbai Indians vs Delhi Capitals,2020,2020
1237178,2020-11-06,Sheikh Zayed Stadium,263,14,11,Royal Challengers Bangalore vs Sunrisers Hyderabad,2020,2020
1237180,2020-11-08,Sheikh Zayed Stadium,361,14,11,Delhi Capitals vs Sunrisers Hyderabad,2020,2020
1237181,2020-11-10,Dubai International Cricket Stadium,313,8,12,Delhi Capitals vs Mumbai Indians,2020,2020
1254058,2021-04-09,"MA Chidambaram Stadium, Chepauk, Chennai",319,16,17,Mumbai Indians vs Royal Challengers Bangalore,2021,2021
1254059,2021-04-10,"Wankhede Stadium, Mumbai",378,14,10,Chennai Super Kings vs Delhi Capitals,2021,2021
1254060,2021-04-11,"MA Chidambaram Stadium, Chepauk, Chennai",364,14,11,Kolkata Knight Riders vs Sunrisers Hyderabad,2021,2021
1254061,2021-04-12,"Wankhede Stadium, Mumbai",438,15,13,Punjab Kings vs Rajasthan Royals,2021,2021
1254062,2021-04-13,"MA Chidambaram Stadium, Chepauk, Chennai",294,19,17,Mumbai Indians vs Kolkata Knight Riders,2021,2021
1254063,2021-04-14,"MA Chidambaram Stadium, Chepauk, Chennai",292,22,17,Royal Challengers Bangalore vs Sunrisers Hyderabad,2021,2021
1254064,2021-04-15,"Wankhede Stadium, Mumbai",297,8,15,Delhi Capitals vs Rajasthan Royals,2021,2021
1254065,2021-04-16,"Wankhede Stadium, Mumbai",213,11,12,Punjab Kings vs Chennai Super Kings,2021,2021
1254066,2021-04-17,"MA Chidambaram Stadium, Chepauk, Chennai",287,16,15,Mumbai Indians vs Sunrisers Hyderabad,2021,2021
1254067,2021-04-18,"MA Chidambaram Stadium, Chepauk, Chennai",370,12,12,Royal Challengers Bangalore vs Kolkata Knight Riders,2021,2021
1254068,2021-04-18,"Wankhede Stadium, Mumbai",393,19,8,Punjab Kings vs Delhi Capitals,2021,2021
1254069,2021-04-19,"Wankhede Stadium, Mumbai",331,27,18,Chennai Super Kings vs Rajasthan Royals,2021,2021
1254070,2021-04-20,"MA Chidambaram Stadium, Chepauk, Chennai",275,15,13,Mumbai Indians vs Delhi Capitals,2021,2021
1254071,2021-04-21,"MA Chidambaram Stadium, Chepauk, Chennai",241,16,11,Punjab Kings vs Sunrisers Hyderabad,2021,2021
1254072,2021-04-21,"Wankhede Stadium, Mumbai",422,27,13,Chennai Super Kings vs Kolkata Knight Riders,2021,2021
1254073,2021-04-22,"Wankhede Stadium, Mumbai",358,21,9,Rajasthan Royals vs Royal Challengers Bangalore,2021,2021
1254074,2021-04-23,"MA Chidambaram Stadium, Chepauk, Chennai",263,10,7,Mumbai Indians vs Punjab Kings,2021,2021
1254075,2021-04-24,"Wankhede Stadium, Mumbai",267,23,13,Kolkata Knight Riders vs Rajasthan Royals,2021,2021
1254076,2021-04-25,"Wankhede Stadium, Mumbai",313,14,13,Chennai Super Kings vs Royal Challengers Bangalore,2021,2021
1254077,2021-04-25,"MA Chidambaram Stadium, Chepauk, Chennai",333,17,11,Delhi Capitals vs Sunrisers Hyderabad,2021,2021
1254078,2021-04-26,"Narendra Modi Stadium, Ahmedabad",249,12,14,Punjab Kings vs Kolkata Knight Riders,2021,2021
1254079,2021-04-27,"Narendra Modi Stadium, Ahmedabad",341,8,9,Royal Challengers Bangalore vs Delhi Capitals,2021,2021
1254080,2021-04-28,"Arun Jaitley Stadium, Delhi",344,11,6,Sunrisers Hyderabad vs Chennai Super Kings,2021,2021
1254081,2021-04-29,"Arun Jaitley Stadium, Delhi",343,23,7,Rajasthan Royals vs Mumbai Indians,2021,2021
1254082,2021-04-29,"Narendra Modi Stadium, Ahmedabad",310,13,9,Kolkata Knight Riders vs Delhi Capitals,2021,2021
1254083,2021-04-30,"Narendra Modi Stadium, Ahmedabad",324,16,13,Punjab Kings vs Royal Challengers Bangalore,2021,2021
1254084,2021-05-01,"Arun Jaitley Stadium, Delhi",437,18,10,Chennai Super Kings vs Mumbai Indians,2021,2021
1254085,2021-05-02,"Arun Jaitley Stadium, Delhi",385,22,11,Rajasthan Royals vs Sunrisers Hyderabad,2021,2021
1254086,2021-05-02,"Narendra Modi Stadium, Ahmedabad",333,10,9,Punjab Kings vs Delhi Capitals,2021,2021
1254087,2021-09-20,"Zayed Cricket Stadium, Abu Dhabi",186,11,11,Royal Challengers Bangalore vs Kolkata Knight Riders,2021,2021
1254088,2021-10-08,"Zayed Cricket Stadium, Abu Dhabi",428,21,17,Mumbai Indians vs Sunrisers Hyderabad,2021,2021
1254089,2021-10-02,"Zayed Cricket Stadium, Abu Dhabi",379,12,7,Chennai Super Kings vs Rajasthan Royals,2021,2021
1254090,2021-10-03,Sharjah Cricket Stadium,322,18,13,Royal Challengers Bangalore vs Punjab Kings,2021,2021
1254091,2021-09-30,Sharjah Cricket Stadium,273,13,11,Sunrisers Hyderabad vs Chennai Super Kings,2021,2021
1254092,2021-09-28,Sharjah Cricket Stadium,257,11,16,Delhi Capitals vs Kolkata Knight Riders,2021,2021
1254093,2021-10-05,Sharjah Cricket Stadium,184,7,11,Rajasthan Royals vs Mumbai Indians,2021,2021
1254094,2021-10-07,Dubai International Cricket Stadium,273,14,10,Chennai Super Kings vs Punjab Kings,2021,2021
1254095,2021-10-06,"Zayed Cricket Stadium, Abu Dhabi",278,7,13,Sunrisers Hyderabad vs Royal Challengers Bangalore,2021,2021
1254096,2021-09-23,"Zayed Cricket Stadium, Abu Dhabi",314,16,9,Mumbai Indians vs Kolkata Knight Riders,2021,2021
1254097,2021-09-25,"Zayed Cricket Stadium, Abu Dhabi",275,15,12,Delhi Capitals vs Rajasthan Royals,2021,2021
1254098,2021-09-26,"Zayed Cricket Stadium, Abu Dhabi",343,13,14,Kolkata Knight Riders vs Chennai Super Kings,2021,2021
1254099,2021-09-28,"Zayed Cricket Stadium, Abu Dhabi",272,8,10,Punjab Kings vs Mumbai Indians,2021,2021
1254100,2021-09-27,Dubai International Cricket Stadium,331,24,8,Rajasthan Royals vs Sunrisers Hyderabad,2021,2021
1254101,2021-10-08,Dubai International Cricket Stadium,330,16,8,Delhi Capitals vs Royal Challengers Bangalore,2021,2021
1254102,2021-10-01,Dubai International Cricket Stadium,333,14,12,Kolkata Knight Riders vs Punjab Kings,2021,2021
1254103,2021-09-29,Dubai International Cricket Stadium,302,12,12,Rajasthan Royals vs Royal Challengers Bangalore,2021,2021
1254104,2021-09-19,Dubai International Cricket Stadium,292,15,15,Chennai Super Kings vs Mumbai Indians,2021,2021
1254105,2021-09-22,Dubai International Cricket Stadium,273,17,11,Sunrisers Hyderabad vs Delhi Capitals,2021,2021
1254106,2021-10-07,Sharjah Cricket Stadium,256,18,14,Kolkata Knight Riders vs Rajasthan Royals,2021,2021
1254107,2021-09-25,Sharjah Cricket Stadium,245,14,14,Punjab Kings vs Sunrisers Hyderabad,2021,2021
1254108,2021-09-26,Dubai International Cricket Stadium,276,18,16,Royal Challengers Bangalore vs Mumbai Indians,2021,2021
1254109,2021-10-03,Dubai International Cricket Stadium,234,5,12,Sunrisers Hyderabad vs Kolkata Knight Riders,2021,2021
1254110,2021-10-04,Dubai International Cricket Stadium,275,23,12,Chennai Super Kings vs Delhi Capitals,2021,2021
1254111,2021-09-21,Dubai International Cricket Stadium,368,18,14,Rajasthan Royals vs Punjab Kings,2021,2021
1254112,2021-10-02,Sharjah Cricket Stadium,261,12,14,Mumbai Indians vs Delhi Capitals,2021,2021
1254113,2021-09-24,Sharjah Cricket Stadium,313,10,10,Royal Challengers Bangalore vs Chennai Super Kings,2021,2021
1254114,2021-10-10,Dubai International Cricket Stadium,345,10,11,Delhi Capitals vs Chennai Super Kings,2021,2021
1254115,2021-10-11,Sharjah Cricket Stadium,277,18,13,Royal Challengers Bangalore vs Kolkata Knight Riders,2021,2021
1254116,2021-10-13,Sharjah Cricket Stadium,271,16,12,Delhi Capitals vs Kolkata Knight Riders,2021,2021
1254117,2021-10-15,Dubai International Cricket Stadium,357,15,12,Chennai Super Kings vs Kolkata Knight Riders,2021,2021
1304047,2022-03-26,"Wankhede Stadium, Mumbai",264,10,9,Chennai Super Kings vs Kolkata Knight Riders,2022,2022
1304048,2022-03-27,"Brabourne Stadium, Mumbai",356,14,11,Mumbai Indians vs Delhi Capitals,2022,2022
1304049,2022-03-27,"Dr DY Patil Sports Academy, Mumbai",413,45,7,Royal Challengers Bangalore vs Punjab Kings,2022,2022
1304050,2022-03-28,"Wankhede Stadium, Mumbai",319,13,11,Lucknow Super Giants vs Gujarat Titans,2022,2022
1304051,2022-03-29,"Maharashtra Cricket Association Stadium, Pune",359,24,13,Rajasthan Royals vs Sunrisers Hyderabad,2022,2022
1304052,2022-03-30,"Dr DY Patil Sports Academy, Mumbai",260,20,17,Kolkata Knight Riders vs Royal Challengers Bangalore,2022,2022
1304053,2022-03-31,"Brabourne Stadium, Mumbai",421,32,11,Chennai Super Kings vs Lucknow Super Giants,2022,2022
1304054,2022-04-01,"Wankhede Stadium, Mumbai",278,17,14,Punjab Kings vs Kolkata Knight Riders,2022,2022
1304055,2022-04-02,"Dr DY Patil Sports Academy, Mumbai",363,22,16,Rajasthan Royals vs Mumbai Indians,2022,2022
1304056,2022-04-02,"Maharashtra Cricket Association Stadium, Pune",328,18,15,Gujarat Titans vs Delhi Capitals,2022,2022
1304057,2022-04-03,"Brabourne Stadium, Mumbai",306,18,18,Punjab Kings vs Chennai Super Kings,2022,2022
1304058,2022-04-04,"Dr DY Patil Sports Academy, Mumbai",326,14,16,Lucknow Super Giants vs Sunrisers Hyderabad,2022,2022
1304059,2022-04-05,"Wankhede Stadium, Mumbai",342,18,9,Rajasthan Royals vs Royal Challengers Bangalore,2022,2022
1304060,2022-04-06,"Maharashtra Cricket Association Stadium, Pune",323,6,9,Mumbai Indians vs Kolkata Knight Riders,2022,2022
1304061,2022-04-07,"Dr DY Patil Sports Academy, Mumbai",304,12,7,Delhi Capitals vs Lucknow Super Giants,2022,2022
1304062,2022-04-08,"Brabourne Stadium, Mumbai",379,11,13,Punjab Kings vs Gujarat Titans,2022,2022
1304063,2022-04-09,"Dr DY Patil Sports Academy, Mumbai",309,9,9,Chennai Super Kings vs Sunrisers Hyderabad,2022,2022
1304064,2022-04-09,"Maharashtra Cricket Association Stadium, Pune",303,11,9,Mumbai Indians vs Royal Challengers Bangalore,2022,2022
1304065,2022-04-10,"Brabourne Stadium, Mumbai",386,22,15,Delhi Capitals vs Kolkata Knight Riders,2022,2022
1304066,2022-04-10,"Wankhede Stadium, Mumbai",327,14,14,Rajasthan Royals vs Lucknow Super Giants,2022,2022
1304067,2022-04-11,"Dr DY Patil Sports Academy, Mumbai",330,28,10,Gujarat Titans vs Sunrisers Hyderabad,2022,2022
1304068,2022-04-12,"Dr DY Patil Sports Academy, Mumbai",409,22,13,Chennai Super Kings vs Royal Challengers Bangalore,2022,2022
1304069,2022-04-13,"Maharashtra Cricket Association Stadium, Pune",384,21,14,Punjab Kings vs Mumbai Indians,2022,2022
1304070,2022-04-14,"Dr DY Patil Sports Academy, Mumbai",347,7,13,Gujarat Titans vs Rajasthan Royals,2022,2022
1304071,2022-04-15,"Brabourne Stadium, Mumbai",351,21,11,Kolkata Knight Riders vs Sunrisers Hyderabad,2022,2022
1304072,2022-04-16,"Brabourne Stadium, Mumbai",380,23,13,Lucknow Super Giants vs Mumbai Indians,2022,2022
1304073,2022-04-16,"Wankhede Stadium, Mumbai",362,15,12,Royal Challengers Bangalore vs Delhi Capitals,2022,2022
1304074,2022-04-17,"Dr DY Patil Sports Academy, Mumbai",303,15,13,Punjab Kings vs Sunrisers Hyderabad,2022,2022
1304075,2022-04-17,"Maharashtra Cricket Association Stadium, Pune",339,12,12,Chennai Super Kings vs Gujarat Titans,2022,2022
1304076,2022-04-18,"Brabourne Stadium, Mumbai",427,29,15,Rajasthan Royals vs Kolkata Knight Riders,2022,2022
1304077,2022-04-19,"Dr DY Patil Sports Academy, Mumbai",344,24,14,Royal Challengers Bangalore vs Lucknow Super Giants,2022,2022
1304078,2022-04-20,"Brabourne Stadium, Mumbai",234,8,11,Punjab Kings vs Delhi Capitals,2022,2022
1304079,2022-04-21,"Dr DY Patil Sports Academy, Mumbai",311,13,14,Mumbai Indians vs Chennai Super Kings,2022,2022
1304080,2022-04-22,"Wankhede Stadium, Mumbai",429,18,10,Rajasthan Royals vs Delhi Capitals,2022,2022
1304081,2022-04-23,"Dr DY Patil Sports Academy, Mumbai",304,17,17,Gujarat Titans vs Kolkata Knight Riders,2022,2022
1304082,2022-04-23,"Brabourne Stadium, Mumbai",140,14,11,Royal Challengers Bangalore vs Sunrisers Hyderabad,2022,2022
1304083,2022-04-24,"Wankhede Stadium, Mumbai",300,22,14,Lucknow Super Giants vs Mumbai Indians,2022,2022
1304084,2022-04-25,"Wankhede Stadium, Mumbai",363,30,10,Punjab Kings vs Chennai Super Kings,2022,2022
1304085,2022-04-26,"Maharashtra Cricket Association Stadium, Pune",259,14,18,Rajasthan Royals vs Royal Challengers Bangalore,2022,2022
1304086,2022-04-27,"Wankhede Stadium, Mumbai",394,25,11,Sunrisers Hyderabad vs Gujarat Titans,2022,2022
1304087,2022-04-28,"Wankhede Stadium, Mumbai",296,15,15,Kolkata Knight Riders vs Delhi Capitals,2022,2022
1304088,2022-04-29,"Maharashtra Cricket Association Stadium, Pune",286,27,16,Lucknow Super Giants vs Punjab Kings,2022,2022
1304089,2022-04-30,"Brabourne Stadium, Mumbai",344,16,10,Royal Challengers Bangalore vs Gujarat Titans,2022,2022
1304090,2022-04-30,"Dr DY Patil Sports Academy, Mumbai",319,23,11,Rajasthan Royals vs Mumbai Indians,2022,2022
1304091,2022-05-01,"Wankhede Stadium, Mumbai",384,20,10,Lucknow Super Giants vs Delhi Capitals,2022,2022
1304092,2022-05-01,"Maharashtra Cricket Association Stadium, Pune",391,14,8,Chennai Super Kings vs Sunrisers Hyderabad,2022,2022
1304093,2022-05-02,"Wankhede Stadium, Mumbai",310,24,8,Rajasthan Royals vs Kolkata Knight Riders,2022,2022
1304094,2022-05-03,"Dr DY Patil Sports Academy, Mumbai",288,26,10,Gujarat Titans vs Punjab Kings,2022,2022
1304095,2022-05-04,"Maharashtra Cricket Association Stadium, Pune",333,16,16,Royal Challengers Bangalore vs Chennai Super Kings,2022,2022
1304096,2022-05-05,"Brabourne Stadium, Mumbai",393,23,11,Delhi Capitals vs Sunrisers Hyderabad,2022,2022
1304097,2022-05-06,"Brabourne Stadium, Mumbai",349,11,11,Mumbai Indians vs Gujarat Titans,2022,2022
1304098,2022-05-07,"Wankhede Stadium, Mumbai",379,21,9,Punjab Kings vs Rajasthan Royals,2022,2022
1304099,2022-05-07,"Maharashtra Cricket Association Stadium, Pune",277,7,17,Lucknow Super Giants vs Kolkata Knight Riders,2022,2022
1304100,2022-05-08,"Wankhede Stadium, Mumbai",317,15,13,Royal Challengers Bangalore vs Sunrisers Hyderabad,2022,2022
1304101,2022-05-08,"Dr DY Patil Sports Academy, Mumbai",325,16,16,Chennai Super Kings vs Delhi Capitals,2022,2022
1304102,2022-05-09,"Dr DY Patil Sports Academy, Mumbai",278,21,19,Kolkata Knight Riders vs Mumbai Indians,2022,2022
1304103,2022-05-10,"Maharashtra Cricket Association Stadium, Pune",226,10,14,Gujarat Titans vs Lucknow Super Giants,2022,2022
1304104,2022-05-11,"Dr DY Patil Sports Academy, Mumbai",321,13,8,Rajasthan Royals vs Delhi Capitals,2022,2022
1304105,2022-05-12,"Wankhede Stadium, Mumbai",200,25,15,Chennai Super Kings vs Mumbai Indians,2022,2022
1304106,2022-05-13,"Brabourne Stadium, Mumbai",364,17,18,Punjab Kings vs Royal Challengers Bangalore,2022,2022
1304107,2022-05-14,"Maharashtra Cricket Association Stadium, Pune",300,15,14,Kolkata Knight Riders vs Sunrisers Hyderabad,2022,2022
1304108,2022-05-15,"Wankhede Stadium, Mumbai",270,17,8,Chennai Super Kings vs Gujarat Titans,2022,2022
1304109,2022-05-15,"Brabourne Stadium, Mumbai",332,19,14,Rajasthan Royals vs Lucknow Super Giants,2022,2022
1304110,2022-05-16,"Dr DY Patil Sports Academy, Mumbai",301,15,16,Delhi Capitals vs Punjab Kings,2022,2022
1304111,2022-05-17,"Wankhede Stadium, Mumbai",383,23,13,Sunrisers Hyderabad vs Mumbai Indians,2022,2022
1304112,2022-05-18,"Dr DY Patil Sports Academy, Mumbai",418,12,8,Lucknow Super Giants vs Kolkata Knight Riders,2022,2022
1304113,2022-05-19,"Wankhede Stadium, Mumbai",338,14,7,Gujarat Titans vs Royal Challengers Bangalore,2022,2022
1304114,2022-05-20,"Brabourne Stadium, Mumbai",301,21,11,Chennai Super Kings vs Rajasthan Royals,2022,2022
1304115,2022-05-21,"Wankhede Stadium, Mumbai",319,19,12,Delhi Capitals vs Mumbai Indians,2022,2022
1304116,2022-05-22,"Wankhede Stadium, Mumbai",317,18,13,Sunrisers Hyderabad vs Punjab Kings,2022,2022
1312197,2022-05-24,"Eden Gardens, Kolkata",379,24,9,Rajasthan Royals vs Gujarat Titans,2022,2022
1312198,2022-05-25,"Eden Gardens, Kolkata",400,32,10,Royal Challengers Bangalore vs Lucknow Super Giants,2022,2022
1312199,2022-05-27,"Narendra Modi Stadium, Ahmedabad",318,15,11,Royal Challengers Bangalore vs Rajasthan Royals,2022,2022
1312200,2022-05-29,"Narendra Modi Stadium, Ahmedabad",263,11,12,Rajasthan Royals vs Gujarat Titans,2022,2022
1359475,2023-03-31,"Narendra Modi Stadium, Ahmedabad",360,20,12,Chennai Super Kings vs Gujarat Titans,2023,2023
1359476,2023-04-01,"Punjab Cricket Association IS Bindra Stadium, Mohali, Chandigarh",337,10,12,Punjab Kings vs Kolkata Knight Riders,2023,2023
1359477,2023-04-01,"Bharat Ratna Shri Atal Bihari Vajpayee Ekana Cricket Stadium, Lucknow",336,18,15,Lucknow Super Giants vs Delhi Capitals,2023,2023
1359478,2023-04-02,"Rajiv Gandhi International Stadium, Uppal, Hyderabad",334,15,13,Rajasthan Royals vs Sunrisers Hyderabad,2023,2023
1359479,2023-04-02,"M Chinnaswamy Stadium, Bengaluru",343,16,9,Mumbai Indians vs Royal Challengers Bangalore,2023,2023
1359480,2023-04-03,"MA Chidambaram Stadium, Chepauk, Chennai",422,34,14,Chennai Super Kings vs Lucknow Super Giants,2023,2023
1359481,2023-04-04,"Arun Jaitley Stadium, Delhi",325,23,12,Delhi Capitals vs Gujarat Titans,2023,2023
1359482,2023-04-05,"Barsapara Cricket Stadium, Guwahati",389,20,12,Punjab Kings vs Rajasthan Royals,2023,2023
1359483,2023-04-06,"Eden Gardens, Kolkata",327,29,17,Kolkata Knight Riders vs Royal Challengers Bangalore,2023,2023
1359484,2023-04-07,"Bharat Ratna Shri Atal Bihari Vajpayee Ekana Cricket Stadium, Lucknow",248,21,13,Sunrisers Hyderabad vs Lucknow Super Giants,2023,2023
1359485,2023-04-08,"Barsapara Cricket Stadium, Guwahati",341,16,13,Rajasthan Royals vs Delhi Capitals,2023,2023
1359486,2023-04-08,"Wankhede Stadium, Mumbai",316,18,11,Mumbai Indians vs Chennai Super Kings,2023,2023
1359487,2023-04-09,"Narendra Modi Stadium, Ahmedabad",411,20,11,Gujarat Titans vs Kolkata Knight Riders,2023,2023
1359488,2023-04-09,"Rajiv Gandhi International Stadium, Uppal, Hyderabad",288,6,11,Punjab Kings vs Sunrisers Hyderabad,2023,2023
1359489,2023-04-10,"M Chinnaswamy Stadium, Bengaluru",425,28,11,Royal Challengers Bangalore vs Lucknow Super Giants,2023,2023
1359490,2023-04-11,"Arun Jaitley Stadium, Delhi",345,17,14,Delhi Capitals vs Mumbai Indians,2023,2023
1359491,2023-04-12,"MA Chidambaram Stadium, Chepauk, Chennai",347,20,14,Rajasthan Royals vs Chennai Super Kings,2023,2023
1359492,2023-04-13,"Punjab Cricket Association IS Bindra Stadium, Mohali, Chandigarh",307,19,12,Punjab Kings vs Gujarat Titans,2023,2023
1359493,2023-04-14,"Eden Gardens, Kolkata",433,22,11,Sunrisers Hyderabad vs Kolkata Knight Riders,2023,2023
1359494,2023-04-15,"M Chinnaswamy Stadium, Bengaluru",325,14,15,Royal Challengers Bangalore vs Delhi Capitals,2023,2023
1359495,2023-04-15,"Bharat Ratna Shri Atal Bihari Vajpayee Ekana Cricket Stadium, Lucknow",320,19,16,Lucknow Super Giants vs Punjab Kings,2023,2023
1359496,2023-04-16,"Wankhede Stadium, Mumbai",371,18,11,Kolkata Knight Riders vs Mumbai Indians,2023,2023
1359497,2023-04-16,"Narendra Modi Stadium, Ahmedabad",356,8,14,Gujarat Titans vs Rajasthan Royals,2023,2023
1359498,2023-04-17,"M Chinnaswamy Stadium, Bengaluru",444,18,14,Chennai Super Kings vs Royal Challengers Bangalore,2023,2023
1359499,2023-04-18,"Rajiv Gandhi International Stadium, Uppal, Hyderabad",370,21,15,Mumbai Indians vs Sunrisers Hyderabad,2023,2023
1359500,2023-04-19,"Sawai Mansingh Stadium, Jaipur",298,18,13,Lucknow Super Giants vs Rajasthan Royals,2023,2023
1359501,2023-04-20,"Punjab Cricket Association IS Bindra Stadium, Mohali, Chandigarh",324,17,14,Royal Challengers Bangalore vs Punjab Kings,2023,2023
1359502,2023-04-20,"Arun Jaitley Stadium, Delhi",255,19,16,Kolkata Knight Riders vs Delhi Capitals,2023,2023
1359503,2023-04-21,"MA Chidambaram Stadium, Chepauk, Chennai",272,6,10,Sunrisers Hyderabad vs Chennai Super Kings,2023,2023
1359504,2023-04-22,"Bharat Ratna Shri Atal Bihari Vajpayee Ekana Cricket Stadium, Lucknow",263,3,13,Gujarat Titans vs Lucknow Super Giants,2023,2023
1359505,2023-04-22,"Wankhede Stadium, Mumbai",415,15,14,Punjab Kings vs Mumbai Indians,2023,2023
1359506,2023-04-23,"M Chinnaswamy Stadium, Bengaluru",371,24,15,Royal Challengers Bangalore vs Rajasthan Royals,2023,2023
1359507,2023-04-23,"Eden Gardens, Kolkata",421,13,12,Chennai Super Kings vs Kolkata Knight Riders,2023,2023
1359508,2023-04-24,"Rajiv Gandhi International Stadium, Uppal, Hyderabad",281,5,15,Delhi Capitals vs Sunrisers Hyderabad,2023,2023
1359509,2023-04-25,"Narendra Modi Stadium, Ahmedabad",359,10,15,Gujarat Titans vs Mumbai Indians,2023,2023
1359510,2023-04-26,"M Chinnaswamy Stadium, Bengaluru",379,13,13,Kolkata Knight Riders vs Royal Challengers Bangalore,2023,2023
1359511,2023-04-27,"Sawai Mansingh Stadium, Jaipur",372,13,11,Rajasthan Royals vs Chennai Super Kings,2023,2023
1359512,2023-04-28,"Punjab Cricket Association IS Bindra Stadium, Mohali, Chandigarh",458,28,15,Lucknow Super Giants vs Punjab Kings,2023,2023
1359513,2023-04-29,"Eden Gardens, Kolkata",359,15,10,Kolkata Knight Riders vs Gujarat Titans,2023,2023
1359514,2023-04-29,"Arun Jaitley Stadium, Delhi",385,14,12,Sunrisers Hyderabad vs Delhi Capitals,2023,2023
1359515,2023-04-30,"MA Chidambaram Stadium, Chepauk, Chennai",401,21,10,Chennai Super Kings vs Punjab Kings,2023,2023
1359516,2023-04-30,"Wankhede Stadium, Mumbai",426,35,11,Rajasthan Royals vs Mumbai Indians,2023,2023
1359517,2023-05-01,"Bharat Ratna Shri Atal Bihari Vajpayee Ekana Cricket Stadium, Lucknow",234,9,19,Royal Challengers Bangalore vs Lucknow Super Giants,2023,2023
1359518,2023-05-02,"Narendra Modi Stadium, Ahmedabad",255,10,14,Delhi Capitals vs Gujarat Titans,2023,2023
1359519,2023-05-03,"Bharat Ratna Shri Atal Bihari Vajpayee Ekana Cricket Stadium, Lucknow",125,6,7,Lucknow Super Giants,2023,2023
1359520,2023-05-03,"Punjab Cricket Association IS Bindra Stadium, Mohali, Chandigarh",430,24,7,Punjab Kings vs Mumbai Indians,2023,2023
1359521,2023-05-04,"Rajiv Gandhi International Stadium, Uppal, Hyderabad",337,22,17,Kolkata Knight Riders vs Sunrisers Hyderabad,2023,2023
1359522,2023-05-05,"Sawai Mansingh Stadium, Jaipur",237,11,11,Rajasthan Royals vs Gujarat Titans,2023,2023
1359523,2023-05-06,"MA Chidambaram Stadium, Chepauk, Chennai",279,13,12,Mumbai Indians vs Chennai Super Kings,2023,2023
1359524,2023-05-06,"Arun Jaitley Stadium, Delhi",368,17,7,Royal Challengers Bangalore vs Delhi Capitals,2023,2023
1359525,2023-05-07,"Narendra Modi Stadium, Ahmedabad",398,14,9,Gujarat Titans vs Lucknow Super Giants,2023,2023
1359526,2023-05-07,"Sawai Mansingh Stadium, Jaipur",431,16,8,Rajasthan Royals vs Sunrisers Hyderabad,2023,2023
1359527,2023-05-08,"Eden Gardens, Kolkata",361,17,12,Punjab Kings vs Kolkata Knight Riders,2023,2023
1359528,2023-05-09,"Wankhede Stadium, Mumbai",399,18,10,Royal Challengers Bangalore vs Mumbai Indians,2023,2023
1359529,2023-05-10,"MA Chidambaram Stadium, Chepauk, Chennai",307,26,16,Chennai Super Kings vs Delhi Capitals,2023,2023
1359530,2023-05-11,"Eden Gardens, Kolkata",300,8,9,Kolkata Knight Riders vs Rajasthan Royals,2023,2023
1359531,2023-05-12,"Wankhede Stadium, Mumbai",409,8,13,Mumbai Indians vs Gujarat Titans,2023,2023
1359532,2023-05-13,"Rajiv Gandhi International Stadium, Uppal, Hyderabad",367,11,9,Sunrisers Hyderabad vs Lucknow Super Giants,2023,2023
1359533,2023-05-13,"Arun Jaitley Stadium, Delhi",303,17,15,Punjab Kings vs Delhi Capitals,2023,2023
1359534,2023-05-14,"Sawai Mansingh Stadium, Jaipur",230,8,15,Royal Challengers Bangalore vs Rajasthan Royals,2023,2023
1359535,2023-05-14,"MA Chidambaram Stadium, Chepauk, Chennai",291,18,10,Chennai Super Kings vs Kolkata Knight Riders,2023,2023
1359536,2023-05-15,"Narendra Modi Stadium, Ahmedabad",342,22,18,Gujarat Titans vs Sunrisers Hyderabad,2023,2023
1359537,2023-05-16,"Bharat Ratna Shri Atal Bihari Vajpayee Ekana Cricket Stadium, Lucknow",349,25,9,Lucknow Super Giants vs Mumbai Indians,2023,2023
1359538,2023-05-17,"Himachal Pradesh Cricket Association Stadium, Dharamsala",411,15,10,Delhi Capitals vs Punjab Kings,2023,2023
1359539,2023-05-18,"Rajiv Gandhi International Stadium, Uppal, Hyderabad",373,13,7,Sunrisers Hyderabad vs Royal Challengers Bangalore,2023,2023
1359540,2023-05-19,"Himachal Pradesh Cricket Association Stadium, Dharamsala",376,15,11,Punjab Kings vs Rajasthan Royals,2023,2023
1359541,2023-05-20,"Arun Jaitley Stadium, Delhi",369,21,12,Chennai Super Kings vs Delhi Capitals,2023,2023
1359542,2023-05-20,"Eden Gardens, Kolkata",351,21,15,Lucknow Super Giants vs Kolkata Knight Riders,2023,2023
1359543,2023-05-21,"Wankhede Stadium, Mumbai",401,18,7,Sunrisers Hyderabad vs Mumbai Indians,2023,2023
1359544,2023-05-21,"M Chinnaswamy Stadium, Bengaluru",395,26,9,Royal Challengers Bangalore vs Gujarat Titans,2023,2023
1370350,2023-05-23,"MA Chidambaram Stadium, Chepauk, Chennai",329,20,17,Chennai Super Kings vs Gujarat Titans,2023,2023
1370351,2023-05-24,"MA Chidambaram Stadium, Chepauk, Chennai",283,26,18,Mumbai Indians vs Lucknow Super Giants,2023,2023
1370352,2023-05-26,"Narendra Modi Stadium, Ahmedabad",404,17,13,Gujarat Titans vs Mumbai Indians,2023,2023
1370353,2023-05-29,"Narendra Modi Stadium, Ahmedabad",385,9,9,Gujarat Titans vs Chennai Super Kings,2023,2023
1422119,2024-03-22,"MA Chidambaram Stadium, Chepauk, Chennai",349,29,10,Royal Challengers Bengaluru vs Chennai Super Kings,2024,2024
1422120,2024-03-23,"Maharaja Yadavindra Singh International Cricket Stadium, Mullanpur",351,18,15,Delhi Capitals vs Punjab Kings,2024,2024
1422121,2024-03-23,"Eden Gardens, Kolkata",412,15,14,Kolkata Knight Riders vs Sunrisers Hyderabad,2024,2024
1422122,2024-03-24,"Sawai Mansingh Stadium, Jaipur",366,22,10,Rajasthan Royals vs Lucknow Super Giants,2024,2024
1422123,2024-03-24,"Narendra Modi Stadium, Ahmedabad",330,15,15,Gujarat Titans vs Mumbai Indians,2024,2024
1422124,2024-03-25,"M Chinnaswamy Stadium, Bengaluru",354,26,12,Punjab Kings vs Royal Challengers Bengaluru,2024,2024
1422125,2024-03-26,"MA Chidambaram Stadium, Chepauk, Chennai",349,17,14,Chennai Super Kings vs Gujarat Titans,2024,2024
1422126,2024-03-27,"Rajiv Gandhi International Stadium, Uppal, Hyderabad",523,30,8,Sunrisers Hyderabad vs Mumbai Indians,2024,2024
1422127,2024-03-28,"Sawai Mansingh Stadium, Jaipur",358,12,10,Rajasthan Royals vs Delhi Capitals,2024,2024
1422128,2024-03-29,"M Chinnaswamy Stadium, Bengaluru",368,19,9,Royal Challengers Bengaluru vs Kolkata Knight Riders,2024,2024
1422129,2024-03-30,"Bharat Ratna Shri Atal Bihari Vajpayee Ekana Cricket Stadium, Lucknow",377,11,13,Lucknow Super Giants vs Punjab Kings,2024,2024
1422130,2024-03-31,"Narendra Modi Stadium, Ahmedabad",330,8,11,Sunrisers Hyderabad vs Gujarat Titans,2024,2024
1422131,2024-03-31,"Dr. Y.S. Rajasekhara Reddy ACA-VDCA Cricket Stadium, Visakhapatnam",362,24,11,Delhi Capitals vs Chennai Super Kings,2024,2024
1422132,2024-04-01,"Wankhede Stadium, Mumbai",252,21,13,Mumbai Indians vs Rajasthan Royals,2024,2024
1422133,2024-04-02,"M Chinnaswamy Stadium, Bengaluru",334,21,15,Lucknow Super Giants vs Royal Challengers Bengaluru,2024,2024
1422134,2024-04-03,"Dr. Y.S. Rajasekhara Reddy ACA-VDCA Cricket Stadium, Visakhapatnam",438,38,17,Kolkata Knight Riders vs Delhi Capitals,2024,2024
1422135,2024-04-04,"Narendra Modi Stadium, Ahmedabad",399,22,11,Gujarat Titans vs Punjab Kings,2024,2024
1422136,2024-04-05,"Rajiv Gandhi International Stadium, Uppal, Hyderabad",331,8,9,Chennai Super Kings vs Sunrisers Hyderabad,2024,2024
1422137,2024-04-06,"Sawai Mansingh Stadium, Jaipur",372,14,7,Royal Challengers Bengaluru vs Rajasthan Royals,2024,2024
1422138,2024-04-07,"Wankhede Stadium, Mumbai",439,17,13,Mumbai Indians vs Delhi Capitals,2024,2024
1422139,2024-04-07,"Bharat Ratna Shri Atal Bihari Vajpayee Ekana Cricket Stadium, Lucknow",293,17,15,Lucknow Super Giants vs Gujarat Titans,2024,2024
1426260,2024-04-08,"MA Chidambaram Stadium, Chepauk, Chennai",278,18,12,Kolkata Knight Riders vs Chennai Super Kings,2024,2024
1426261,2024-04-09,"Maharaja Yadavindra Singh International Cricket Stadium, Mullanpur",362,14,15,Sunrisers Hyderabad vs Punjab Kings,2024,2024
1426262,2024-04-10,"Sawai Mansingh Stadium, Jaipur",395,18,10,Rajasthan Royals vs Gujarat Titans,2024,2024
1426263,2024-04-11,"Wankhede Stadium, Mumbai",395,13,11,Royal Challengers Bengaluru vs Mumbai Indians,2024,2024
1426264,2024-04-12,"Bharat Ratna Shri Atal Bihari Vajpayee Ekana Cricket Stadium, Lucknow",337,18,11,Lucknow Super Giants vs Delhi Capitals,2024,2024
1426265,2024-04-13,"Maharaja Yadavindra Singh International Cricket Stadium, Mullanpur",299,11,15,Punjab Kings vs Rajasthan Royals,2024,2024
1426266,2024-04-14,"Eden Gardens, Kolkata",323,30,9,Lucknow Super Giants vs Kolkata Knight Riders,2024,2024
1426267,2024-04-14,"Wankhede Stadium, Mumbai",392,15,10,Chennai Super Kings vs Mumbai Indians,2024,2024
1426268,2024-04-15,"M Chinnaswamy Stadium, Bengaluru",549,29,10,Sunrisers Hyderabad vs Royal Challengers Bengaluru,2024,2024
1426269,2024-04-16,"Eden Gardens, Kolkata",447,37,14,Kolkata Knight Riders vs Rajasthan Royals,2024,2024
1426270,2024-04-17,"Narendra Modi Stadium, Ahmedabad",181,18,14,Gujarat Titans vs Delhi Capitals,2024,2024
1426271,2024-04-18,"Maharaja Yadavindra Singh International Cricket Stadium, Mullanpur",375,32,17,Mumbai Indians vs Punjab Kings,2024,2024
1426272,2024-04-19,"Bharat Ratna Shri Atal Bihari Vajpayee Ekana Cricket Stadium, Lucknow",356,17,8,Chennai Super Kings vs Lucknow Super Giants,2024,2024
1426273,2024-04-20,"Arun Jaitley Stadium, Delhi",465,13,17,Sunrisers Hyderabad vs Delhi Capitals,2024,2024
1426274,2024-04-21,"Eden Gardens, Kolkata",443,29,16,Kolkata Knight Riders vs Royal Challengers Bengaluru,2024,2024
1426275,2024-04-21,"Maharaja Yadavindra Singh International Cricket Stadium, Mullanpur",288,7,17,Punjab Kings vs Gujarat Titans,2024,2024
1426276,2024-04-22,"Sawai Mansingh Stadium, Jaipur",362,16,10,Mumbai Indians vs Rajasthan Royals,2024,2024
1426277,2024-04-23,"MA Chidambaram Stadium, Chepauk, Chennai",423,13,8,Chennai Super Kings vs Lucknow Super Giants,2024,2024
1426278,2024-04-24,"Arun Jaitley Stadium, Delhi",444,13,12,Delhi Capitals vs Gujarat Titans,2024,2024
1426279,2024-04-25,"Rajiv Gandhi International Stadium, Uppal, Hyderabad",377,17,15,Royal Challengers Bengaluru vs Sunrisers Hyderabad,2024,2024
1426280,2024-04-26,"Eden Gardens, Kolkata",523,19,8,Kolkata Knight Riders vs Punjab Kings,2024,2024
1426281,2024-04-27,"Arun Jaitley Stadium, Delhi",504,25,13,Delhi Capitals vs Mumbai Indians,2024,2024
1426282,2024-04-27,"Bharat Ratna Shri Atal Bihari Vajpayee Ekana Cricket Stadium, Lucknow",395,22,8,Lucknow Super Giants vs Rajasthan Royals,2024,2024
1426283,2024-04-28,"Narendra Modi Stadium, Ahmedabad",406,23,4,Gujarat Titans vs Royal Challengers Bengaluru,2024,2024
1426284,2024-04-28,"MA Chidambaram Stadium, Chepauk, Chennai",346,12,13,Chennai Super Kings vs Sunrisers Hyderabad,2024,2024
1426285,2024-04-29,"Eden Gardens, Kolkata",310,17,12,Delhi Capitals vs Kolkata Knight Riders,2024,2024
1426286,2024-04-30,"Bharat Ratna Shri Atal Bihari Vajpayee Ekana Cricket Stadium, Lucknow",289,19,13,Mumbai Indians vs Lucknow Super Giants,2024,2024
1426287,2024-05-01,"MA Chidambaram Stadium, Chepauk, Chennai",325,28,10,Chennai Super Kings vs Punjab Kings,2024,2024
1426288,2024-05-02,"Rajiv Gandhi International Stadium, Uppal, Hyderabad",401,21,10,Sunrisers Hyderabad vs Rajasthan Royals,2024,2024
1426289,2024-05-03,"Wankhede Stadium, Mumbai",314,17,20,Kolkata Knight Riders vs Mumbai Indians,2024,2024
1426290,2024-05-04,"M Chinnaswamy Stadium, Bengaluru",299,9,16,Gujarat Titans vs Royal Challengers Bengaluru,2024,2024
1426291,2024-05-05,"Himachal Pradesh Cricket Association Stadium, Dharamsala",306,15,18,Chennai Super Kings vs Punjab Kings,2024,2024
1426292,2024-05-05,"Bharat Ratna Shri Atal Bihari Vajpayee Ekana Cricket Stadium, Lucknow",372,20,16,Kolkata Knight Riders vs Lucknow Super Giants,2024,2024
1426293,2024-05-06,"Wankhede Stadium, Mumbai",347,36,11,Sunrisers Hyderabad vs Mumbai Indians,2024,2024
1426294,2024-05-07,"Arun Jaitley Stadium, Delhi",422,16,16,Delhi Capitals vs Rajasthan Royals,2024,2024
1426295,2024-05-08,"Rajiv Gandhi International Stadium, Uppal, Hyderabad",332,7,4,Lucknow Super Giants vs Sunrisers Hyderabad,2024,2024
1426296,2024-05-09,"Himachal Pradesh Cricket Association Stadium, Dharamsala",422,14,17,Royal Challengers Bengaluru vs Punjab Kings,2024,2024
1426297,2024-05-10,"Narendra Modi Stadium, Ahmedabad",427,13,11,Gujarat Titans vs Chennai Super Kings,2024,2024
1426298,2024-05-11,"Eden Gardens, Kolkata",296,18,15,Kolkata Knight Riders vs Mumbai Indians,2024,2024
1426299,2024-05-12,"MA Chidambaram Stadium, Chepauk, Chennai",286,11,10,Rajasthan Royals vs Chennai Super Kings,2024,2024
1426300,2024-05-12,"M Chinnaswamy Stadium, Bengaluru",327,16,19,Royal Challengers Bengaluru vs Delhi Capitals,2024,2024
1426302,2024-05-14,"Arun Jaitley Stadium, Delhi",397,14,13,Delhi Capitals vs Lucknow Super Giants,2024,2024
1426303,2024-05-15,"Barsapara Cricket Stadium, Guwahati",289,3,14,Rajasthan Royals vs Punjab Kings,2024,2024
1426305,2024-05-17,"Wankhede Stadium, Mumbai",410,22,12,Lucknow Super Giants vs Mumbai Indians,2024,2024
1426306,2024-05-18,"M Chinnaswamy Stadium, Bengaluru",409,23,12,Royal Challengers Bengaluru vs Chennai Super Kings,2024,2024
1426307,2024-05-19,"Rajiv Gandhi International Stadium, Uppal, Hyderabad",429,27,11,Punjab Kings vs Sunrisers Hyderabad,2024,2024
1426309,2024-05-21,"Narendra Modi Stadium, Ahmedabad",323,18,12,Sunrisers Hyderabad vs Kolkata Knight Riders,2024,2024
1426310,2024-05-22,"Narendra Modi Stadium, Ahmedabad",346,10,14,Royal Challengers Bengaluru vs Rajasthan Royals,2024,2024
1426311,2024-05-24,"MA Chidambaram Stadium, Chepauk, Chennai",314,13,16,Sunrisers Hyderabad vs Rajasthan Royals,2024,2024
1426312,2024-05-26,"MA Chidambaram Stadium, Chepauk, Chennai",227,24,12,Sunrisers Hyderabad vs Kolkata Knight Riders,2024,2024
1473438,2025-03-22,"Eden Gardens, Kolkata",351,9,11,Kolkata Knight Riders vs Royal Challengers Bengaluru,2025,2025
1473439,2025-03-23,"Rajiv Gandhi International Stadium, Uppal, Hyderabad",528,31,12,Sunrisers Hyderabad vs Rajasthan Royals,2025,2025
1473440,2025-03-23,"MA Chidambaram Stadium, Chepauk, Chennai",313,15,15,Mumbai Indians vs Chennai Super Kings,2025,2025
1473441,2025-03-24,"Dr. Y.S. Rajasekhara Reddy ACA-VDCA Cricket Stadium, Visakhapatnam",420,15,17,Lucknow Super Giants vs Delhi Capitals,2025,2025
1473442,2025-03-25,"Narendra Modi Stadium, Ahmedabad",475,26,10,Punjab Kings vs Gujarat Titans,2025,2025
1473443,2025-03-26,"Barsapara Cricket Stadium, Guwahati",304,15,11,Rajasthan Royals vs Kolkata Knight Riders,2025,2025
1473444,2025-03-27,"Rajiv Gandhi International Stadium, Uppal, Hyderabad",383,21,14,Sunrisers Hyderabad vs Lucknow Super Giants,2025,2025
1473445,2025-03-28,"MA Chidambaram Stadium, Chepauk, Chennai",342,14,15,Royal Challengers Bengaluru vs Chennai Super Kings,2025,2025
1473446,2025-03-29,"Narendra Modi Stadium, Ahmedabad",356,24,14,Gujarat Titans vs Mumbai Indians,2025,2025
1473447,2025-03-30,"Dr. Y.S. Rajasekhara Reddy ACA-VDCA Cricket Stadium, Visakhapatnam",329,19,13,Sunrisers Hyderabad vs Delhi Capitals,2025,2025
1473448,2025-03-30,"Barsapara Cricket Stadium, Guwahati",358,14,15,Rajasthan Royals vs Chennai Super Kings,2025,2025
1473449,2025-03-31,"Wankhede Stadium, Mumbai",237,10,12,Kolkata Knight Riders vs Mumbai Indians,2025,2025
1473450,2025-04-01,"Bharat Ratna Shri Atal Bihari Vajpayee Ekana Cricket Stadium, Lucknow",348,12,9,Lucknow Super Giants vs Punjab Kings,2025,2025
1473451,2025-04-02,"M Chinnaswamy Stadium, Bengaluru",339,11,10,Royal Challengers Bengaluru vs Gujarat Titans,2025,2025
1473452,2025-04-03,"Eden Gardens, Kolkata",320,19,16,Kolkata Knight Riders vs Sunrisers Hyderabad,2025,2025
1473453,2025-04-04,"Bharat Ratna Shri Atal Bihari Vajpayee Ekana Cricket Stadium, Lucknow",394,16,13,Lucknow Super Giants vs Mumbai Indians,2025,2025
1473454,2025-04-05,"MA Chidambaram Stadium, Chepauk, Chennai",341,24,11,Delhi Capitals vs Chennai Super Kings,2025,2025
1473455,2025-04-05,"Maharaja Yadavindra Singh International Cricket Stadium, Mullanpur",360,27,13,Rajasthan Royals vs Punjab Kings,2025,2025
1473456,2025-04-08,"Eden Gardens, Kolkata",472,35,10,Lucknow Super Giants vs Kolkata Knight Riders,2025,2025
1473457,2025-04-06,"Rajiv Gandhi International Stadium, Uppal, Hyderabad",305,7,11,Sunrisers Hyderabad vs Gujarat Titans,2025,2025
1473458,2025-04-07,"Wankhede Stadium, Mumbai",430,15,14,Royal Challengers Bengaluru vs Mumbai Indians,2025,2025
1473459,2025-04-08,"Maharaja Yadavindra Singh International Cricket Stadium, Mullanpur",420,22,11,Punjab Kings vs Chennai Super Kings,2025,2025
1473460,2025-04-09,"Narendra Modi Stadium, Ahmedabad",376,27,16,Gujarat Titans vs Rajasthan Royals,2025,2025
1473461,2025-04-10,"M Chinnaswamy Stadium, Bengaluru",332,22,11,Royal Challengers Bengaluru vs Delhi Capitals,2025,2025
1473462,2025-04-11,"MA Chidambaram Stadium, Chepauk, Chennai",210,10,11,Chennai Super Kings vs Kolkata Knight Riders,2025,2025
1473463,2025-04-12,"Bharat Ratna Shri Atal Bihari Vajpayee Ekana Cricket Stadium, Lucknow",366,18,10,Gujarat Titans vs Lucknow Super Giants,2025,2025
1473464,2025-04-12,"Rajiv Gandhi International Stadium, Uppal, Hyderabad",492,24,8,Punjab Kings vs Sunrisers Hyderabad,2025,2025
1473465,2025-04-13,"Sawai Mansingh Stadium, Jaipur",348,13,5,Rajasthan Royals vs Royal Challengers Bengaluru,2025,2025
1473466,2025-04-13,"Arun Jaitley Stadium, Delhi",398,19,15,Mumbai Indians vs Delhi Capitals,2025,2025
1473467,2025-04-14,"Bharat Ratna Shri Atal Bihari Vajpayee Ekana Cricket Stadium, Lucknow",334,21,12,Lucknow Super Giants vs Chennai Super Kings,2025,2025
1473468,2025-04-15,"Maharaja Yadavindra Singh International Cricket Stadium, Mullanpur",206,10,20,Punjab Kings vs Kolkata Knight Riders,2025,2025
1473469,2025-04-16,"Arun Jaitley Stadium, Delhi",400,16,12,Delhi Capitals vs Rajasthan Royals,2025,2025
1473470,2025-04-17,"Wankhede Stadium, Mumbai",328,15,11,Sunrisers Hyderabad vs Mumbai Indians,2025,2025
1473471,2025-04-18,"M Chinnaswamy Stadium, Bengaluru",193,8,14,Royal Challengers Bengaluru vs Punjab Kings,2025,2025
1473472,2025-04-19,"Narendra Modi Stadium, Ahmedabad",407,22,11,Delhi Capitals vs Gujarat Titans,2025,2025
1473473,2025-04-19,"Sawai Mansingh Stadium, Jaipur",358,11,10,Lucknow Super Giants vs Rajasthan Royals,2025,2025
1473474,2025-04-20,"Maharaja Yadavindra Singh International Cricket Stadium, Mullanpur",316,6,9,Punjab Kings vs Royal Challengers Bengaluru,2025,2025
1473475,2025-04-20,"Wankhede Stadium, Mumbai",353,18,6,Chennai Super Kings vs Mumbai Indians,2025,2025
1473476,2025-04-21,"Eden Gardens, Kolkata",357,14,11,Gujarat Titans vs Kolkata Knight Riders,2025,2025
1473477,2025-04-22,"Bharat Ratna Shri Atal Bihari Vajpayee Ekana Cricket Stadium, Lucknow",320,5,8,Lucknow Super Giants vs Delhi Capitals,2025,2025
1473478,2025-04-23,"Rajiv Gandhi International Stadium, Uppal, Hyderabad",289,5,11,Sunrisers Hyderabad vs Mumbai Indians,2025,2025
1473479,2025-04-24,"M Chinnaswamy Stadium, Bengaluru",399,20,14,Royal Challengers Bengaluru vs Rajasthan Royals,2025,2025
1473480,2025-04-25,"MA Chidambaram Stadium, Chepauk, Chennai",309,22,15,Chennai Super Kings vs Sunrisers Hyderabad,2025,2025
1473481,2025-04-26,"Eden Gardens, Kolkata",208,5,4,Punjab Kings vs Kolkata Knight Riders,2025,2025
1473482,2025-04-27,"Wankhede Stadium, Mumbai",376,13,17,Mumbai Indians vs Lucknow Super Giants,2025,2025
1473483,2025-04-27,"Arun Jaitley Stadium, Delhi",327,8,12,Delhi Capitals vs Royal Challengers Bengaluru,2025,2025
1473484,2025-04-28,"Sawai Mansingh Stadium, Jaipur",421,14,6,Gujarat Titans vs Rajasthan Royals,2025,2025
1473485,2025-04-29,"Arun Jaitley Stadium, Delhi",394,25,18,Kolkata Knight Riders vs Delhi Capitals,2025,2025
1473486,2025-04-30,"MA Chidambaram Stadium, Chepauk, Chennai",384,22,16,Chennai Super Kings vs Punjab Kings,2025,2025
1473487,2025-05-01,"Sawai Mansingh Stadium, Jaipur",334,22,12,Mumbai Indians vs Rajasthan Royals,2025,2025
1473488,2025-05-02,"Narendra Modi Stadium, Ahmedabad",410,16,12,Gujarat Titans vs Sunrisers Hyderabad,2025,2025
1473489,2025-05-03,"M Chinnaswamy Stadium, Bengaluru",424,7,10,Royal Challengers Bengaluru vs Chennai Super Kings,2025,2025
1473490,2025-05-04,"Eden Gardens, Kolkata",411,16,12,Kolkata Knight Riders vs Rajasthan Royals,2025,2025
1473491,2025-05-04,"Himachal Pradesh Cricket Association Stadium, Dharamsala",435,17,12,Punjab Kings vs Lucknow Super Giants,2025,2025
1473492,2025-05-05,"Rajiv Gandhi International Stadium, Uppal, Hyderabad",133,5,7,Delhi Capitals,2025,2025
1473493,2025-05-06,"Wankhede Stadium, Mumbai",302,16,15,Mumbai Indians vs Gujarat Titans,2025,2025
1473494,2025-05-07,"Eden Gardens, Kolkata",362,11,14,Kolkata Knight Riders vs Chennai Super Kings,2025,2025
1473495,2025-05-08,"Himachal Pradesh Cricket Association Stadium, Dharamsala",122,2,1,Punjab Kings,2025,2025
1473497,2025-05-18,"Sawai Mansingh Stadium, Jaipur",428,16,12,Punjab Kings vs Rajasthan Royals,2025,2025
1473498,2025-05-18,"Arun Jaitley Stadium, Delhi",404,10,3,Delhi Capitals vs Gujarat Titans,2025,2025
1473499,2025-05-19,"Bharat Ratna Shri Atal Bihari Vajpayee Ekana Cricket Stadium, Lucknow",411,21,12,Lucknow Super Giants vs Sunrisers Hyderabad,2025,2025
1473500,2025-05-20,"Arun Jaitley Stadium, Delhi",375,24,12,Chennai Super Kings vs Rajasthan Royals,2025,2025
1473501,2025-05-21,"Wankhede Stadium, Mumbai",301,3,15,Mumbai Indians vs Delhi Capitals,2025,2025
1473502,2025-05-22,"Narendra Modi Stadium, Ahmedabad",437,18,11,Lucknow Super Giants vs Gujarat Titans,2025,2025
1473503,2025-05-23,"Bharat Ratna Shri Atal Bihari Vajpayee Ekana Cricket Stadium, Lucknow",420,23,16,Sunrisers Hyderabad vs Royal Challengers Bengaluru,2025,2025
1473504,2025-05-25,"Narendra Modi Stadium, Ahmedabad",377,24,15,Chennai Super Kings vs Gujarat Titans,2025,2025
1473505,2025-05-25,"Arun Jaitley Stadium, Delhi",446,30,13,Sunrisers Hyderabad vs Kolkata Knight Riders,2025,2025
1473506,2025-05-26,"Sawai Mansingh Stadium, Jaipur",371,22,10,Mumbai Indians vs Punjab Kings,2025,2025
1473507,2025-05-27,"Bharat Ratna Shri Atal Bihari Vajpayee Ekana Cricket Stadium, Lucknow",457,20,7,Lucknow Super Giants vs Royal Challengers Bengaluru,2025,2025
1473508,2025-05-29,"Maharaja Yadavindra Singh International Cricket Stadium, Mullanpur",207,15,12,Punjab Kings vs Royal Challengers Bengaluru,2025,2025
1473509,2025-05-30,"Maharaja Yadavindra Singh International Cricket Stadium, New Chandigarh",436,17,11,Mumbai Indians vs Gujarat Titans,2025,2025
1473510,2025-06-01,"Narendra Modi Stadium, Ahmedabad",410,13,11,Mumbai Indians vs Punjab Kings,2025,2025
1473511,2025-06-03,"Narendra Modi Stadium, Ahmedabad",374,20,16,Royal Challengers Bengaluru vs Punjab Kings,2025,2025
1485779,2025-05-24,"Sawai Mansingh Stadium, Jaipur",414,16,12,Punjab Kings vs Delhi Capitals,2025,2025
1527674,2026-03-28,"M Chinnaswamy Stadium, Bengaluru",404,24,13,Sunrisers Hyderabad vs Royal Challengers Bengaluru,2026,2026
1527675,2026-03-29,"Wankhede Stadium, Mumbai",444,16,8,Kolkata Knight Riders vs Mumbai Indians,2026,2026
1527676,2026-03-30,"Barsapara Cricket Stadium, Guwahati",255,22,12,Chennai Super Kings vs Rajasthan Royals,2026,2026
1527677,2026-03-31,"Maharaja Yadavindra Singh International Cricket Stadium, New Chandigarh",327,18,13,Gujarat Titans vs Punjab Kings,2026,2026
1527678,2026-04-01,"Bharat Ratna Shri Atal Bihari Vajpayee Ekana Cricket Stadium, Lucknow",286,34,14,Lucknow Super Giants vs Delhi Capitals,2026,2026
1527679,2026-04-02,"Eden Gardens, Kolkata",387,21,18,Sunrisers Hyderabad vs Kolkata Knight Riders,2026,2026
1527680,2026-04-03,"MA Chidambaram Stadium, Chepauk, Chennai",419,26,10,Chennai Super Kings vs Punjab Kings,2026,2026
1527681,2026-04-04,"Arun Jaitley Stadium, Delhi",326,10,10,Mumbai Indians vs Delhi Capitals,2026,2026
1527682,2026-04-04,"Narendra Modi Stadium, Ahmedabad",414,24,14,Rajasthan Royals vs Gujarat Titans,2026,2026
1527683,2026-04-05,"Rajiv Gandhi International Stadium, Uppal, Hyderabad",316,7,14,Sunrisers Hyderabad vs Lucknow Super Giants,2026,2026
1527684,2026-04-05,"M Chinnaswamy Stadium, Bengaluru",457,15,13,Royal Challengers Bengaluru vs Chennai Super Kings,2026,2026
1527685,2026-04-06,"Eden Gardens, Kolkata",25,0,2,Kolkata Knight Riders,2026,2026
1527686,2026-04-07,"Barsapara Cricket Stadium, Guwahati",273,17,12,Rajasthan Royals vs Mumbai Indians,2026,2026
1527687,2026-04-08,"Arun Jaitley Stadium, Delhi",419,14,12,Gujarat Titans vs Delhi Capitals,2026,2026
1527688,2026-04-09,"Eden Gardens, Kolkata",363,21,11,Kolkata Knight Riders vs Lucknow Super Giants,2026,2026
1527689,2026-04-10,"Barsapara Cricket Stadium, Guwahati",403,16,12,Royal Challengers Bengaluru vs Rajasthan Royals,2026,2026
1527690,2026-04-11,"Maharaja Yadavindra Singh International Cricket Stadium, New Chandigarh",442,18,10,Sunrisers Hyderabad vs Punjab Kings,2026,2026
1527691,2026-04-11,"MA Chidambaram Stadium, Chepauk, Chennai",401,18,12,Chennai Super Kings vs Delhi Capitals,2026,2026
1527692,2026-04-12,"Bharat Ratna Shri Atal Bihari Vajpayee Ekana Cricket Stadium, Lucknow",329,12,11,Lucknow Super Giants vs Gujarat Titans,2026,2026
1527693,2026-04-12,"Wankhede Stadium, Mumbai",462,25,10,Royal Challengers Bengaluru vs Mumbai Indians,2026,2026
1529264,2026-04-13,"Rajiv Gandhi International Stadium, Uppal, Hyderabad",375,19,16,Sunrisers Hyderabad vs Rajasthan Royals,2026,2026
1529265,2026-04-14,"MA Chidambaram Stadium, Chepauk, Chennai",352,22,12,Chennai Super Kings vs Kolkata Knight Riders,2026,2026
1529266,2026-04-15,"M Chinnaswamy Stadium, Bengaluru",295,12,15,Lucknow Super Giants vs Royal Challengers Bengaluru,2026,2026
1529267,2026-04-16,"Wankhede Stadium, Mumbai",393,18,9,Mumbai Indians vs Punjab Kings,2026,2026
1529268,2026-04-17,"Narendra Modi Stadium, Ahmedabad",361,20,15,Kolkata Knight Riders vs Gujarat Titans,2026,2026
1529269,2026-04-18,"M Chinnaswamy Stadium, Bengaluru",354,17,13,Royal Challengers Bengaluru vs Delhi Capitals,2026,2026
1529270,2026-04-18,"Rajiv Gandhi International Stadium, Uppal, Hyderabad",378,31,17,Sunrisers Hyderabad vs Chennai Super Kings,2026,2026
1529271,2026-04-19,"Eden Gardens, Kolkata",316,22,15,Rajasthan Royals vs Kolkata Knight Riders,2026,2026
1529272,2026-04-19,"Maharaja Yadavindra Singh International Cricket Stadium, New Chandigarh",454,18,12,Punjab Kings vs Lucknow Super Giants,2026,2026
1529273,2026-04-20,"Narendra Modi Stadium, Ahmedabad",299,14,15,Mumbai Indians vs Gujarat Titans,2026,2026
1529274,2026-04-21,"Rajiv Gandhi International Stadium, Uppal, Hyderabad",437,16,11,Sunrisers Hyderabad vs Delhi Capitals,2026,2026
1529275,2026-04-22,"Bharat Ratna Shri Atal Bihari Vajpayee Ekana Cricket Stadium, Lucknow",278,12,16,Rajasthan Royals vs Lucknow Super Giants,2026,2026
1529276,2026-04-23,"Wankhede Stadium, Mumbai",311,16,16,Chennai Super Kings vs Mumbai Indians,2026,2026
1529277,2026-04-24,"M Chinnaswamy Stadium, Bengaluru",411,11,8,Gujarat Titans vs Royal Challengers Bengaluru,2026,2026
1529278,2026-04-25,"Arun Jaitley Stadium, Delhi",529,21,6,Delhi Capitals vs Punjab Kings,2026,2026
1529279,2026-04-25,"Sawai Mansingh Stadium, Jaipur",457,25,11,Rajasthan Royals vs Sunrisers Hyderabad,2026,2026
1529280,2026-04-26,"MA Chidambaram Stadium, Chepauk, Chennai",320,14,9,Chennai Super Kings vs Gujarat Titans,2026,2026
1529281,2026-04-26,"Bharat Ratna Shri Atal Bihari Vajpayee Ekana Cricket Stadium, Lucknow",315,16,17,Kolkata Knight Riders vs Lucknow Super Giants,2026,2026
1529282,2026-04-27,"Arun Jaitley Stadium, Delhi",152,4,11,Delhi Capitals vs Royal Challengers Bengaluru,2026,2026
1529283,2026-04-28,"Maharaja Yadavindra Singh International Cricket Stadium, New Chandigarh",450,15,8,Punjab Kings vs Rajasthan Royals,2026,2026
1529284,2026-04-29,"Wankhede Stadium, Mumbai",492,20,9,Mumbai Indians vs Sunrisers Hyderabad,2026,2026
1529285,2026-04-30,"Narendra Modi Stadium, Ahmedabad",313,9,16,Royal Challengers Bengaluru vs Gujarat Titans,2026,2026
1529286,2026-05-01,"Sawai Mansingh Stadium, Jaipur",451,22,9,Rajasthan Royals vs Delhi Capitals,2026,2026
1529287,2026-05-02,"MA Chidambaram Stadium, Chepauk, Chennai",319,9,9,Mumbai Indians vs Chennai Super Kings,2026,2026
1529288,2026-05-03,"Rajiv Gandhi International Stadium, Uppal, Hyderabad",334,18,13,Sunrisers Hyderabad vs Kolkata Knight Riders,2026,2026
1529289,2026-05-03,"Narendra Modi Stadium, Ahmedabad",330,17,15,Punjab Kings vs Gujarat Titans,2026,2026
1529290,2026-05-04,"Wankhede Stadium, Mumbai",457,17,9,Lucknow Super Giants vs Mumbai Indians,2026,2026
1529291,2026-05-05,"Arun Jaitley Stadium, Delhi",314,10,9,Delhi Capitals vs Chennai Super Kings,2026,2026
1529292,2026-05-06,"Rajiv Gandhi International Stadium, Uppal, Hyderabad",437,18,11,Sunrisers Hyderabad vs Punjab Kings,2026,2026
1529293,2026-05-07,"Bharat Ratna Shri Atal Bihari Vajpayee Ekana Cricket Stadium, Lucknow",412,22,9,Lucknow Super Giants vs Royal Challengers Bengaluru,2026,2026
1529294,2026-05-08,"Arun Jaitley Stadium, Delhi",289,2,10,Delhi Capitals vs Kolkata Knight Riders,2026,2026
1529295,2026-05-09,"Sawai Mansingh Stadium, Jaipur",381,22,14,Gujarat Titans vs Rajasthan Royals,2026,2026
1529296,2026-05-10,"MA Chidambaram Stadium, Chepauk, Chennai",411,19,13,Lucknow Super Giants vs Chennai Super Kings,2026,2026
1529297,2026-05-10,"Shaheed Veer Narayan Singh International Stadium, Raipur",333,21,15,Mumbai Indians vs Royal Challengers Bengaluru,2026,2026
1529298,2026-05-11,"Himachal Pradesh Cricket Association Stadium, Dharamsala",426,35,12,Punjab Kings vs Delhi Capitals,2026,2026
1529299,2026-05-12,"Narendra Modi Stadium, Ahmedabad",254,10,15,Gujarat Titans vs Sunrisers Hyderabad,2026,2026
1529300,2026-05-13,"Shaheed Veer Narayan Singh International Stadium, Raipur",386,17,8,Kolkata Knight Riders vs Royal Challengers Bengaluru,2026,2026
1529301,2026-05-14,"Himachal Pradesh Cricket Association Stadium, Dharamsala",405,16,12,Punjab Kings vs Mumbai Indians,2026,2026
1529302,2026-05-15,"Bharat Ratna Shri Atal Bihari Vajpayee Ekana Cricket Stadium, Lucknow",375,17,8,Chennai Super Kings vs Lucknow Super Giants,2026,2026
1529303,2026-05-16,"Eden Gardens, Kolkata",465,26,6,Kolkata Knight Riders vs Gujarat Titans,2026,2026
1529304,2026-05-17,"Himachal Pradesh Cricket Association Stadium, Dharamsala",421,19,12,Royal Challengers Bengaluru vs Punjab Kings,2026,2026
1529305,2026-05-17,"Arun Jaitley Stadium, Delhi",390,24,13,Rajasthan Royals vs Delhi Capitals,2026,2026
1529306,2026-05-18,"MA Chidambaram Stadium, Chepauk, Chennai",361,15,12,Chennai Super Kings vs Sunrisers Hyderabad,2026,2026
1529307,2026-05-19,"Sawai Mansingh Stadium, Jaipur",445,26,8,Lucknow Super Giants vs Rajasthan Royals,2026,2026
1529308,2026-05-20,"Eden Gardens, Kolkata",295,15,14,Mumbai Indians vs Kolkata Knight Riders,2026,2026
1529309,2026-05-21,"Narendra Modi Stadium, Ahmedabad",369,21,14,Gujarat Titans vs Chennai Super Kings,2026,2026
1529310,2026-05-22,"Rajiv Gandhi International Stadium, Uppal, Hyderabad",455,22,8,Sunrisers Hyderabad vs Royal Challengers Bengaluru,2026,2026
1529311,2026-05-23,"Bharat Ratna Shri Atal Bihari Vajpayee Ekana Cricket Stadium, Lucknow",396,13,9,Lucknow Super Giants vs Punjab Kings,2026,2026
1529312,2026-05-24,"Wankhede Stadium, Mumbai",380,14,17,Rajasthan Royals vs Mumbai Indians,2026,2026
1529313,2026-05-24,"Eden Gardens, Kolkata",366,17,15,Delhi Capitals vs Kolkata Knight Riders,2026,2026
1535462,2026-05-26,"Himachal Pradesh Cricket Association Stadium, Dharamsala",416,15,15,Royal Challengers Bengaluru vs Gujarat Titans,2026,2026
1535463,2026-05-27,"Maharaja Yadavindra Singh International Cricket Stadium, New Chandigarh",439,22,18,Rajasthan Royals vs Sunrisers Hyderabad,2026,2026
1535464,2026-05-29,"Maharaja Yadavindra Singh International Cricket Stadium, New Chandigarh",433,21,9,Rajasthan Royals vs Gujarat Titans,2026,2026
1535465,2026-05-31,"Narendra Modi Stadium, Ahmedabad",316,7,13,Gujarat Titans vs Royal Challengers Bengaluru,2026,2026
335982,2008-04-18,M Chinnaswamy Stadium,304,36,13,Kolkata Knight Riders vs Royal Challengers Bangalore,2008,2008
335983,2008-04-19,"Punjab Cricket Association Stadium, Mohali",447,17,9,Chennai Super Kings vs Kings XI Punjab,2008,2008
335984,2008-04-19,Feroz Shah Kotla,261,17,9,Rajasthan Royals vs Delhi Daredevils,2008,2008
335985,2008-04-20,Wankhede Stadium,331,16,12,Mumbai Indians vs Royal Challengers Bangalore,2008,2008
335986,2008-04-20,Eden Gardens,222,38,15,Deccan Chargers vs Kolkata Knight Riders,2008,2008
335987,2008-04-21,Sawai Mansingh Stadium,334,16,12,Kings XI Punjab vs Rajasthan Royals,2008,2008
335988,2008-04-22,"Rajiv Gandhi International Stadium, Uppal",285,17,9,Deccan Chargers vs Delhi Daredevils,2008,2008
335989,2008-04-23,"MA Chidambaram Stadium, Chepauk",410,31,12,Chennai Super Kings vs Mumbai Indians,2008,2008
335990,2008-04-24,"Rajiv Gandhi International Stadium, Uppal",431,13,12,Deccan Chargers vs Rajasthan Royals,2008,2008
335991,2008-04-25,"Punjab Cricket Association Stadium, Mohali",298,14,19,Kings XI Punjab vs Mumbai Indians,2008,2008
335992,2008-04-26,M Chinnaswamy Stadium,273,9,11,Royal Challengers Bangalore vs Rajasthan Royals,2008,2008
335993,2008-04-26,"MA Chidambaram Stadium, Chepauk",299,26,10,Kolkata Knight Riders vs Chennai Super Kings,2008,2008
335994,2008-04-27,Dr DY Patil Sports Academy,309,20,7,Mumbai Indians vs Deccan Chargers,2008,2008
335995,2008-04-27,"Punjab Cricket Association Stadium, Mohali",320,20,14,Delhi Daredevils vs Kings XI Punjab,2008,2008
335996,2008-04-28,M Chinnaswamy Stadium,343,11,15,Chennai Super Kings vs Royal Challengers Bangalore,2008,2008
335997,2008-04-29,Eden Gardens,275,28,11,Kolkata Knight Riders vs Mumbai Indians,2008,2008
335998,2008-04-30,Feroz Shah Kotla,372,16,10,Delhi Daredevils vs Royal Challengers Bangalore,2008,2008
335999,2008-05-01,"Rajiv Gandhi International Stadium, Uppal",331,10,11,Deccan Chargers vs Kings XI Punjab,2008,2008
336000,2008-05-01,Sawai Mansingh Stadium,347,26,17,Rajasthan Royals vs Kolkata Knight Riders,2008,2008
336001,2008-05-02,"MA Chidambaram Stadium, Chepauk",341,13,8,Chennai Super Kings vs Delhi Daredevils,2008,2008
336002,2008-05-25,"Rajiv Gandhi International Stadium, Uppal",336,16,15,Deccan Chargers vs Royal Challengers Bangalore,2008,2008
336003,2008-05-03,"Punjab Cricket Association Stadium, Mohali",347,21,12,Kings XI Punjab vs Kolkata Knight Riders,2008,2008
336004,2008-05-04,Dr DY Patil Sports Academy,295,14,18,Mumbai Indians vs Delhi Daredevils,2008,2008
336005,2008-05-04,Sawai Mansingh Stadium,219,28,12,Chennai Super Kings vs Rajasthan Royals,2008,2008
336006,2008-05-05,M Chinnaswamy Stadium,253,27,14,Royal Challengers Bangalore vs Kings XI Punjab,2008,2008
336007,2008-05-06,"MA Chidambaram Stadium, Chepauk",292,15,10,Chennai Super Kings vs Deccan Chargers,2008,2008
336008,2008-05-07,Dr DY Patil Sports Academy,207,19,13,Rajasthan Royals vs Mumbai Indians,2008,2008
336009,2008-05-08,Feroz Shah Kotla,375,23,11,Delhi Daredevils vs Chennai Super Kings,2008,2008
336010,2008-05-08,Eden Gardens,253,11,11,Kolkata Knight Riders vs Royal Challengers Bangalore,2008,2008
336011,2008-05-09,Sawai Mansingh Stadium,281,17,10,Deccan Chargers vs Rajasthan Royals,2008,2008
336012,2008-05-28,M Chinnaswamy Stadium,248,24,10,Royal Challengers Bangalore vs Mumbai Indians,2008,2008
336013,2008-05-10,"MA Chidambaram Stadium, Chepauk",344,18,13,Chennai Super Kings vs Kings XI Punjab,2008,2008
336014,2008-05-11,"Rajiv Gandhi International Stadium, Uppal",385,21,11,Kolkata Knight Riders vs Deccan Chargers,2008,2008
336015,2008-05-11,Sawai Mansingh Stadium,315,28,14,Delhi Daredevils vs Rajasthan Royals,2008,2008
336016,2008-05-12,"Punjab Cricket Association Stadium, Mohali",287,24,9,Royal Challengers Bangalore vs Kings XI Punjab,2008,2008
336017,2008-05-13,Eden Gardens,243,19,16,Kolkata Knight Riders vs Delhi Daredevils,2008,2008
336018,2008-05-14,Wankhede Stadium,314,28,7,Chennai Super Kings vs Mumbai Indians,2008,2008
336019,2008-05-28,"Punjab Cricket Association Stadium, Mohali",401,9,10,Kings XI Punjab vs Rajasthan Royals,2008,2008
336020,2008-05-15,Feroz Shah Kotla,376,11,13,Delhi Daredevils vs Deccan Chargers,2008,2008
336021,2008-05-16,Wankhede Stadium,135,18,12,Kolkata Knight Riders vs Mumbai Indians,2008,2008
336022,2008-05-17,Feroz Shah Kotla,212,14,7,Delhi Daredevils vs Kings XI Punjab,2008,2008
336023,2008-05-17,Sawai Mansingh Stadium,329,32,10,Rajasthan Royals vs Royal Challengers Bangalore,2008,2008
336024,2008-05-18,"Rajiv Gandhi International Stadium, Uppal",331,28,14,Mumbai Indians vs Deccan Chargers,2008,2008
336025,2008-05-18,Eden Gardens,204,17,5,Kolkata Knight Riders vs Chennai Super Kings,2008,2008
336026,2008-05-19,M Chinnaswamy Stadium,312,21,12,Royal Challengers Bangalore vs Delhi Daredevils,2008,2008
336027,2008-05-20,Eden Gardens,297,12,12,Kolkata Knight Riders vs Rajasthan Royals,2008,2008
336028,2008-05-21,Wankhede Stadium,377,35,14,Kings XI Punjab vs Mumbai Indians,2008,2008
336029,2008-05-21,"MA Chidambaram Stadium, Chepauk",238,16,16,Royal Challengers Bangalore vs Chennai Super Kings,2008,2008
336031,2008-05-23,"Punjab Cricket Association Stadium, Mohali",353,13,8,Deccan Chargers vs Kings XI Punjab,2008,2008
336032,2008-05-24,Feroz Shah Kotla,355,12,13,Mumbai Indians vs Delhi Daredevils,2008,2008
336033,2008-05-24,"MA Chidambaram Stadium, Chepauk",412,16,12,Rajasthan Royals vs Chennai Super Kings,2008,2008
336034,2008-05-03,M Chinnaswamy Stadium,309,11,14,Royal Challengers Bangalore vs Deccan Chargers,2008,2008
336035,2008-05-25,Eden Gardens,349,20,13,Kings XI Punjab vs Kolkata Knight Riders,2008,2008
336036,2008-05-26,Sawai Mansingh Stadium,291,29,12,Mumbai Indians vs Rajasthan Royals,2008,2008
336037,2008-05-27,"Rajiv Gandhi International Stadium, Uppal",295,27,11,Deccan Chargers vs Chennai Super Kings,2008,2008
336038,2008-05-30,Wankhede Stadium,279,11,19,Rajasthan Royals vs Delhi Daredevils,2008,2008
336039,2008-05-31,Wankhede Stadium,228,8,9,Kings XI Punjab vs Chennai Super Kings,2008,2008
336040,2008-06-01,Dr DY Patil Sports Academy,327,21,12,Chennai Super Kings vs Rajasthan Royals,2008,2008
392181,2009-04-18,Newlands,311,12,14,Mumbai Indians vs Chennai Super Kings,2009,2009
392182,2009-04-18,Newlands,191,13,18,Royal Challengers Bangalore vs Rajasthan Royals,2009,2009
392183,2009-04-19,Newlands,162,13,7,Kings XI Punjab vs Delhi Daredevils,2009,2009
392184,2009-04-19,Newlands,205,7,12,Kolkata Knight Riders vs Deccan Chargers,2009,2009
392185,2009-04-20,St George's Park,266,18,15,Chennai Super Kings vs Royal Challengers Bangalore,2009,2009
392186,2009-04-21,Kingsmead,237,16,7,Kings XI Punjab vs Kolkata Knight Riders,2009,2009
392188,2009-04-22,Newlands,344,16,14,Deccan Chargers vs Royal Challengers Bangalore,2009,2009
392189,2009-04-23,Kingsmead,369,16,14,Delhi Daredevils vs Chennai Super Kings,2009,2009
392190,2009-04-23,Newlands,333,29,15,Rajasthan Royals vs Kolkata Knight Riders,2009,2009
392191,2009-04-24,Kingsmead,341,21,12,Royal Challengers Bangalore vs Kings XI Punjab,2009,2009
392192,2009-04-25,Kingsmead,324,27,16,Deccan Chargers vs Mumbai Indians,2009,2009
392194,2009-04-26,St George's Park,299,15,11,Royal Challengers Bangalore vs Delhi Daredevils,2009,2009
392195,2009-04-26,Newlands,251,23,13,Kings XI Punjab vs Rajasthan Royals,2009,2009
392196,2009-04-27,Kingsmead,334,17,10,Chennai Super Kings vs Deccan Chargers,2009,2009
392197,2009-04-27,St George's Park,282,13,15,Mumbai Indians vs Kolkata Knight Riders,2009,2009
392198,2009-04-28,SuperSport Park,290,14,12,Delhi Daredevils vs Rajasthan Royals,2009,2009
392199,2009-04-29,Kingsmead,282,18,11,Kolkata Knight Riders vs Royal Challengers Bangalore,2009,2009
392200,2009-04-29,Kingsmead,235,28,15,Kings XI Punjab vs Mumbai Indians,2009,2009
392201,2009-04-30,SuperSport Park,298,23,13,Deccan Chargers vs Delhi Daredevils,2009,2009
392202,2009-04-30,SuperSport Park,290,13,14,Chennai Super Kings vs Rajasthan Royals,2009,2009
392203,2009-05-01,Buffalo Park,287,21,12,Mumbai Indians vs Kolkata Knight Riders,2009,2009
392204,2009-05-01,Kingsmead,282,19,16,Royal Challengers Bangalore vs Kings XI Punjab,2009,2009
392205,2009-05-02,St George's Park,283,14,12,Deccan Chargers vs Rajasthan Royals,2009,2009
392206,2009-05-02,New Wanderers Stadium,308,12,18,Chennai Super Kings vs Delhi Daredevils,2009,2009
392207,2009-05-03,St George's Park,307,17,7,Kolkata Knight Riders vs Kings XI Punjab,2009,2009
392208,2009-05-03,New Wanderers Stadium,299,14,5,Mumbai Indians vs Royal Challengers Bangalore,2009,2009
392209,2009-05-04,Buffalo Park,278,17,13,Chennai Super Kings vs Deccan Chargers,2009,2009
392210,2009-05-05,Kingsmead,344,23,12,Rajasthan Royals vs Kings XI Punjab,2009,2009
392211,2009-05-05,Kingsmead,311,12,4,Kolkata Knight Riders vs Delhi Daredevils,2009,2009
392212,2009-05-06,SuperSport Park,271,12,14,Deccan Chargers vs Mumbai Indians,2009,2009
392213,2009-05-07,SuperSport Park,212,8,13,Royal Challengers Bangalore vs Rajasthan Royals,2009,2009
392214,2009-05-07,SuperSport Park,359,12,6,Chennai Super Kings vs Kings XI Punjab,2009,2009
392215,2009-05-08,Buffalo Park,234,19,13,Mumbai Indians vs Delhi Daredevils,2009,2009
392216,2009-05-09,De Beers Diamond Oval,337,16,12,Deccan Chargers vs Kings XI Punjab,2009,2009
392217,2009-05-09,De Beers Diamond Oval,281,17,10,Rajasthan Royals vs Chennai Super Kings,2009,2009
392218,2009-05-10,St George's Park,298,21,9,Mumbai Indians vs Royal Challengers Bangalore,2009,2009
392219,2009-05-10,New Wanderers Stadium,248,21,11,Kolkata Knight Riders vs Delhi Daredevils,2009,2009
392220,2009-05-11,De Beers Diamond Oval,279,6,17,Deccan Chargers vs Rajasthan Royals,2009,2009
392221,2009-05-12,SuperSport Park,349,18,8,Kolkata Knight Riders vs Royal Challengers Bangalore,2009,2009
392222,2009-05-12,SuperSport Park,241,24,11,Kings XI Punjab vs Mumbai Indians,2009,2009
392223,2009-05-13,Kingsmead,334,20,17,Delhi Daredevils vs Deccan Chargers,2009,2009
392224,2009-05-14,Kingsmead,261,12,18,Chennai Super Kings vs Royal Challengers Bangalore,2009,2009
392225,2009-05-14,Kingsmead,288,25,17,Rajasthan Royals vs Mumbai Indians,2009,2009
392226,2009-05-15,OUTsurance Oval,243,23,13,Delhi Daredevils vs Kings XI Punjab,2009,2009
392227,2009-05-16,St George's Park,298,31,8,Mumbai Indians vs Chennai Super Kings,2009,2009
392228,2009-05-16,New Wanderers Stadium,326,14,9,Kolkata Knight Riders vs Deccan Chargers,2009,2009
392229,2009-05-17,New Wanderers Stadium,267,12,15,Kings XI Punjab vs Deccan Chargers,2009,2009
392230,2009-05-17,OUTsurance Oval,286,18,12,Delhi Daredevils vs Rajasthan Royals,2009,2009
392231,2009-05-18,SuperSport Park,377,25,6,Chennai Super Kings vs Kolkata Knight Riders,2009,2009
392232,2009-05-19,New Wanderers Stadium,269,6,10,Delhi Daredevils vs Royal Challengers Bangalore,2009,2009
392233,2009-05-20,Kingsmead,203,10,15,Rajasthan Royals vs Kolkata Knight Riders,2009,2009
392234,2009-05-20,Kingsmead,208,13,17,Chennai Super Kings vs Kings XI Punjab,2009,2009
392235,2009-05-21,SuperSport Park,331,33,14,Mumbai Indians vs Delhi Daredevils,2009,2009
392236,2009-05-21,SuperSport Park,328,15,10,Royal Challengers Bangalore vs Deccan Chargers,2009,2009
392237,2009-05-22,SuperSport Park,307,16,12,Delhi Daredevils vs Deccan Chargers,2009,2009
392238,2009-05-23,New Wanderers Stadium,295,11,9,Chennai Super Kings vs Royal Challengers Bangalore,2009,2009
392239,2009-05-24,New Wanderers Stadium,280,18,15,Deccan Chargers vs Royal Challengers Bangalore,2009,2009
419106,2010-03-12,Dr DY Patil Sports Academy,311,27,11,Kolkata Knight Riders vs Deccan Chargers,2010,2010
419107,2010-03-13,Brabourne Stadium,420,21,14,Mumbai Indians vs Rajasthan Royals,2010,2010
419108,2010-03-13,"Punjab Cricket Association Stadium, Mohali",288,20,14,Kings XI Punjab vs Delhi Daredevils,2010,2010
419109,2010-03-14,Eden Gardens,271,11,10,Royal Challengers Bangalore vs Kolkata Knight Riders,2010,2010
419110,2010-03-14,"MA Chidambaram Stadium, Chepauk",349,19,13,Deccan Chargers vs Chennai Super Kings,2010,2010
419111,2010-03-15,"Sardar Patel Stadium, Motera",283,14,10,Rajasthan Royals vs Delhi Daredevils,2010,2010
419112,2010-03-16,M Chinnaswamy Stadium,407,23,5,Kings XI Punjab vs Royal Challengers Bangalore,2010,2010
419113,2010-03-16,Eden Gardens,273,11,13,Chennai Super Kings vs Kolkata Knight Riders,2010,2010
419114,2010-03-17,Feroz Shah Kotla,338,28,16,Mumbai Indians vs Delhi Daredevils,2010,2010
419115,2010-03-18,M Chinnaswamy Stadium,185,14,10,Rajasthan Royals vs Royal Challengers Bangalore,2010,2010
419116,2010-03-19,Feroz Shah Kotla,375,20,11,Delhi Daredevils vs Chennai Super Kings,2010,2010
419117,2010-03-19,Barabati Stadium,334,13,16,Deccan Chargers vs Kings XI Punjab,2010,2010
419118,2010-03-20,"Sardar Patel Stadium, Motera",302,13,12,Rajasthan Royals vs Kolkata Knight Riders,2010,2010
419119,2010-03-20,Brabourne Stadium,306,16,12,Mumbai Indians vs Royal Challengers Bangalore,2010,2010
419120,2010-03-21,Barabati Stadium,332,6,15,Deccan Chargers vs Delhi Daredevils,2010,2010
419121,2010-03-21,"MA Chidambaram Stadium, Chepauk",291,17,18,Kings XI Punjab vs Chennai Super Kings,2010,2010
419122,2010-03-22,Brabourne Stadium,311,19,6,Kolkata Knight Riders vs Mumbai Indians,2010,2010
419123,2010-03-23,M Chinnaswamy Stadium,306,25,12,Royal Challengers Bangalore vs Chennai Super Kings,2010,2010
419124,2010-03-24,"Punjab Cricket Association Stadium, Mohali",335,16,15,Rajasthan Royals vs Kings XI Punjab,2010,2010
419125,2010-03-25,"Brabourne Stadium, Mumbai",361,28,7,Chennai Super Kings vs Mumbai Indians,2010,2010
419126,2010-03-26,"Sardar Patel Stadium, Motera",299,22,11,Deccan Chargers vs Rajasthan Royals,2010,2010
419127,2010-03-27,"Punjab Cricket Association Stadium, Mohali",327,24,11,Kolkata Knight Riders vs Kings XI Punjab,2010,2010
419128,2010-03-25,M Chinnaswamy Stadium,349,24,13,Delhi Daredevils vs Royal Challengers Bangalore,2010,2010
419129,2010-03-28,"Sardar Patel Stadium, Motera",337,9,14,Rajasthan Royals vs Chennai Super Kings,2010,2010
419130,2010-03-28,Dr DY Patil Sports Academy,303,21,17,Mumbai Indians vs Deccan Chargers,2010,2010
419131,2010-03-29,Feroz Shah Kotla,314,15,13,Delhi Daredevils vs Kolkata Knight Riders,2010,2010
419132,2010-03-30,Brabourne Stadium,327,38,16,Kings XI Punjab vs Mumbai Indians,2010,2010
419133,2010-03-31,"MA Chidambaram Stadium, Chepauk",323,15,9,Royal Challengers Bangalore vs Chennai Super Kings,2010,2010
419134,2010-03-31,Feroz Shah Kotla,309,16,16,Delhi Daredevils vs Rajasthan Royals,2010,2010
419135,2010-04-01,Eden Gardens,338,21,11,Kolkata Knight Riders vs Deccan Chargers,2010,2010
419136,2010-04-02,"Punjab Cricket Association Stadium, Mohali",365,21,9,Kings XI Punjab vs Royal Challengers Bangalore,2010,2010
419137,2010-04-03,"MA Chidambaram Stadium, Chepauk",469,21,10,Chennai Super Kings vs Rajasthan Royals,2010,2010
419138,2010-04-03,Brabourne Stadium,293,14,15,Mumbai Indians vs Deccan Chargers,2010,2010
419139,2010-04-04,Eden Gardens,404,18,5,Kolkata Knight Riders vs Kings XI Punjab,2010,2010
419140,2010-04-04,Feroz Shah Kotla,331,10,14,Delhi Daredevils vs Royal Challengers Bangalore,2010,2010
419141,2010-04-05,"Vidarbha Cricket Association Stadium, Jamtha",316,22,20,Rajasthan Royals vs Deccan Chargers,2010,2010
419142,2010-04-06,"MA Chidambaram Stadium, Chepauk",306,32,13,Chennai Super Kings vs Mumbai Indians,2010,2010
419143,2010-04-07,Sawai Mansingh Stadium,310,18,7,Kings XI Punjab vs Rajasthan Royals,2010,2010
419144,2010-04-07,Eden Gardens,348,16,11,Kolkata Knight Riders vs Delhi Daredevils,2010,2010
419145,2010-04-08,M Chinnaswamy Stadium,370,23,9,Royal Challengers Bangalore vs Deccan Chargers,2010,2010
419146,2010-04-09,"Punjab Cricket Association Stadium, Mohali",312,8,13,Mumbai Indians vs Kings XI Punjab,2010,2010
419147,2010-04-10,"Vidarbha Cricket Association Stadium, Jamtha",277,16,12,Chennai Super Kings vs Deccan Chargers,2010,2010
419148,2010-04-10,M Chinnaswamy Stadium,322,22,12,Kolkata Knight Riders vs Royal Challengers Bangalore,2010,2010
419149,2010-04-11,Feroz Shah Kotla,223,24,13,Delhi Daredevils vs Kings XI Punjab,2010,2010
419150,2010-04-11,Sawai Mansingh Stadium,311,20,13,Mumbai Indians vs Rajasthan Royals,2010,2010
419151,2010-04-12,"Vidarbha Cricket Association Stadium, Jamtha",289,22,16,Deccan Chargers vs Royal Challengers Bangalore,2010,2010
419152,2010-04-13,Brabourne Stadium,327,18,11,Mumbai Indians vs Delhi Daredevils,2010,2010
419153,2010-04-13,"MA Chidambaram Stadium, Chepauk",282,35,9,Kolkata Knight Riders vs Chennai Super Kings,2010,2010
419154,2010-04-14,Sawai Mansingh Stadium,262,9,11,Rajasthan Royals vs Royal Challengers Bangalore,2010,2010
419155,2010-04-15,"MA Chidambaram Stadium, Chepauk",225,21,13,Chennai Super Kings vs Delhi Daredevils,2010,2010
419156,2010-04-16,Himachal Pradesh Cricket Association Stadium,352,21,8,Kings XI Punjab vs Deccan Chargers,2010,2010
419157,2010-04-17,M Chinnaswamy Stadium,325,20,13,Mumbai Indians vs Royal Challengers Bangalore,2010,2010
419158,2010-04-17,Eden Gardens,265,10,11,Rajasthan Royals vs Kolkata Knight Riders,2010,2010
419159,2010-04-18,Himachal Pradesh Cricket Association Stadium,387,15,7,Kings XI Punjab vs Chennai Super Kings,2010,2010
419160,2010-04-18,Feroz Shah Kotla,279,8,14,Deccan Chargers vs Delhi Daredevils,2010,2010
419161,2010-04-19,Eden Gardens,268,22,9,Mumbai Indians vs Kolkata Knight Riders,2010,2010
419162,2010-04-21,Dr DY Patil Sports Academy,333,23,14,Mumbai Indians vs Royal Challengers Bangalore,2010,2010
419163,2010-04-22,Dr DY Patil Sports Academy,246,24,17,Chennai Super Kings vs Deccan Chargers,2010,2010
419164,2010-04-24,Dr DY Patil Sports Academy,168,7,11,Deccan Chargers vs Royal Challengers Bangalore,2010,2010
419165,2010-04-25,Dr DY Patil Sports Academy,314,23,14,Chennai Super Kings vs Mumbai Indians,2010,2010
501198,2011-04-08,"MA Chidambaram Stadium, Chepauk",304,11,11,Chennai Super Kings vs Kolkata Knight Riders,2011,2011
501199,2011-04-09,"Rajiv Gandhi International Stadium, Uppal",278,9,10,Deccan Chargers vs Rajasthan Royals,2011,2011
501200,2011-04-09,Nehru Stadium,323,24,9,Kochi Tuskers Kerala vs Royal Challengers Bangalore,2011,2011
501201,2011-04-10,Feroz Shah Kotla,194,15,12,Delhi Daredevils vs Mumbai Indians,2011,2011
501202,2011-04-10,Dr DY Patil Sports Academy,225,14,11,Kings XI Punjab vs Pune Warriors,2011,2011
501203,2011-04-11,Eden Gardens,317,19,12,Kolkata Knight Riders vs Deccan Chargers,2011,2011
501204,2011-04-12,Sawai Mansingh Stadium,303,21,10,Delhi Daredevils vs Rajasthan Royals,2011,2011
501205,2011-04-12,M Chinnaswamy Stadium,283,18,5,Royal Challengers Bangalore vs Mumbai Indians,2011,2011
501206,2011-04-13,"Punjab Cricket Association Stadium, Mohali",381,6,8,Chennai Super Kings vs Kings XI Punjab,2011,2011
501207,2011-04-13,Dr DY Patil Sports Academy,299,22,14,Kochi Tuskers Kerala vs Pune Warriors,2011,2011
501208,2011-04-14,"Rajiv Gandhi International Stadium, Uppal",317,15,14,Deccan Chargers vs Royal Challengers Bangalore,2011,2011
501209,2011-04-15,Sawai Mansingh Stadium,319,23,5,Rajasthan Royals vs Kolkata Knight Riders,2011,2011
501210,2011-04-15,Wankhede Stadium,366,28,4,Mumbai Indians vs Kochi Tuskers Kerala,2011,2011
501211,2011-04-16,"MA Chidambaram Stadium, Chepauk",345,13,12,Chennai Super Kings vs Royal Challengers Bangalore,2011,2011
501212,2011-04-16,"Rajiv Gandhi International Stadium, Uppal",331,19,10,Deccan Chargers vs Kings XI Punjab,2011,2011
501213,2011-04-17,Dr DY Patil Sports Academy,377,18,12,Pune Warriors vs Delhi Daredevils,2011,2011
501214,2011-04-17,Eden Gardens,166,16,12,Rajasthan Royals vs Kolkata Knight Riders,2011,2011
501215,2011-04-18,Nehru Stadium,266,6,7,Chennai Super Kings vs Kochi Tuskers Kerala,2011,2011
501216,2011-04-19,Feroz Shah Kotla,320,18,11,Deccan Chargers vs Delhi Daredevils,2011,2011
501218,2011-04-20,Wankhede Stadium,242,22,13,Pune Warriors vs Mumbai Indians,2011,2011
501219,2011-04-20,Eden Gardens,258,19,16,Kochi Tuskers Kerala vs Kolkata Knight Riders,2011,2011
501220,2011-04-21,"Punjab Cricket Association Stadium, Mohali",342,19,14,Kings XI Punjab vs Rajasthan Royals,2011,2011
501221,2011-04-22,Wankhede Stadium,320,24,13,Mumbai Indians vs Chennai Super Kings,2011,2011
501222,2011-04-22,Eden Gardens,346,18,6,Kolkata Knight Riders vs Royal Challengers Bangalore,2011,2011
501223,2011-04-23,Feroz Shah Kotla,433,21,10,Delhi Daredevils vs Kings XI Punjab,2011,2011
501224,2011-04-24,"Rajiv Gandhi International Stadium, Uppal",307,17,12,Mumbai Indians vs Deccan Chargers,2011,2011
501225,2011-04-24,Sawai Mansingh Stadium,220,11,12,Kochi Tuskers Kerala vs Rajasthan Royals,2011,2011
501226,2011-04-25,"MA Chidambaram Stadium, Chepauk",259,11,15,Chennai Super Kings vs Pune Warriors,2011,2011
501227,2011-04-26,Feroz Shah Kotla,321,31,13,Delhi Daredevils vs Royal Challengers Bangalore,2011,2011
501228,2011-04-27,Dr DY Patil Sports Academy,286,13,8,Pune Warriors vs Chennai Super Kings,2011,2011
501229,2011-04-27,Nehru Stadium,203,14,17,Deccan Chargers vs Kochi Tuskers Kerala,2011,2011
501230,2011-04-28,Feroz Shah Kotla,279,15,16,Kolkata Knight Riders vs Delhi Daredevils,2011,2011
501231,2011-04-29,Sawai Mansingh Stadium,189,9,11,Mumbai Indians vs Rajasthan Royals,2011,2011
501232,2011-04-29,M Chinnaswamy Stadium,336,11,10,Royal Challengers Bangalore vs Pune Warriors,2011,2011
501233,2011-04-30,Nehru Stadium,276,24,17,Delhi Daredevils vs Kochi Tuskers Kerala,2011,2011
501234,2011-04-30,Eden Gardens,239,18,8,Kings XI Punjab vs Kolkata Knight Riders,2011,2011
501235,2011-05-01,Sawai Mansingh Stadium,287,16,11,Pune Warriors vs Rajasthan Royals,2011,2011
501236,2011-05-01,"MA Chidambaram Stadium, Chepauk",311,14,13,Chennai Super Kings vs Deccan Chargers,2011,2011
501237,2011-05-02,Wankhede Stadium,295,17,13,Mumbai Indians vs Kings XI Punjab,2011,2011
501238,2011-05-02,Feroz Shah Kotla,281,25,9,Delhi Daredevils vs Kochi Tuskers Kerala,2011,2011
501239,2011-05-03,"Rajiv Gandhi International Stadium, Uppal",318,14,10,Kolkata Knight Riders vs Deccan Chargers,2011,2011
501240,2011-05-04,"MA Chidambaram Stadium, Chepauk",296,11,8,Rajasthan Royals vs Chennai Super Kings,2011,2011
501241,2011-05-04,Dr DY Patil Sports Academy,299,25,14,Mumbai Indians vs Pune Warriors,2011,2011
501242,2011-05-05,Nehru Stadium,295,9,12,Kochi Tuskers Kerala vs Kolkata Knight Riders,2011,2011
501243,2011-05-05,"Rajiv Gandhi International Stadium, Uppal",354,20,11,Deccan Chargers vs Delhi Daredevils,2011,2011
501244,2011-05-06,M Chinnaswamy Stadium,325,11,15,Royal Challengers Bangalore vs Kings XI Punjab,2011,2011
501245,2011-05-07,Eden Gardens,175,10,6,Chennai Super Kings vs Kolkata Knight Riders,2011,2011
501246,2011-05-07,Wankhede Stadium,324,15,14,Mumbai Indians vs Delhi Daredevils,2011,2011
501247,2011-05-08,M Chinnaswamy Stadium,253,15,10,Kochi Tuskers Kerala vs Royal Challengers Bangalore,2011,2011
501248,2011-05-08,"Punjab Cricket Association Stadium, Mohali",239,16,13,Kings XI Punjab vs Pune Warriors,2011,2011
501249,2011-05-09,Sawai Mansingh Stadium,329,13,13,Chennai Super Kings vs Rajasthan Royals,2011,2011
501250,2011-05-10,"Rajiv Gandhi International Stadium, Uppal",273,4,12,Deccan Chargers vs Pune Warriors,2011,2011
501251,2011-05-10,"Punjab Cricket Association Stadium, Mohali",250,27,18,Kings XI Punjab vs Mumbai Indians,2011,2011
501252,2011-05-11,Sawai Mansingh Stadium,297,15,7,Rajasthan Royals vs Royal Challengers Bangalore,2011,2011
501253,2011-05-12,"MA Chidambaram Stadium, Chepauk",334,18,10,Chennai Super Kings vs Delhi Daredevils,2011,2011
501254,2011-05-13,Holkar Cricket Stadium,359,31,11,Kochi Tuskers Kerala vs Kings XI Punjab,2011,2011
501255,2011-05-14,M Chinnaswamy Stadium,194,13,10,Kolkata Knight Riders vs Royal Challengers Bangalore,2011,2011
501256,2011-05-14,Wankhede Stadium,260,25,14,Deccan Chargers vs Mumbai Indians,2011,2011
501257,2011-05-15,Himachal Pradesh Cricket Association Stadium,311,21,14,Kings XI Punjab vs Delhi Daredevils,2011,2011
501258,2011-05-15,Holkar Cricket Stadium,195,12,12,Rajasthan Royals vs Kochi Tuskers Kerala,2011,2011
501259,2011-05-16,Dr DY Patil Sports Academy,274,12,13,Pune Warriors vs Deccan Chargers,2011,2011
501260,2011-05-17,Himachal Pradesh Cricket Association Stadium,353,36,12,Kings XI Punjab vs Royal Challengers Bangalore,2011,2011
501261,2011-05-18,"MA Chidambaram Stadium, Chepauk",293,13,10,Chennai Super Kings vs Kochi Tuskers Kerala,2011,2011
501262,2011-05-19,Dr DY Patil Sports Academy,237,17,10,Pune Warriors vs Kolkata Knight Riders,2011,2011
501263,2011-05-20,Wankhede Stadium,267,7,5,Mumbai Indians vs Rajasthan Royals,2011,2011
501264,2011-05-21,Himachal Pradesh Cricket Association Stadium,314,20,12,Deccan Chargers vs Kings XI Punjab,2011,2011
501265,2011-05-21,Feroz Shah Kotla,56,5,3,Delhi Daredevils,2011,2011
501266,2011-05-22,M Chinnaswamy Stadium,257,20,10,Chennai Super Kings vs Royal Challengers Bangalore,2011,2011
501267,2011-05-22,Eden Gardens,353,22,12,Kolkata Knight Riders vs Mumbai Indians,2011,2011
501268,2011-05-24,Wankhede Stadium,352,22,8,Royal Challengers Bangalore vs Chennai Super Kings,2011,2011
501269,2011-05-25,Wankhede Stadium,295,10,13,Kolkata Knight Riders vs Mumbai Indians,2011,2011
501270,2011-05-27,"MA Chidambaram Stadium, Chepauk",327,18,12,Royal Challengers Bangalore vs Mumbai Indians,2011,2011
501271,2011-05-28,"MA Chidambaram Stadium, Chepauk",352,15,13,Chennai Super Kings vs Royal Challengers Bangalore,2011,2011
548306,2012-04-04,"MA Chidambaram Stadium, Chepauk",227,18,13,Chennai Super Kings vs Mumbai Indians,2012,2012
548307,2012-04-05,Eden Gardens,197,12,11,Kolkata Knight Riders vs Delhi Daredevils,2012,2012
548308,2012-04-06,Wankhede Stadium,230,13,18,Pune Warriors vs Mumbai Indians,2012,2012
548309,2012-04-06,Sawai Mansingh Stadium,351,25,13,Rajasthan Royals vs Kings XI Punjab,2012,2012
548310,2012-04-07,M Chinnaswamy Stadium,294,10,15,Royal Challengers Bangalore vs Delhi Daredevils,2012,2012
548311,2012-04-07,Dr. Y.S. Rajasekhara Reddy ACA-VDCA Cricket Stadium,312,15,16,Chennai Super Kings vs Deccan Chargers,2012,2012
548312,2012-04-08,Sawai Mansingh Stadium,306,10,15,Rajasthan Royals vs Kolkata Knight Riders,2012,2012
548313,2012-04-08,Subrata Roy Sahara Stadium,310,23,14,Pune Warriors vs Kings XI Punjab,2012,2012
548314,2012-04-09,Dr. Y.S. Rajasekhara Reddy ACA-VDCA Cricket Stadium,280,9,14,Deccan Chargers vs Mumbai Indians,2012,2012
548315,2012-04-10,M Chinnaswamy Stadium,288,16,17,Kolkata Knight Riders vs Royal Challengers Bangalore,2012,2012
548316,2012-04-10,Feroz Shah Kotla,221,7,10,Chennai Super Kings vs Delhi Daredevils,2012,2012
548317,2012-04-11,Wankhede Stadium,367,10,16,Mumbai Indians vs Rajasthan Royals,2012,2012
548318,2012-04-12,"MA Chidambaram Stadium, Chepauk",413,21,13,Royal Challengers Bangalore vs Chennai Super Kings,2012,2012
548319,2012-04-12,"Punjab Cricket Association Stadium, Mohali",231,12,13,Pune Warriors vs Kings XI Punjab,2012,2012
548320,2012-04-13,Eden Gardens,268,22,10,Rajasthan Royals vs Kolkata Knight Riders,2012,2012
548321,2012-04-19,Feroz Shah Kotla,319,10,13,Deccan Chargers vs Delhi Daredevils,2012,2012
548322,2012-04-14,Subrata Roy Sahara Stadium,311,11,8,Chennai Super Kings vs Pune Warriors,2012,2012
548323,2012-04-15,Eden Gardens,266,16,16,Kings XI Punjab vs Kolkata Knight Riders,2012,2012
548324,2012-04-15,M Chinnaswamy Stadium,331,9,12,Rajasthan Royals vs Royal Challengers Bangalore,2012,2012
548325,2012-04-16,Wankhede Stadium,185,20,13,Mumbai Indians vs Delhi Daredevils,2012,2012
548326,2012-04-17,Sawai Mansingh Stadium,393,19,7,Deccan Chargers vs Rajasthan Royals,2012,2012
548327,2012-04-17,M Chinnaswamy Stadium,368,14,10,Pune Warriors vs Royal Challengers Bangalore,2012,2012
548328,2012-04-18,"Punjab Cricket Association Stadium, Mohali",251,8,9,Kings XI Punjab vs Kolkata Knight Riders,2012,2012
548329,2012-05-10,"Rajiv Gandhi International Stadium, Uppal",380,18,5,Deccan Chargers vs Delhi Daredevils,2012,2012
548330,2012-04-19,"MA Chidambaram Stadium, Chepauk",315,17,12,Chennai Super Kings vs Pune Warriors,2012,2012
548331,2012-04-20,"Punjab Cricket Association Stadium, Mohali",329,16,11,Kings XI Punjab vs Royal Challengers Bangalore,2012,2012
548332,2012-04-21,"MA Chidambaram Stadium, Chepauk",293,16,7,Rajasthan Royals vs Chennai Super Kings,2012,2012
548333,2012-04-21,Feroz Shah Kotla,364,20,10,Pune Warriors vs Delhi Daredevils,2012,2012
548334,2012-04-22,Wankhede Stadium,327,12,10,Mumbai Indians vs Kings XI Punjab,2012,2012
548335,2012-04-22,Barabati Stadium,253,12,12,Deccan Chargers vs Kolkata Knight Riders,2012,2012
548336,2012-04-23,Sawai Mansingh Stadium,332,29,10,Royal Challengers Bangalore vs Rajasthan Royals,2012,2012
548337,2012-04-24,Subrata Roy Sahara Stadium,294,12,4,Pune Warriors vs Delhi Daredevils,2012,2012
548339,2012-04-25,"Punjab Cricket Association Stadium, Mohali",339,19,9,Kings XI Punjab vs Mumbai Indians,2012,2012
548341,2012-04-26,Subrata Roy Sahara Stadium,336,20,11,Deccan Chargers vs Pune Warriors,2012,2012
548342,2012-04-27,Feroz Shah Kotla,377,13,14,Delhi Daredevils vs Mumbai Indians,2012,2012
548343,2012-04-28,"MA Chidambaram Stadium, Chepauk",305,11,16,Kings XI Punjab vs Chennai Super Kings,2012,2012
548344,2012-04-28,Eden Gardens,333,10,10,Kolkata Knight Riders vs Royal Challengers Bangalore,2012,2012
548345,2012-04-29,Feroz Shah Kotla,303,12,9,Delhi Daredevils vs Rajasthan Royals,2012,2012
548346,2012-04-29,Wankhede Stadium,201,15,15,Deccan Chargers vs Mumbai Indians,2012,2012
548347,2012-04-30,"MA Chidambaram Stadium, Chepauk",279,19,10,Chennai Super Kings vs Kolkata Knight Riders,2012,2012
548348,2012-05-01,Barabati Stadium,359,17,9,Deccan Chargers vs Pune Warriors,2012,2012
548349,2012-05-01,Sawai Mansingh Stadium,285,14,10,Rajasthan Royals vs Delhi Daredevils,2012,2012
548350,2012-05-02,M Chinnaswamy Stadium,321,10,11,Royal Challengers Bangalore vs Kings XI Punjab,2012,2012
548351,2012-05-03,Subrata Roy Sahara Stadium,239,17,15,Mumbai Indians vs Pune Warriors,2012,2012
548352,2012-05-04,"MA Chidambaram Stadium, Chepauk",310,12,11,Chennai Super Kings vs Deccan Chargers,2012,2012
548353,2012-05-05,Eden Gardens,293,29,13,Kolkata Knight Riders vs Pune Warriors,2012,2012
548354,2012-05-05,"Punjab Cricket Association Stadium, Mohali",311,18,14,Rajasthan Royals vs Kings XI Punjab,2012,2012
548355,2012-05-06,Wankhede Stadium,347,12,16,Chennai Super Kings vs Mumbai Indians,2012,2012
548356,2012-05-06,M Chinnaswamy Stadium,366,12,7,Deccan Chargers vs Royal Challengers Bangalore,2012,2012
548357,2012-05-07,Feroz Shah Kotla,307,30,13,Delhi Daredevils vs Kolkata Knight Riders,2012,2012
548358,2012-05-08,Subrata Roy Sahara Stadium,251,10,9,Pune Warriors vs Rajasthan Royals,2012,2012
548359,2012-05-08,"Rajiv Gandhi International Stadium, Uppal",315,19,13,Kings XI Punjab vs Deccan Chargers,2012,2012
548360,2012-05-09,Wankhede Stadium,283,12,7,Mumbai Indians vs Royal Challengers Bangalore,2012,2012
548361,2012-05-10,Sawai Mansingh Stadium,253,25,12,Rajasthan Royals vs Chennai Super Kings,2012,2012
548362,2012-05-11,Subrata Roy Sahara Stadium,311,13,12,Royal Challengers Bangalore vs Pune Warriors,2012,2012
548363,2012-05-12,Eden Gardens,337,9,5,Mumbai Indians vs Kolkata Knight Riders,2012,2012
548364,2012-05-12,"MA Chidambaram Stadium, Chepauk",229,8,6,Delhi Daredevils vs Chennai Super Kings,2012,2012
548365,2012-05-13,Sawai Mansingh Stadium,295,7,13,Rajasthan Royals vs Pune Warriors,2012,2012
548366,2012-05-13,"Punjab Cricket Association Stadium, Mohali",384,17,10,Deccan Chargers vs Kings XI Punjab,2012,2012
548367,2012-05-14,M Chinnaswamy Stadium,344,25,11,Royal Challengers Bangalore vs Mumbai Indians,2012,2012
548368,2012-05-14,Eden Gardens,318,8,11,Kolkata Knight Riders vs Chennai Super Kings,2012,2012
548369,2012-05-15,Feroz Shah Kotla,276,6,13,Kings XI Punjab vs Delhi Daredevils,2012,2012
548370,2012-05-16,Wankhede Stadium,248,18,17,Kolkata Knight Riders vs Mumbai Indians,2012,2012
548371,2012-05-17,Himachal Pradesh Cricket Association Stadium,243,9,11,Chennai Super Kings vs Kings XI Punjab,2012,2012
548372,2012-05-17,Feroz Shah Kotla,409,11,10,Royal Challengers Bangalore vs Delhi Daredevils,2012,2012
548373,2012-05-18,"Rajiv Gandhi International Stadium, Uppal",254,16,13,Rajasthan Royals vs Deccan Chargers,2012,2012
548374,2012-05-19,Himachal Pradesh Cricket Association Stadium,286,17,12,Kings XI Punjab vs Delhi Daredevils,2012,2012
548375,2012-05-19,Subrata Roy Sahara Stadium,238,17,12,Kolkata Knight Riders vs Pune Warriors,2012,2012
548376,2012-05-20,"Rajiv Gandhi International Stadium, Uppal",255,13,16,Deccan Chargers vs Royal Challengers Bangalore,2012,2012
548377,2012-05-20,Sawai Mansingh Stadium,325,32,6,Rajasthan Royals vs Mumbai Indians,2012,2012
548378,2012-05-22,Subrata Roy Sahara Stadium,306,18,12,Kolkata Knight Riders vs Delhi Daredevils,2012,2012
548379,2012-05-23,M Chinnaswamy Stadium,336,16,14,Chennai Super Kings vs Mumbai Indians,2012,2012
548380,2012-05-25,"MA Chidambaram Stadium, Chepauk",358,17,15,Chennai Super Kings vs Delhi Daredevils,2012,2012
548381,2012-05-27,"MA Chidambaram Stadium, Chepauk",382,15,8,Chennai Super Kings vs Kolkata Knight Riders,2012,2012
597998,2013-04-03,Eden Gardens,257,11,14,Delhi Daredevils vs Kolkata Knight Riders,2013,2013
597999,2013-04-04,M Chinnaswamy Stadium,310,24,10,Royal Challengers Bangalore vs Mumbai Indians,2013,2013
598000,2013-04-05,"Rajiv Gandhi International Stadium, Uppal",230,5,16,Sunrisers Hyderabad vs Pune Warriors,2013,2013
598001,2013-04-06,Feroz Shah Kotla,325,20,13,Rajasthan Royals vs Delhi Daredevils,2013,2013
598002,2013-04-06,"MA Chidambaram Stadium, Chepauk",287,16,15,Mumbai Indians vs Chennai Super Kings,2013,2013
598003,2013-04-07,Subrata Roy Sahara Stadium,199,6,11,Pune Warriors vs Kings XI Punjab,2013,2013
598004,2013-04-07,"Rajiv Gandhi International Stadium, Uppal",295,25,15,Royal Challengers Bangalore vs Sunrisers Hyderabad,2013,2013
598005,2013-04-08,Sawai Mansingh Stadium,269,20,16,Rajasthan Royals vs Kolkata Knight Riders,2013,2013
598006,2013-04-09,Wankhede Stadium,374,20,14,Mumbai Indians vs Delhi Daredevils,2013,2013
598007,2013-04-10,"Punjab Cricket Association Stadium, Mohali",277,11,10,Kings XI Punjab vs Chennai Super Kings,2013,2013
598008,2013-04-11,M Chinnaswamy Stadium,312,16,10,Kolkata Knight Riders vs Royal Challengers Bangalore,2013,2013
598009,2013-04-11,Subrata Roy Sahara Stadium,293,13,8,Rajasthan Royals vs Pune Warriors,2013,2013
598010,2013-04-12,Feroz Shah Kotla,229,10,15,Delhi Daredevils vs Sunrisers Hyderabad,2013,2013
598011,2013-04-13,Wankhede Stadium,325,8,11,Mumbai Indians vs Pune Warriors,2013,2013
598012,2013-04-13,"MA Chidambaram Stadium, Chepauk",331,16,12,Royal Challengers Bangalore vs Chennai Super Kings,2013,2013
598013,2013-04-14,Eden Gardens,312,20,11,Kolkata Knight Riders vs Sunrisers Hyderabad,2013,2013
598014,2013-04-14,Sawai Mansingh Stadium,250,19,14,Kings XI Punjab vs Rajasthan Royals,2013,2013
598015,2013-04-15,"MA Chidambaram Stadium, Chepauk",294,10,13,Pune Warriors vs Chennai Super Kings,2013,2013
598016,2013-04-16,"Punjab Cricket Association Stadium, Mohali",310,18,18,Kings XI Punjab vs Kolkata Knight Riders,2013,2013
598017,2013-04-16,M Chinnaswamy Stadium,330,9,14,Delhi Daredevils vs Royal Challengers Bangalore,2013,2013
598018,2013-04-17,Maharashtra Cricket Association Stadium,227,5,18,Sunrisers Hyderabad vs Pune Warriors,2013,2013
598019,2013-04-17,Sawai Mansingh Stadium,271,22,13,Rajasthan Royals vs Mumbai Indians,2013,2013
598020,2013-04-18,Feroz Shah Kotla,252,13,14,Chennai Super Kings vs Delhi Daredevils,2013,2013
598021,2013-04-19,"Rajiv Gandhi International Stadium, Uppal",250,13,14,Kings XI Punjab vs Sunrisers Hyderabad,2013,2013
598022,2013-04-20,Eden Gardens,243,10,15,Kolkata Knight Riders vs Chennai Super Kings,2013,2013
598023,2013-04-20,M Chinnaswamy Stadium,240,16,13,Rajasthan Royals vs Royal Challengers Bangalore,2013,2013
598024,2013-04-21,Feroz Shah Kotla,326,7,5,Mumbai Indians vs Delhi Daredevils,2013,2013
598025,2013-04-21,"Punjab Cricket Association Stadium, Mohali",371,11,7,Pune Warriors vs Kings XI Punjab,2013,2013
598026,2013-04-22,"MA Chidambaram Stadium, Chepauk",371,17,9,Rajasthan Royals vs Chennai Super Kings,2013,2013
598027,2013-04-23,M Chinnaswamy Stadium,396,15,14,Royal Challengers Bangalore vs Pune Warriors,2013,2013
598028,2013-05-16,Himachal Pradesh Cricket Association Stadium,335,22,11,Kings XI Punjab vs Delhi Daredevils,2013,2013
598029,2013-04-24,Eden Gardens,321,10,11,Kolkata Knight Riders vs Mumbai Indians,2013,2013
598030,2013-04-25,"MA Chidambaram Stadium, Chepauk",319,14,11,Sunrisers Hyderabad vs Chennai Super Kings,2013,2013
598031,2013-04-26,Eden Gardens,299,17,10,Kings XI Punjab vs Kolkata Knight Riders,2013,2013
598032,2013-04-27,Sawai Mansingh Stadium,290,13,11,Sunrisers Hyderabad vs Rajasthan Royals,2013,2013
598033,2013-04-27,Wankhede Stadium,330,20,14,Mumbai Indians vs Royal Challengers Bangalore,2013,2013
598034,2013-04-28,"MA Chidambaram Stadium, Chepauk",386,23,7,Chennai Super Kings vs Kolkata Knight Riders,2013,2013
598035,2013-04-28,Shaheed Veer Narayan Singh International Stadium,313,20,9,Delhi Daredevils vs Pune Warriors,2013,2013
598036,2013-04-29,Sawai Mansingh Stadium,344,15,12,Royal Challengers Bangalore vs Rajasthan Royals,2013,2013
598037,2013-04-29,Wankhede Stadium,344,21,13,Mumbai Indians vs Kings XI Punjab,2013,2013
598038,2013-04-30,Subrata Roy Sahara Stadium,291,10,12,Chennai Super Kings vs Pune Warriors,2013,2013
598039,2013-05-01,"Rajiv Gandhi International Stadium, Uppal",259,10,7,Mumbai Indians vs Sunrisers Hyderabad,2013,2013
598040,2013-05-01,Shaheed Veer Narayan Singh International Stadium,273,9,10,Kolkata Knight Riders vs Delhi Daredevils,2013,2013
598041,2013-05-02,"MA Chidambaram Stadium, Chepauk",357,6,10,Chennai Super Kings vs Kings XI Punjab,2013,2013
598042,2013-05-02,Subrata Roy Sahara Stadium,357,18,12,Royal Challengers Bangalore vs Pune Warriors,2013,2013
598043,2013-05-03,Eden Gardens,265,17,8,Rajasthan Royals vs Kolkata Knight Riders,2013,2013
598044,2013-05-04,"Rajiv Gandhi International Stadium, Uppal",161,9,14,Delhi Daredevils vs Sunrisers Hyderabad,2013,2013
598045,2013-05-14,M Chinnaswamy Stadium,350,15,8,Royal Challengers Bangalore vs Kings XI Punjab,2013,2013
598046,2013-05-05,Wankhede Stadium,218,13,15,Mumbai Indians vs Chennai Super Kings,2013,2013
598047,2013-05-05,Sawai Mansingh Stadium,360,14,9,Pune Warriors vs Rajasthan Royals,2013,2013
598048,2013-04-09,M Chinnaswamy Stadium,323,10,9,Sunrisers Hyderabad vs Royal Challengers Bangalore,2013,2013
598049,2013-05-07,Sawai Mansingh Stadium,309,18,5,Delhi Daredevils vs Rajasthan Royals,2013,2013
598050,2013-05-07,Wankhede Stadium,275,20,16,Mumbai Indians vs Kolkata Knight Riders,2013,2013
598051,2013-05-08,"Rajiv Gandhi International Stadium, Uppal",369,14,11,Chennai Super Kings vs Sunrisers Hyderabad,2013,2013
598052,2013-05-09,"Punjab Cricket Association Stadium, Mohali",292,15,8,Kings XI Punjab vs Rajasthan Royals,2013,2013
598053,2013-05-09,Subrata Roy Sahara Stadium,258,15,16,Kolkata Knight Riders vs Pune Warriors,2013,2013
598054,2013-05-10,Feroz Shah Kotla,362,16,11,Royal Challengers Bangalore vs Delhi Daredevils,2013,2013
598055,2013-05-11,Subrata Roy Sahara Stadium,228,8,13,Pune Warriors vs Mumbai Indians,2013,2013
598056,2013-05-11,"Punjab Cricket Association Stadium, Mohali",270,12,16,Sunrisers Hyderabad vs Kings XI Punjab,2013,2013
598057,2013-05-12,JSCA International Stadium Complex,231,8,14,Royal Challengers Bangalore vs Kolkata Knight Riders,2013,2013
598058,2013-05-12,Sawai Mansingh Stadium,285,9,9,Chennai Super Kings vs Rajasthan Royals,2013,2013
598059,2013-04-23,Feroz Shah Kotla,241,13,12,Delhi Daredevils vs Kings XI Punjab,2013,2013
598060,2013-05-13,Wankhede Stadium,362,14,7,Sunrisers Hyderabad vs Mumbai Indians,2013,2013
598061,2013-05-15,JSCA International Stadium Complex,333,16,11,Pune Warriors vs Kolkata Knight Riders,2013,2013
598062,2013-05-14,"MA Chidambaram Stadium, Chepauk",303,19,13,Chennai Super Kings vs Delhi Daredevils,2013,2013
598063,2013-05-15,Wankhede Stadium,318,23,15,Mumbai Indians vs Rajasthan Royals,2013,2013
598064,2013-05-06,"Punjab Cricket Association Stadium, Mohali",384,21,7,Royal Challengers Bangalore vs Kings XI Punjab,2013,2013
598065,2013-05-17,"Rajiv Gandhi International Stadium, Uppal",249,21,18,Sunrisers Hyderabad vs Rajasthan Royals,2013,2013
598066,2013-05-18,Himachal Pradesh Cricket Association Stadium,316,16,17,Kings XI Punjab vs Mumbai Indians,2013,2013
598067,2013-05-19,Subrata Roy Sahara Stadium,306,21,14,Pune Warriors vs Delhi Daredevils,2013,2013
598068,2013-05-18,M Chinnaswamy Stadium,188,7,8,Royal Challengers Bangalore vs Chennai Super Kings,2013,2013
598069,2013-05-19,"Rajiv Gandhi International Stadium, Uppal",262,23,12,Kolkata Knight Riders vs Sunrisers Hyderabad,2013,2013
598070,2013-05-21,Feroz Shah Kotla,336,6,11,Chennai Super Kings vs Mumbai Indians,2013,2013
598071,2013-05-22,Feroz Shah Kotla,267,10,13,Sunrisers Hyderabad vs Rajasthan Royals,2013,2013
598072,2013-05-24,Eden Gardens,334,24,12,Rajasthan Royals vs Mumbai Indians,2013,2013
598073,2013-05-26,Eden Gardens,273,14,18,Mumbai Indians vs Chennai Super Kings,2013,2013
729279,2014-04-16,Sheikh Zayed Stadium,285,13,12,Kolkata Knight Riders vs Mumbai Indians,2014,2014
729281,2014-04-17,Sharjah Cricket Stadium,291,14,6,Delhi Daredevils vs Royal Challengers Bangalore,2014,2014
729283,2014-04-18,Sheikh Zayed Stadium,411,20,8,Chennai Super Kings vs Kings XI Punjab,2014,2014
729285,2014-04-18,Sheikh Zayed Stadium,268,20,12,Sunrisers Hyderabad vs Rajasthan Royals,2014,2014
729287,2014-04-19,Dubai International Cricket Stadium,231,14,12,Mumbai Indians vs Royal Challengers Bangalore,2014,2014
729289,2014-04-19,Dubai International Cricket Stadium,333,25,11,Kolkata Knight Riders vs Delhi Daredevils,2014,2014
729291,2014-04-20,Sharjah Cricket Stadium,384,15,8,Rajasthan Royals vs Kings XI Punjab,2014,2014
729293,2014-04-21,Sheikh Zayed Stadium,261,8,16,Chennai Super Kings vs Delhi Daredevils,2014,2014
729295,2014-04-22,Sharjah Cricket Stadium,314,17,16,Kings XI Punjab vs Sunrisers Hyderabad,2014,2014
729297,2014-04-23,Dubai International Cricket Stadium,273,15,16,Chennai Super Kings vs Rajasthan Royals,2014,2014
729299,2014-04-24,Sharjah Cricket Stadium,298,15,12,Kolkata Knight Riders vs Royal Challengers Bangalore,2014,2014
729301,2014-04-25,Dubai International Cricket Stadium,364,11,5,Sunrisers Hyderabad vs Delhi Daredevils,2014,2014
729303,2014-04-25,Dubai International Cricket Stadium,283,8,10,Mumbai Indians vs Chennai Super Kings,2014,2014
729305,2014-04-26,Sheikh Zayed Stadium,141,7,14,Royal Challengers Bangalore vs Rajasthan Royals,2014,2014
729307,2014-04-26,Sheikh Zayed Stadium,241,15,19,Kings XI Punjab vs Kolkata Knight Riders,2014,2014
729309,2014-04-27,Sharjah Cricket Stadium,251,20,11,Mumbai Indians vs Delhi Daredevils,2014,2014
729311,2014-04-27,Sharjah Cricket Stadium,291,20,10,Sunrisers Hyderabad vs Chennai Super Kings,2014,2014
729313,2014-04-28,Dubai International Cricket Stadium,251,22,13,Royal Challengers Bangalore vs Kings XI Punjab,2014,2014
729315,2014-04-29,Sheikh Zayed Stadium,326,17,15,Rajasthan Royals vs Kolkata Knight Riders,2014,2014
729317,2014-04-30,Dubai International Cricket Stadium,329,27,12,Sunrisers Hyderabad vs Mumbai Indians,2014,2014
733971,2014-05-02,JSCA International Stadium Complex,262,10,12,Chennai Super Kings vs Kolkata Knight Riders,2014,2014
733973,2014-05-03,Wankhede Stadium,338,19,10,Kings XI Punjab vs Mumbai Indians,2014,2014
733975,2014-05-03,Feroz Shah Kotla,308,8,8,Delhi Daredevils vs Rajasthan Royals,2014,2014
733977,2014-05-04,M Chinnaswamy Stadium,313,15,12,Sunrisers Hyderabad vs Royal Challengers Bangalore,2014,2014
733979,2014-05-05,"Sardar Patel Stadium, Motera",330,17,12,Rajasthan Royals vs Kolkata Knight Riders,2014,2014
733981,2014-05-05,Feroz Shah Kotla,359,22,7,Delhi Daredevils vs Chennai Super Kings,2014,2014
733983,2014-05-06,Wankhede Stadium,355,35,13,Mumbai Indians vs Royal Challengers Bangalore,2014,2014
733985,2014-05-07,Feroz Shah Kotla,321,20,7,Delhi Daredevils vs Kolkata Knight Riders,2014,2014
733987,2014-05-07,Barabati Stadium,418,14,10,Kings XI Punjab vs Chennai Super Kings,2014,2014
733989,2014-05-08,"Sardar Patel Stadium, Motera",236,22,19,Sunrisers Hyderabad vs Rajasthan Royals,2014,2014
733991,2014-05-09,M Chinnaswamy Stadium,364,21,17,Kings XI Punjab vs Royal Challengers Bangalore,2014,2014
733993,2014-05-10,Feroz Shah Kotla,187,16,9,Delhi Daredevils vs Sunrisers Hyderabad,2014,2014
733995,2014-05-10,Wankhede Stadium,317,16,12,Mumbai Indians vs Chennai Super Kings,2014,2014
733997,2014-05-11,Barabati Stadium,299,9,9,Kings XI Punjab vs Kolkata Knight Riders,2014,2014
733999,2014-05-11,M Chinnaswamy Stadium,381,14,10,Royal Challengers Bangalore vs Rajasthan Royals,2014,2014
734001,2014-05-12,"Rajiv Gandhi International Stadium, Uppal",317,9,6,Sunrisers Hyderabad vs Mumbai Indians,2014,2014
734003,2014-05-13,JSCA International Stadium Complex,297,20,13,Rajasthan Royals vs Chennai Super Kings,2014,2014
734005,2014-05-13,M Chinnaswamy Stadium,356,19,11,Royal Challengers Bangalore vs Delhi Daredevils,2014,2014
734007,2014-05-14,"Rajiv Gandhi International Stadium, Uppal",416,19,9,Sunrisers Hyderabad vs Kings XI Punjab,2014,2014
734009,2014-05-14,Barabati Stadium,283,12,9,Mumbai Indians vs Kolkata Knight Riders,2014,2014
734011,2014-05-15,"Sardar Patel Stadium, Motera",340,24,15,Rajasthan Royals vs Delhi Daredevils,2014,2014
734013,2014-05-18,JSCA International Stadium Complex,280,19,9,Chennai Super Kings vs Royal Challengers Bangalore,2014,2014
734015,2014-05-18,"Rajiv Gandhi International Stadium, Uppal",288,11,11,Sunrisers Hyderabad vs Kolkata Knight Riders,2014,2014
734017,2014-05-19,"Sardar Patel Stadium, Motera",331,14,11,Mumbai Indians vs Rajasthan Royals,2014,2014
734019,2014-05-19,Feroz Shah Kotla,329,20,13,Delhi Daredevils vs Kings XI Punjab,2014,2014
734021,2014-05-20,"Rajiv Gandhi International Stadium, Uppal",321,14,9,Royal Challengers Bangalore vs Sunrisers Hyderabad,2014,2014
734023,2014-05-20,Eden Gardens,310,7,6,Chennai Super Kings vs Kolkata Knight Riders,2014,2014
734025,2014-05-21,"Punjab Cricket Association Stadium, Mohali",315,18,11,Kings XI Punjab vs Mumbai Indians,2014,2014
734027,2014-05-22,Eden Gardens,360,17,9,Kolkata Knight Riders vs Royal Challengers Bangalore,2014,2014
734029,2014-05-22,JSCA International Stadium Complex,374,13,7,Chennai Super Kings vs Sunrisers Hyderabad,2014,2014
734031,2014-05-23,Wankhede Stadium,331,15,14,Mumbai Indians vs Delhi Daredevils,2014,2014
734033,2014-05-23,"Punjab Cricket Association Stadium, Mohali",342,21,12,Kings XI Punjab vs Rajasthan Royals,2014,2014
734035,2014-05-24,M Chinnaswamy Stadium,314,11,8,Royal Challengers Bangalore vs Chennai Super Kings,2014,2014
734037,2014-05-24,Eden Gardens,321,26,13,Sunrisers Hyderabad vs Kolkata Knight Riders,2014,2014
734039,2014-05-25,"Punjab Cricket Association Stadium, Mohali",234,22,13,Delhi Daredevils vs Kings XI Punjab,2014,2014
734041,2014-05-25,Wankhede Stadium,384,12,9,Rajasthan Royals vs Mumbai Indians,2014,2014
734043,2014-05-27,Eden Gardens,298,12,16,Kolkata Knight Riders vs Kings XI Punjab,2014,2014
734045,2014-05-28,Brabourne Stadium,349,11,11,Mumbai Indians vs Chennai Super Kings,2014,2014
734047,2014-05-30,Wankhede Stadium,428,27,13,Kings XI Punjab vs Chennai Super Kings,2014,2014
734049,2014-06-01,M Chinnaswamy Stadium,399,14,11,Kings XI Punjab vs Kolkata Knight Riders,2014,2014
829705,2015-04-08,Eden Gardens,338,7,6,Mumbai Indians vs Kolkata Knight Riders,2015,2015
829707,2015-04-09,"MA Chidambaram Stadium, Chepauk",299,19,16,Chennai Super Kings vs Delhi Daredevils,2015,2015
829709,2015-04-10,Maharashtra Cricket Association Stadium,298,30,15,Rajasthan Royals vs Kings XI Punjab,2015,2015
829711,2015-04-11,"MA Chidambaram Stadium, Chepauk",373,26,10,Chennai Super Kings vs Sunrisers Hyderabad,2015,2015
829713,2015-04-11,Eden Gardens,356,14,13,Kolkata Knight Riders vs Royal Challengers Bangalore,2015,2015
829715,2015-04-12,Feroz Shah Kotla,370,15,10,Delhi Daredevils vs Rajasthan Royals,2015,2015
829717,2015-04-12,Wankhede Stadium,336,14,12,Kings XI Punjab vs Mumbai Indians,2015,2015
829719,2015-04-13,M Chinnaswamy Stadium,338,32,12,Royal Challengers Bangalore vs Sunrisers Hyderabad,2015,2015
829721,2015-04-14,"Sardar Patel Stadium, Motera",329,9,9,Mumbai Indians vs Rajasthan Royals,2015,2015
829723,2015-04-30,Eden Gardens,334,30,12,Chennai Super Kings vs Kolkata Knight Riders,2015,2015
829725,2015-04-15,Maharashtra Cricket Association Stadium,334,19,12,Kings XI Punjab vs Delhi Daredevils,2015,2015
829727,2015-04-16,Dr. Y.S. Rajasekhara Reddy ACA-VDCA Cricket Stadium,258,13,9,Sunrisers Hyderabad vs Rajasthan Royals,2015,2015
829729,2015-04-17,Wankhede Stadium,372,18,11,Mumbai Indians vs Chennai Super Kings,2015,2015
829731,2015-04-18,Dr. Y.S. Rajasekhara Reddy ACA-VDCA Cricket Stadium,330,13,12,Delhi Daredevils vs Sunrisers Hyderabad,2015,2015
829733,2015-04-18,Maharashtra Cricket Association Stadium,314,15,15,Kings XI Punjab vs Kolkata Knight Riders,2015,2015
829735,2015-04-19,"Sardar Patel Stadium, Motera",313,7,6,Chennai Super Kings vs Rajasthan Royals,2015,2015
829737,2015-04-19,M Chinnaswamy Stadium,400,33,14,Mumbai Indians vs Royal Challengers Bangalore,2015,2015
829739,2015-04-20,Feroz Shah Kotla,293,20,12,Delhi Daredevils vs Kolkata Knight Riders,2015,2015
829741,2015-04-21,"Sardar Patel Stadium, Motera",403,18,16,Rajasthan Royals vs Kings XI Punjab,2015,2015
829743,2015-04-22,Dr. Y.S. Rajasekhara Reddy ACA-VDCA Cricket Stadium,277,7,8,Sunrisers Hyderabad vs Kolkata Knight Riders,2015,2015
829745,2015-04-22,M Chinnaswamy Stadium,335,16,16,Chennai Super Kings vs Royal Challengers Bangalore,2015,2015
829747,2015-04-23,Feroz Shah Kotla,343,19,13,Delhi Daredevils vs Mumbai Indians,2015,2015
829749,2015-04-24,"Sardar Patel Stadium, Motera",264,9,10,Rajasthan Royals vs Royal Challengers Bangalore,2015,2015
829751,2015-04-25,Wankhede Stadium,294,15,16,Mumbai Indians vs Sunrisers Hyderabad,2015,2015
829753,2015-04-25,"MA Chidambaram Stadium, Chepauk",287,20,12,Chennai Super Kings vs Kings XI Punjab,2015,2015
829757,2015-04-26,Feroz Shah Kotla,194,10,10,Delhi Daredevils vs Royal Challengers Bangalore,2015,2015
829759,2015-04-27,"Punjab Cricket Association Stadium, Mohali",280,8,15,Sunrisers Hyderabad vs Kings XI Punjab,2015,2015
829761,2015-05-07,Eden Gardens,329,19,13,Kolkata Knight Riders vs Delhi Daredevils,2015,2015
829763,2015-04-29,M Chinnaswamy Stadium,200,16,7,Royal Challengers Bangalore,2015,2015
829765,2015-04-28,"MA Chidambaram Stadium, Chepauk",266,17,15,Chennai Super Kings vs Kolkata Knight Riders,2015,2015
829767,2015-05-01,Feroz Shah Kotla,237,16,9,Kings XI Punjab vs Delhi Daredevils,2015,2015
829769,2015-05-01,Wankhede Stadium,366,21,12,Mumbai Indians vs Rajasthan Royals,2015,2015
829771,2015-05-02,M Chinnaswamy Stadium,226,12,7,Kolkata Knight Riders vs Royal Challengers Bangalore,2015,2015
829773,2015-05-02,"Rajiv Gandhi International Stadium, Uppal",362,12,13,Sunrisers Hyderabad vs Chennai Super Kings,2015,2015
829775,2015-05-03,"Punjab Cricket Association Stadium, Mohali",321,17,10,Mumbai Indians vs Kings XI Punjab,2015,2015
829777,2015-05-03,Brabourne Stadium,364,23,9,Rajasthan Royals vs Delhi Daredevils,2015,2015
829779,2015-05-04,"MA Chidambaram Stadium, Chepauk",272,7,19,Chennai Super Kings vs Royal Challengers Bangalore,2015,2015
829781,2015-05-04,Eden Gardens,299,11,16,Kolkata Knight Riders vs Sunrisers Hyderabad,2015,2015
829783,2015-05-05,Wankhede Stadium,305,13,11,Delhi Daredevils vs Mumbai Indians,2015,2015
829785,2015-05-06,M Chinnaswamy Stadium,314,20,13,Royal Challengers Bangalore vs Kings XI Punjab,2015,2015
829787,2015-05-07,Brabourne Stadium,395,22,11,Sunrisers Hyderabad vs Rajasthan Royals,2015,2015
829789,2015-05-08,"MA Chidambaram Stadium, Chepauk",317,8,9,Chennai Super Kings vs Mumbai Indians,2015,2015
829791,2015-05-09,Eden Gardens,367,16,14,Kings XI Punjab vs Kolkata Knight Riders,2015,2015
829793,2015-05-09,Shaheed Veer Narayan Singh International Stadium,320,8,8,Sunrisers Hyderabad vs Delhi Daredevils,2015,2015
829795,2015-05-10,Wankhede Stadium,431,11,8,Royal Challengers Bangalore vs Mumbai Indians,2015,2015
829797,2015-05-10,"MA Chidambaram Stadium, Chepauk",302,14,14,Chennai Super Kings vs Rajasthan Royals,2015,2015
829799,2015-05-11,"Rajiv Gandhi International Stadium, Uppal",365,12,12,Sunrisers Hyderabad vs Kings XI Punjab,2015,2015
829801,2015-05-12,Shaheed Veer Narayan Singh International Stadium,239,7,10,Chennai Super Kings vs Delhi Daredevils,2015,2015
829803,2015-05-13,"Punjab Cricket Association Stadium, Mohali",190,12,12,Kings XI Punjab vs Royal Challengers Bangalore,2015,2015
829805,2015-05-14,Wankhede Stadium,337,18,11,Mumbai Indians vs Kolkata Knight Riders,2015,2015
829807,2015-05-15,"Rajiv Gandhi International Stadium, Uppal",218,8,7,Sunrisers Hyderabad vs Royal Challengers Bangalore,2015,2015
829809,2015-05-16,"Punjab Cricket Association Stadium, Mohali",264,15,10,Kings XI Punjab vs Chennai Super Kings,2015,2015
829811,2015-05-16,Brabourne Stadium,389,36,15,Rajasthan Royals vs Kolkata Knight Riders,2015,2015
829813,2015-05-17,M Chinnaswamy Stadium,189,6,5,Delhi Daredevils vs Royal Challengers Bangalore,2015,2015
829815,2015-05-17,"Rajiv Gandhi International Stadium, Uppal",227,14,11,Sunrisers Hyderabad vs Mumbai Indians,2015,2015
829817,2015-05-19,Wankhede Stadium,349,17,16,Mumbai Indians vs Chennai Super Kings,2015,2015
829819,2015-05-20,Maharashtra Cricket Association Stadium,289,15,14,Royal Challengers Bangalore vs Rajasthan Royals,2015,2015
829821,2015-05-22,JSCA International Stadium Complex,279,14,15,Royal Challengers Bangalore vs Chennai Super Kings,2015,2015
829823,2015-05-24,Eden Gardens,363,13,13,Mumbai Indians vs Chennai Super Kings,2015,2015
980901,2016-04-09,Wankhede Stadium,247,18,9,Mumbai Indians vs Rising Pune Supergiants,2016,2016
980903,2016-04-10,Eden Gardens,197,23,11,Delhi Daredevils vs Kolkata Knight Riders,2016,2016
980905,2016-04-11,"Punjab Cricket Association IS Bindra Stadium, Mohali",323,13,11,Kings XI Punjab vs Gujarat Lions,2016,2016
980907,2016-04-12,M Chinnaswamy Stadium,409,18,10,Royal Challengers Bangalore vs Sunrisers Hyderabad,2016,2016
980909,2016-04-13,Eden Gardens,375,20,9,Kolkata Knight Riders vs Mumbai Indians,2016,2016
980911,2016-04-14,Saurashtra Cricket Association Stadium,327,17,8,Rising Pune Supergiants vs Gujarat Lions,2016,2016
980913,2016-04-15,Feroz Shah Kotla,224,14,11,Kings XI Punjab vs Delhi Daredevils,2016,2016
980915,2016-04-16,"Rajiv Gandhi International Stadium, Uppal",288,13,9,Sunrisers Hyderabad vs Kolkata Knight Riders,2016,2016
980917,2016-04-16,Wankhede Stadium,290,21,15,Mumbai Indians vs Gujarat Lions,2016,2016
980919,2016-04-17,"Punjab Cricket Association IS Bindra Stadium, Mohali",305,13,11,Rising Pune Supergiants vs Kings XI Punjab,2016,2016
980921,2016-04-17,M Chinnaswamy Stadium,383,23,8,Royal Challengers Bangalore vs Delhi Daredevils,2016,2016
980923,2016-04-18,"Rajiv Gandhi International Stadium, Uppal",287,13,9,Mumbai Indians vs Sunrisers Hyderabad,2016,2016
980925,2016-04-19,"Punjab Cricket Association IS Bindra Stadium, Mohali",279,15,12,Kings XI Punjab vs Kolkata Knight Riders,2016,2016
980927,2016-04-20,Wankhede Stadium,341,17,11,Royal Challengers Bangalore vs Mumbai Indians,2016,2016
980929,2016-04-21,Saurashtra Cricket Association Stadium,272,15,8,Gujarat Lions vs Sunrisers Hyderabad,2016,2016
980931,2016-04-22,Maharashtra Cricket Association Stadium,357,19,12,Royal Challengers Bangalore vs Rising Pune Supergiants,2016,2016
980933,2016-04-23,Feroz Shah Kotla,318,15,11,Delhi Daredevils vs Mumbai Indians,2016,2016
980935,2016-04-23,"Rajiv Gandhi International Stadium, Uppal",289,10,11,Kings XI Punjab vs Sunrisers Hyderabad,2016,2016
980937,2016-04-24,Saurashtra Cricket Association Stadium,362,17,6,Royal Challengers Bangalore vs Gujarat Lions,2016,2016
980939,2016-04-24,Maharashtra Cricket Association Stadium,322,16,13,Rising Pune Supergiants vs Kolkata Knight Riders,2016,2016
980941,2016-04-25,"Punjab Cricket Association IS Bindra Stadium, Mohali",353,10,13,Mumbai Indians vs Kings XI Punjab,2016,2016
980943,2016-04-26,"Rajiv Gandhi International Stadium, Uppal",212,21,11,Sunrisers Hyderabad vs Rising Pune Supergiants,2016,2016
980945,2016-04-27,Feroz Shah Kotla,343,6,11,Gujarat Lions vs Delhi Daredevils,2016,2016
980947,2016-04-28,Wankhede Stadium,352,6,9,Kolkata Knight Riders vs Mumbai Indians,2016,2016
980949,2016-04-29,Maharashtra Cricket Association Stadium,391,14,10,Rising Pune Supergiants vs Gujarat Lions,2016,2016
980951,2016-04-30,Feroz Shah Kotla,345,23,18,Delhi Daredevils vs Kolkata Knight Riders,2016,2016
980953,2016-04-30,"Rajiv Gandhi International Stadium, Uppal",373,8,11,Sunrisers Hyderabad vs Royal Challengers Bangalore,2016,2016
980955,2016-05-01,Saurashtra Cricket Association Stadium,285,8,19,Kings XI Punjab vs Gujarat Lions,2016,2016
980957,2016-05-01,Maharashtra Cricket Association Stadium,320,14,7,Rising Pune Supergiants vs Mumbai Indians,2016,2016
980959,2016-05-02,M Chinnaswamy Stadium,374,23,12,Royal Challengers Bangalore vs Kolkata Knight Riders,2016,2016
980961,2016-05-03,Saurashtra Cricket Association Stadium,299,9,9,Gujarat Lions vs Delhi Daredevils,2016,2016
980963,2016-05-04,Eden Gardens,321,17,12,Kolkata Knight Riders vs Kings XI Punjab,2016,2016
980965,2016-05-05,Feroz Shah Kotla,328,19,10,Delhi Daredevils vs Rising Pune Supergiants,2016,2016
980967,2016-05-06,"Rajiv Gandhi International Stadium, Uppal",255,11,11,Gujarat Lions vs Sunrisers Hyderabad,2016,2016
980969,2016-05-07,M Chinnaswamy Stadium,386,13,9,Rising Pune Supergiants vs Royal Challengers Bangalore,2016,2016
980971,2016-05-07,"Punjab Cricket Association IS Bindra Stadium, Mohali",353,17,10,Kings XI Punjab vs Delhi Daredevils,2016,2016
980973,2016-05-08,Dr. Y.S. Rajasekhara Reddy ACA-VDCA Cricket Stadium,269,11,13,Sunrisers Hyderabad vs Mumbai Indians,2016,2016
980975,2016-05-08,Eden Gardens,322,11,9,Kolkata Knight Riders vs Gujarat Lions,2016,2016
980977,2016-05-09,"Punjab Cricket Association IS Bindra Stadium, Mohali",349,9,10,Royal Challengers Bangalore vs Kings XI Punjab,2016,2016
980979,2016-05-10,Dr. Y.S. Rajasekhara Reddy ACA-VDCA Cricket Stadium,270,8,16,Sunrisers Hyderabad vs Rising Pune Supergiants,2016,2016
980981,2016-05-11,M Chinnaswamy Stadium,304,17,8,Royal Challengers Bangalore vs Mumbai Indians,2016,2016
980983,2016-05-12,"Rajiv Gandhi International Stadium, Uppal",296,14,11,Sunrisers Hyderabad vs Delhi Daredevils,2016,2016
980985,2016-05-13,Dr. Y.S. Rajasekhara Reddy ACA-VDCA Cricket Stadium,251,19,12,Mumbai Indians vs Kings XI Punjab,2016,2016
980987,2016-05-14,M Chinnaswamy Stadium,352,16,13,Royal Challengers Bangalore vs Gujarat Lions,2016,2016
980989,2016-05-14,Eden Gardens,169,16,8,Rising Pune Supergiants vs Kolkata Knight Riders,2016,2016
980991,2016-05-15,"Punjab Cricket Association IS Bindra Stadium, Mohali",359,12,7,Kings XI Punjab vs Sunrisers Hyderabad,2016,2016
980993,2016-05-15,Dr. Y.S. Rajasekhara Reddy ACA-VDCA Cricket Stadium,332,10,14,Mumbai Indians vs Delhi Daredevils,2016,2016
980995,2016-05-16,Eden Gardens,369,15,6,Kolkata Knight Riders vs Royal Challengers Bangalore,2016,2016
980997,2016-05-17,Dr. Y.S. Rajasekhara Reddy ACA-VDCA Cricket Stadium,197,9,7,Delhi Daredevils vs Rising Pune Supergiants,2016,2016
980999,2016-05-18,M Chinnaswamy Stadium,331,14,12,Royal Challengers Bangalore vs Kings XI Punjab,2016,2016
981001,2016-05-19,Green Park,249,24,12,Kolkata Knight Riders vs Gujarat Lions,2016,2016
981003,2016-05-20,Shaheed Veer Narayan Singh International Stadium,319,17,11,Sunrisers Hyderabad vs Delhi Daredevils,2016,2016
981005,2016-05-21,Dr. Y.S. Rajasekhara Reddy ACA-VDCA Cricket Stadium,345,12,13,Kings XI Punjab vs Rising Pune Supergiants,2016,2016
981007,2016-05-21,Green Park,345,14,12,Mumbai Indians vs Gujarat Lions,2016,2016
981009,2016-05-22,Eden Gardens,320,15,14,Kolkata Knight Riders vs Sunrisers Hyderabad,2016,2016
981011,2016-05-22,Shaheed Veer Narayan Singh International Stadium,277,16,12,Delhi Daredevils vs Royal Challengers Bangalore,2016,2016
981013,2016-05-24,M Chinnaswamy Stadium,317,27,16,Gujarat Lions vs Royal Challengers Bangalore,2016,2016
981015,2016-05-25,Feroz Shah Kotla,302,15,16,Sunrisers Hyderabad vs Kolkata Knight Riders,2016,2016
981017,2016-05-27,Feroz Shah Kotla,325,7,13,Gujarat Lions vs Sunrisers Hyderabad,2016,2016
981019,2016-05-29,M Chinnaswamy Stadium,408,23,14,Sunrisers Hyderabad vs Royal Challengers Bangalore,2016,2016
