match_id,date,venue,innings_no,batting_team,opponent_team,runs,batter_runs,extras,wickets,deliveries,year,run_rate
335983,2008-04-19,"Punjab Cricket Association Stadium, Mohali",1,Chennai Super Kings,Kings XI Punjab,240,234,6,5,124,2008,11.61
335982,2008-04-18,M Chinnaswamy Stadium,1,Kolkata Knight Riders,Royal Challengers Bangalore,222,205,17,3,124,2008,10.74
336019,2008-05-28,"Punjab Cricket Association Stadium, Mohali",1,Kings XI Punjab,Rajasthan Royals,221,216,5,3,124,2008,10.69
335990,2008-04-24,"Rajiv Gandhi International Stadium, Uppal",2,Rajasthan Royals,Deccan Chargers,217,210,7,7,122,2008,10.67
335990,2008-04-24,"Rajiv Gandhi International Stadium, Uppal",1,Deccan Chargers,Rajasthan Royals,214,208,6,5,126,2008,10.19
336033,2008-05-24,"MA Chidambaram Stadium, Chepauk",1,Rajasthan Royals,Chennai Super Kings,211,204,7,5,122,2008,10.38
335989,2008-04-23,"MA Chidambaram Stadium, Chepauk",1,Chennai Super Kings,Mumbai Indians,208,190,18,5,127,2008,9.83
335983,2008-04-19,"Punjab Cricket Association Stadium, Mohali",2,Kings XI Punjab,Chennai Super Kings,207,196,11,4,124,2008,10.02
336014,2008-05-11,"Rajiv Gandhi International Stadium, Uppal",1,Kolkata Knight Riders,Deccan Chargers,204,199,5,4,124,2008,9.87
335989,2008-04-23,"MA Chidambaram Stadium, Chepauk",2,Mumbai Indians,Chennai Super Kings,202,189,13,7,128,2008,9.47
336033,2008-05-24,"MA Chidambaram Stadium, Chepauk",2,Chennai Super Kings,Rajasthan Royals,201,192,9,7,126,2008,9.57
336023,2008-05-17,Sawai Mansingh Stadium,1,Rajasthan Royals,Royal Challengers Bangalore,197,171,26,1,127,2008,9.31
336000,2008-05-01,Sawai Mansingh Stadium,1,Rajasthan Royals,Kolkata Knight Riders,196,182,14,7,127,2008,9.26
336020,2008-05-15,Feroz Shah Kotla,1,Delhi Daredevils,Deccan Chargers,194,186,8,4,125,2008,9.31
336038,2008-05-30,Wankhede Stadium,1,Rajasthan Royals,Delhi Daredevils,192,188,4,9,123,2008,9.37
335998,2008-04-30,Feroz Shah Kotla,1,Delhi Daredevils,Royal Challengers Bangalore,191,187,4,5,122,2008,9.39
336028,2008-05-21,Wankhede Stadium,1,Kings XI Punjab,Mumbai Indians,189,177,12,4,124,2008,9.15
336009,2008-05-08,Feroz Shah Kotla,2,Chennai Super Kings,Delhi Daredevils,188,177,11,6,125,2008,9.02
336028,2008-05-21,Wankhede Stadium,2,Mumbai Indians,Kings XI Punjab,188,165,23,10,125,2008,9.02
336009,2008-05-08,Feroz Shah Kotla,1,Delhi Daredevils,Chennai Super Kings,187,175,12,5,126,2008,8.9
335991,2008-04-25,"Punjab Cricket Association Stadium, Mohali",1,Kings XI Punjab,Mumbai Indians,182,175,7,10,124,2008,8.81
336020,2008-05-15,Feroz Shah Kotla,2,Deccan Chargers,Delhi Daredevils,182,179,3,9,122,2008,8.95
335998,2008-04-30,Feroz Shah Kotla,2,Royal Challengers Bangalore,Delhi Daredevils,181,169,12,5,121,2008,8.98
336013,2008-05-10,"MA Chidambaram Stadium, Chepauk",1,Chennai Super Kings,Kings XI Punjab,181,166,15,4,131,2008,8.29
336014,2008-05-11,"Rajiv Gandhi International Stadium, Uppal",2,Deccan Chargers,Kolkata Knight Riders,181,165,16,7,128,2008,8.48
336019,2008-05-28,"Punjab Cricket Association Stadium, Mohali",2,Rajasthan Royals,Kings XI Punjab,180,176,4,7,121,2008,8.93
336032,2008-05-24,Feroz Shah Kotla,2,Delhi Daredevils,Mumbai Indians,179,176,3,5,120,2008,8.95
335996,2008-04-28,M Chinnaswamy Stadium,1,Chennai Super Kings,Royal Challengers Bangalore,178,174,4,5,123,2008,8.68
336003,2008-05-03,"Punjab Cricket Association Stadium, Mohali",1,Kings XI Punjab,Kolkata Knight Riders,178,164,14,6,125,2008,8.54
336024,2008-05-18,"Rajiv Gandhi International Stadium, Uppal",1,Mumbai Indians,Deccan Chargers,178,158,20,7,128,2008,8.34
336031,2008-05-23,"Punjab Cricket Association Stadium, Mohali",2,Kings XI Punjab,Deccan Chargers,178,170,8,4,122,2008,8.75
336032,2008-05-24,Feroz Shah Kotla,1,Mumbai Indians,Delhi Daredevils,176,167,9,8,127,2008,8.31
336031,2008-05-23,"Punjab Cricket Association Stadium, Mohali",1,Deccan Chargers,Kings XI Punjab,175,170,5,4,121,2008,8.68
336035,2008-05-25,Eden Gardens,2,Kolkata Knight Riders,Kings XI Punjab,175,166,9,7,122,2008,8.61
336035,2008-05-25,Eden Gardens,1,Kings XI Punjab,Kolkata Knight Riders,174,163,11,6,126,2008,8.29
336001,2008-05-02,"MA Chidambaram Stadium, Chepauk",2,Delhi Daredevils,Chennai Super Kings,172,166,6,2,118,2008,8.75
336002,2008-05-25,"Rajiv Gandhi International Stadium, Uppal",2,Royal Challengers Bangalore,Deccan Chargers,171,168,3,5,114,2008,9.0
336001,2008-05-02,"MA Chidambaram Stadium, Chepauk",1,Chennai Super Kings,Delhi Daredevils,169,162,7,6,126,2008,8.05
336003,2008-05-03,"Punjab Cricket Association Stadium, Mohali",2,Kolkata Knight Riders,Kings XI Punjab,169,162,7,6,122,2008,8.31
335987,2008-04-21,Sawai Mansingh Stadium,2,Rajasthan Royals,Kings XI Punjab,168,156,12,4,119,2008,8.47
335999,2008-05-01,"Rajiv Gandhi International Stadium, Uppal",2,Kings XI Punjab,Deccan Chargers,167,161,6,3,117,2008,8.56
335985,2008-04-20,Wankhede Stadium,2,Royal Challengers Bangalore,Mumbai Indians,166,161,5,5,123,2008,8.1
335987,2008-04-21,Sawai Mansingh Stadium,1,Kings XI Punjab,Rajasthan Royals,166,162,4,8,122,2008,8.16
335985,2008-04-20,Wankhede Stadium,1,Mumbai Indians,Royal Challengers Bangalore,165,154,11,7,123,2008,8.05
335996,2008-04-28,M Chinnaswamy Stadium,2,Royal Challengers Bangalore,Chennai Super Kings,165,158,7,10,124,2008,7.98
336002,2008-05-25,"Rajiv Gandhi International Stadium, Uppal",1,Deccan Chargers,Royal Challengers Bangalore,165,152,13,10,126,2008,7.86
335999,2008-05-01,"Rajiv Gandhi International Stadium, Uppal",1,Deccan Chargers,Kings XI Punjab,164,160,4,8,122,2008,8.07
336040,2008-06-01,Dr DY Patil Sports Academy,2,Rajasthan Royals,Chennai Super Kings,164,150,14,7,126,2008,7.81
336013,2008-05-10,"MA Chidambaram Stadium, Chepauk",2,Kings XI Punjab,Chennai Super Kings,163,160,3,9,122,2008,8.02
336040,2008-06-01,Dr DY Patil Sports Academy,1,Chennai Super Kings,Rajasthan Royals,163,156,7,5,124,2008,7.89
335995,2008-04-27,"Punjab Cricket Association Stadium, Mohali",2,Kings XI Punjab,Delhi Daredevils,162,153,9,6,123,2008,7.9
336004,2008-05-04,Dr DY Patil Sports Academy,1,Mumbai Indians,Delhi Daredevils,162,152,10,8,124,2008,7.84
336015,2008-05-11,Sawai Mansingh Stadium,2,Rajasthan Royals,Delhi Daredevils,159,142,17,7,122,2008,7.82
335995,2008-04-27,"Punjab Cricket Association Stadium, Mohali",1,Delhi Daredevils,Kings XI Punjab,158,147,11,8,125,2008,7.58
336018,2008-05-14,Wankhede Stadium,2,Mumbai Indians,Chennai Super Kings,158,142,16,1,94,2008,10.09
336026,2008-05-19,M Chinnaswamy Stadium,2,Delhi Daredevils,Royal Challengers Bangalore,158,146,12,5,111,2008,8.54
336015,2008-05-11,Sawai Mansingh Stadium,1,Delhi Daredevils,Rajasthan Royals,156,145,11,7,123,2008,7.61
336018,2008-05-14,Wankhede Stadium,1,Chennai Super Kings,Mumbai Indians,156,144,12,6,127,2008,7.37
336034,2008-05-03,M Chinnaswamy Stadium,1,Royal Challengers Bangalore,Deccan Chargers,156,151,5,8,122,2008,7.67
335994,2008-04-27,Dr DY Patil Sports Academy,2,Deccan Chargers,Mumbai Indians,155,146,9,0,77,2008,12.08
335994,2008-04-27,Dr DY Patil Sports Academy,1,Mumbai Indians,Deccan Chargers,154,143,11,7,125,2008,7.39
336026,2008-05-19,M Chinnaswamy Stadium,1,Royal Challengers Bangalore,Delhi Daredevils,154,145,9,7,125,2008,7.39
336024,2008-05-18,"Rajiv Gandhi International Stadium, Uppal",2,Deccan Chargers,Mumbai Indians,153,145,8,7,124,2008,7.4
336034,2008-05-03,M Chinnaswamy Stadium,2,Deccan Chargers,Royal Challengers Bangalore,153,147,6,6,122,2008,7.52
335993,2008-04-26,"MA Chidambaram Stadium, Chepauk",2,Chennai Super Kings,Kolkata Knight Riders,152,134,18,1,107,2008,8.52
336000,2008-05-01,Sawai Mansingh Stadium,2,Kolkata Knight Riders,Rajasthan Royals,151,139,12,10,122,2008,7.43
336027,2008-05-20,Eden Gardens,2,Rajasthan Royals,Kolkata Knight Riders,150,143,7,4,102,2008,8.82
336025,2008-05-18,Eden Gardens,1,Kolkata Knight Riders,Chennai Super Kings,149,136,13,5,124,2008,7.21
336007,2008-05-06,"MA Chidambaram Stadium, Chepauk",2,Deccan Chargers,Chennai Super Kings,148,143,5,3,112,2008,7.93
336037,2008-05-27,"Rajiv Gandhi International Stadium, Uppal",2,Chennai Super Kings,Deccan Chargers,148,137,11,3,124,2008,7.16
335993,2008-04-26,"MA Chidambaram Stadium, Chepauk",1,Kolkata Knight Riders,Chennai Super Kings,147,139,8,9,126,2008,7.0
336027,2008-05-20,Eden Gardens,1,Kolkata Knight Riders,Rajasthan Royals,147,142,5,8,122,2008,7.23
336037,2008-05-27,"Rajiv Gandhi International Stadium, Uppal",1,Deccan Chargers,Chennai Super Kings,147,131,16,8,126,2008,7.0
336036,2008-05-26,Sawai Mansingh Stadium,2,Rajasthan Royals,Mumbai Indians,146,130,16,5,126,2008,6.95
336036,2008-05-26,Sawai Mansingh Stadium,1,Mumbai Indians,Rajasthan Royals,145,132,13,7,127,2008,6.85
336007,2008-05-06,"MA Chidambaram Stadium, Chepauk",1,Chennai Super Kings,Deccan Chargers,144,134,10,7,124,2008,6.97
336016,2008-05-12,"Punjab Cricket Association Stadium, Mohali",2,Kings XI Punjab,Royal Challengers Bangalore,144,135,9,1,97,2008,8.91
335988,2008-04-22,"Rajiv Gandhi International Stadium, Uppal",2,Delhi Daredevils,Deccan Chargers,143,131,12,1,83,2008,10.34
336016,2008-05-12,"Punjab Cricket Association Stadium, Mohali",1,Royal Challengers Bangalore,Kings XI Punjab,143,128,15,8,124,2008,6.92
335988,2008-04-22,"Rajiv Gandhi International Stadium, Uppal",1,Deccan Chargers,Delhi Daredevils,142,137,5,8,122,2008,6.98
336011,2008-05-09,Sawai Mansingh Stadium,2,Rajasthan Royals,Deccan Chargers,141,130,11,2,101,2008,8.38
336011,2008-05-09,Sawai Mansingh Stadium,1,Deccan Chargers,Rajasthan Royals,140,134,6,8,122,2008,6.89
335992,2008-04-26,M Chinnaswamy Stadium,2,Rajasthan Royals,Royal Challengers Bangalore,138,135,3,3,105,2008,7.89
335997,2008-04-29,Eden Gardens,2,Mumbai Indians,Kolkata Knight Riders,138,123,15,3,118,2008,7.02
335997,2008-04-29,Eden Gardens,1,Kolkata Knight Riders,Mumbai Indians,137,124,13,8,125,2008,6.58
335992,2008-04-26,M Chinnaswamy Stadium,1,Royal Challengers Bangalore,Rajasthan Royals,135,129,6,8,124,2008,6.53
336004,2008-05-04,Dr DY Patil Sports Academy,2,Delhi Daredevils,Mumbai Indians,133,129,4,10,114,2008,7.0
336017,2008-05-13,Eden Gardens,1,Kolkata Knight Riders,Delhi Daredevils,133,122,11,6,128,2008,6.23
335984,2008-04-19,Feroz Shah Kotla,2,Delhi Daredevils,Rajasthan Royals,132,122,10,1,97,2008,8.16
336023,2008-05-17,Sawai Mansingh Stadium,2,Royal Challengers Bangalore,Rajasthan Royals,132,126,6,9,125,2008,6.34
335984,2008-04-19,Feroz Shah Kotla,1,Rajasthan Royals,Delhi Daredevils,129,122,7,8,122,2008,6.34
336010,2008-05-08,Eden Gardens,1,Kolkata Knight Riders,Royal Challengers Bangalore,129,124,5,7,98,2008,7.9
336006,2008-05-05,M Chinnaswamy Stadium,2,Kings XI Punjab,Royal Challengers Bangalore,127,110,17,4,117,2008,6.51
336006,2008-05-05,M Chinnaswamy Stadium,1,Royal Challengers Bangalore,Kings XI Punjab,126,116,10,10,121,2008,6.25
336012,2008-05-28,M Chinnaswamy Stadium,2,Mumbai Indians,Royal Challengers Bangalore,126,113,13,1,102,2008,7.41
336029,2008-05-21,"MA Chidambaram Stadium, Chepauk",1,Royal Challengers Bangalore,Chennai Super Kings,126,122,4,8,121,2008,6.25
336010,2008-05-08,Eden Gardens,2,Royal Challengers Bangalore,Kolkata Knight Riders,124,118,6,4,99,2008,7.52
336012,2008-05-28,M Chinnaswamy Stadium,1,Royal Challengers Bangalore,Mumbai Indians,122,111,11,9,115,2008,6.37
336022,2008-05-17,Feroz Shah Kotla,1,Delhi Daredevils,Kings XI Punjab,118,108,10,4,73,2008,9.7
335991,2008-04-25,"Punjab Cricket Association Stadium, Mohali",2,Mumbai Indians,Kings XI Punjab,116,109,7,9,126,2008,5.52
336039,2008-05-31,Wankhede Stadium,2,Chennai Super Kings,Kings XI Punjab,116,112,4,1,93,2008,7.48
335986,2008-04-20,Eden Gardens,2,Kolkata Knight Riders,Deccan Chargers,112,84,28,5,122,2008,5.51
336029,2008-05-21,"MA Chidambaram Stadium, Chepauk",2,Chennai Super Kings,Royal Challengers Bangalore,112,100,12,8,126,2008,5.33
336039,2008-05-31,Wankhede Stadium,1,Kings XI Punjab,Chennai Super Kings,112,108,4,8,122,2008,5.51
335986,2008-04-20,Eden Gardens,1,Deccan Chargers,Kolkata Knight Riders,110,100,10,10,118,2008,5.59
336005,2008-05-04,Sawai Mansingh Stadium,2,Rajasthan Royals,Chennai Super Kings,110,89,21,2,93,2008,7.1
336017,2008-05-13,Eden Gardens,2,Delhi Daredevils,Kolkata Knight Riders,110,102,8,10,110,2008,6.0
336005,2008-05-04,Sawai Mansingh Stadium,1,Chennai Super Kings,Rajasthan Royals,109,102,7,10,116,2008,5.64
336008,2008-05-07,Dr DY Patil Sports Academy,2,Mumbai Indians,Rajasthan Royals,104,92,12,3,99,2008,6.3
336008,2008-05-07,Dr DY Patil Sports Academy,1,Rajasthan Royals,Mumbai Indians,103,96,7,10,103,2008,6.0
336022,2008-05-17,Feroz Shah Kotla,2,Kings XI Punjab,Delhi Daredevils,94,90,4,3,50,2008,11.28
336038,2008-05-30,Wankhede Stadium,2,Delhi Daredevils,Rajasthan Royals,87,80,7,10,100,2008,5.22
335982,2008-04-18,M Chinnaswamy Stadium,2,Royal Challengers Bangalore,Kolkata Knight Riders,82,63,19,10,101,2008,4.87
336021,2008-05-16,Wankhede Stadium,2,Mumbai Indians,Kolkata Knight Riders,68,58,10,2,38,2008,10.74
336021,2008-05-16,Wankhede Stadium,1,Kolkata Knight Riders,Mumbai Indians,67,59,8,10,98,2008,4.1
336025,2008-05-18,Eden Gardens,2,Chennai Super Kings,Kolkata Knight Riders,55,51,4,0,51,2008,6.47
392210,2009-05-05,Kingsmead,1,Rajasthan Royals,Kings XI Punjab,211,207,4,4,124,2009,10.21
392189,2009-04-23,Kingsmead,1,Delhi Daredevils,Chennai Super Kings,189,188,1,5,121,2009,9.37
392231,2009-05-18,SuperSport Park,2,Kolkata Knight Riders,Chennai Super Kings,189,184,5,3,121,2009,9.37
392231,2009-05-18,SuperSport Park,1,Chennai Super Kings,Kolkata Knight Riders,188,168,20,3,129,2009,8.74
392197,2009-04-27,St George's Park,1,Mumbai Indians,Kolkata Knight Riders,187,178,9,6,124,2009,9.05
392214,2009-05-07,SuperSport Park,1,Chennai Super Kings,Kings XI Punjab,185,179,6,3,109,2009,10.18
392188,2009-04-22,Newlands,1,Deccan Chargers,Royal Challengers Bangalore,184,175,9,6,121,2009,9.12
392189,2009-04-23,Kingsmead,2,Chennai Super Kings,Delhi Daredevils,180,165,15,9,125,2009,8.64
392185,2009-04-20,St George's Park,1,Chennai Super Kings,Royal Challengers Bangalore,179,166,13,5,124,2009,8.66
392209,2009-05-04,Buffalo Park,1,Chennai Super Kings,Deccan Chargers,178,168,10,3,124,2009,8.61
392221,2009-05-12,SuperSport Park,2,Royal Challengers Bangalore,Kolkata Knight Riders,176,167,9,4,124,2009,8.52
392214,2009-05-07,SuperSport Park,2,Kings XI Punjab,Chennai Super Kings,174,168,6,3,111,2009,9.41
392191,2009-04-24,Kingsmead,2,Kings XI Punjab,Royal Challengers Bangalore,173,160,13,3,119,2009,8.72
392221,2009-05-12,SuperSport Park,1,Kolkata Knight Riders,Royal Challengers Bangalore,173,164,9,4,124,2009,8.37
392223,2009-05-13,Kingsmead,1,Delhi Daredevils,Deccan Chargers,173,161,12,7,126,2009,8.24
392236,2009-05-21,SuperSport Park,1,Royal Challengers Bangalore,Deccan Chargers,170,168,2,4,121,2009,8.43
392196,2009-04-27,Kingsmead,2,Deccan Chargers,Chennai Super Kings,169,159,10,4,121,2009,8.38
392216,2009-05-09,De Beers Diamond Oval,2,Kings XI Punjab,Deccan Chargers,169,160,9,7,122,2009,8.31
392191,2009-04-24,Kingsmead,1,Royal Challengers Bangalore,Kings XI Punjab,168,160,8,9,123,2009,8.2
392192,2009-04-25,Kingsmead,1,Deccan Chargers,Mumbai Indians,168,154,14,9,125,2009,8.06
392216,2009-05-09,De Beers Diamond Oval,1,Deccan Chargers,Kings XI Punjab,168,161,7,5,125,2009,8.06
392220,2009-05-11,De Beers Diamond Oval,1,Deccan Chargers,Rajasthan Royals,166,164,2,7,121,2009,8.23
392228,2009-05-16,New Wanderers Stadium,2,Deccan Chargers,Kolkata Knight Riders,166,159,7,4,124,2009,8.03
392235,2009-05-21,SuperSport Park,2,Delhi Daredevils,Mumbai Indians,166,157,9,6,110,2009,9.05
392181,2009-04-18,Newlands,1,Mumbai Indians,Chennai Super Kings,165,162,3,7,121,2009,8.18
392196,2009-04-27,Kingsmead,1,Chennai Super Kings,Deccan Chargers,165,158,7,6,127,2009,7.8
392235,2009-05-21,SuperSport Park,1,Mumbai Indians,Delhi Daredevils,165,141,24,8,131,2009,7.56
392202,2009-04-30,SuperSport Park,1,Chennai Super Kings,Rajasthan Royals,164,159,5,5,123,2009,8.0
392206,2009-05-02,New Wanderers Stadium,1,Chennai Super Kings,Delhi Daredevils,163,154,9,10,125,2009,7.82
392223,2009-05-13,Kingsmead,2,Deccan Chargers,Delhi Daredevils,161,153,8,10,123,2009,7.85
392188,2009-04-22,Newlands,2,Royal Challengers Bangalore,Deccan Chargers,160,153,7,8,126,2009,7.62
392228,2009-05-16,New Wanderers Stadium,1,Kolkata Knight Riders,Deccan Chargers,160,153,7,5,124,2009,7.74
392186,2009-04-21,Kingsmead,1,Kings XI Punjab,Kolkata Knight Riders,158,146,12,6,127,2009,7.46
392236,2009-05-21,SuperSport Park,2,Deccan Chargers,Royal Challengers Bangalore,158,145,13,6,126,2009,7.52
392211,2009-05-05,Kingsmead,2,Delhi Daredevils,Kolkata Knight Riders,157,149,8,1,116,2009,8.12
392218,2009-05-10,St George's Park,1,Mumbai Indians,Royal Challengers Bangalore,157,150,7,2,127,2009,7.42
392192,2009-04-25,Kingsmead,2,Mumbai Indians,Deccan Chargers,156,143,13,7,127,2009,7.37
392207,2009-05-03,St George's Park,2,Kings XI Punjab,Kolkata Knight Riders,154,144,10,4,126,2009,7.33
392211,2009-05-05,Kingsmead,1,Kolkata Knight Riders,Delhi Daredevils,154,150,4,3,124,2009,7.45
392237,2009-05-22,SuperSport Park,2,Deccan Chargers,Delhi Daredevils,154,148,6,4,112,2009,8.25
392207,2009-05-03,St George's Park,1,Kolkata Knight Riders,Kings XI Punjab,153,146,7,3,123,2009,7.46
392237,2009-05-22,SuperSport Park,1,Delhi Daredevils,Deccan Chargers,153,143,10,8,125,2009,7.34
392227,2009-05-16,St George's Park,2,Chennai Super Kings,Mumbai Indians,151,125,26,3,120,2009,7.55
392190,2009-04-23,Newlands,1,Rajasthan Royals,Kolkata Knight Riders,150,140,10,6,126,2009,7.14
392190,2009-04-23,Newlands,2,Kolkata Knight Riders,Rajasthan Royals,150,132,18,8,130,2009,6.92
392194,2009-04-26,St George's Park,2,Delhi Daredevils,Royal Challengers Bangalore,150,146,4,4,120,2009,7.5
392201,2009-04-30,SuperSport Park,2,Delhi Daredevils,Deccan Chargers,150,138,12,4,120,2009,7.5
392208,2009-05-03,New Wanderers Stadium,2,Royal Challengers Bangalore,Mumbai Indians,150,142,8,1,116,2009,7.76
392230,2009-05-17,OUTsurance Oval,1,Delhi Daredevils,Rajasthan Royals,150,145,5,3,124,2009,7.26
392194,2009-04-26,St George's Park,1,Royal Challengers Bangalore,Delhi Daredevils,149,138,11,7,126,2009,7.1
392208,2009-05-03,New Wanderers Stadium,1,Mumbai Indians,Royal Challengers Bangalore,149,143,6,4,122,2009,7.33
392238,2009-05-23,New Wanderers Stadium,2,Royal Challengers Bangalore,Chennai Super Kings,149,144,5,4,115,2009,7.77
392201,2009-04-30,SuperSport Park,1,Deccan Chargers,Delhi Daredevils,148,137,11,9,123,2009,7.22
392203,2009-05-01,Buffalo Park,1,Mumbai Indians,Kolkata Knight Riders,148,135,13,6,126,2009,7.05
392198,2009-04-28,SuperSport Park,2,Rajasthan Royals,Delhi Daredevils,147,138,9,5,118,2009,7.47
392227,2009-05-16,St George's Park,1,Mumbai Indians,Chennai Super Kings,147,142,5,5,122,2009,7.23
392181,2009-04-18,Newlands,2,Chennai Super Kings,Mumbai Indians,146,137,9,7,123,2009,7.12
392238,2009-05-23,New Wanderers Stadium,1,Chennai Super Kings,Royal Challengers Bangalore,146,140,6,5,123,2009,7.12
392204,2009-05-01,Kingsmead,1,Royal Challengers Bangalore,Kings XI Punjab,145,139,6,9,124,2009,7.02
392206,2009-05-02,New Wanderers Stadium,2,Delhi Daredevils,Chennai Super Kings,145,142,3,8,121,2009,7.19
392212,2009-05-06,SuperSport Park,1,Deccan Chargers,Mumbai Indians,145,136,9,6,124,2009,7.02
392225,2009-05-14,Kingsmead,1,Rajasthan Royals,Mumbai Indians,145,138,7,7,124,2009,7.02
392198,2009-04-28,SuperSport Park,1,Delhi Daredevils,Rajasthan Royals,143,138,5,7,122,2009,7.03
392199,2009-04-29,Kingsmead,2,Royal Challengers Bangalore,Kolkata Knight Riders,143,134,9,5,125,2009,6.86
392225,2009-05-14,Kingsmead,2,Mumbai Indians,Rajasthan Royals,143,125,18,10,127,2009,6.76
392239,2009-05-24,New Wanderers Stadium,1,Deccan Chargers,Royal Challengers Bangalore,143,135,8,6,126,2009,6.81
392205,2009-05-02,St George's Park,2,Rajasthan Royals,Deccan Chargers,142,135,7,7,122,2009,6.98
392205,2009-05-02,St George's Park,1,Deccan Chargers,Rajasthan Royals,141,134,7,5,124,2009,6.82
392217,2009-05-09,De Beers Diamond Oval,2,Chennai Super Kings,Rajasthan Royals,141,131,10,3,116,2009,7.29
392218,2009-05-10,St George's Park,2,Royal Challengers Bangalore,Mumbai Indians,141,127,14,7,128,2009,6.61
392217,2009-05-09,De Beers Diamond Oval,1,Rajasthan Royals,Chennai Super Kings,140,133,7,7,122,2009,6.89
392195,2009-04-26,Newlands,1,Kings XI Punjab,Rajasthan Royals,139,126,13,6,128,2009,6.52
392199,2009-04-29,Kingsmead,1,Kolkata Knight Riders,Royal Challengers Bangalore,139,130,9,6,123,2009,6.78
392203,2009-05-01,Buffalo Park,2,Kolkata Knight Riders,Mumbai Indians,139,131,8,6,127,2009,6.57
392204,2009-05-01,Kingsmead,2,Kings XI Punjab,Royal Challengers Bangalore,137,124,13,7,123,2009,6.68
392239,2009-05-24,New Wanderers Stadium,2,Royal Challengers Bangalore,Deccan Chargers,137,127,10,9,121,2009,6.79
392230,2009-05-17,OUTsurance Oval,2,Rajasthan Royals,Delhi Daredevils,136,123,13,9,127,2009,6.43
392232,2009-05-19,New Wanderers Stadium,2,Royal Challengers Bangalore,Delhi Daredevils,135,132,3,3,116,2009,6.98
392229,2009-05-17,New Wanderers Stadium,1,Kings XI Punjab,Deccan Chargers,134,127,7,7,126,2009,6.38
392232,2009-05-19,New Wanderers Stadium,1,Delhi Daredevils,Royal Challengers Bangalore,134,131,3,7,123,2009,6.54
392182,2009-04-18,Newlands,1,Royal Challengers Bangalore,Rajasthan Royals,133,129,4,8,122,2009,6.54
392210,2009-05-05,Kingsmead,2,Kings XI Punjab,Rajasthan Royals,133,114,19,8,128,2009,6.23
392229,2009-05-17,New Wanderers Stadium,2,Deccan Chargers,Kings XI Punjab,133,128,5,8,124,2009,6.44
392224,2009-05-14,Kingsmead,2,Royal Challengers Bangalore,Chennai Super Kings,132,124,8,8,121,2009,6.55
392224,2009-05-14,Kingsmead,1,Chennai Super Kings,Royal Challengers Bangalore,129,125,4,10,119,2009,6.5
392202,2009-04-30,SuperSport Park,2,Rajasthan Royals,Chennai Super Kings,126,118,8,9,120,2009,6.3
392212,2009-05-06,SuperSport Park,2,Mumbai Indians,Deccan Chargers,126,123,3,8,121,2009,6.25
392219,2009-05-10,New Wanderers Stadium,2,Delhi Daredevils,Kolkata Knight Riders,125,112,13,3,108,2009,6.94
392219,2009-05-10,New Wanderers Stadium,1,Kolkata Knight Riders,Delhi Daredevils,123,115,8,8,126,2009,5.86
392226,2009-05-15,OUTsurance Oval,2,Kings XI Punjab,Delhi Daredevils,123,114,9,4,122,2009,6.05
392222,2009-05-12,SuperSport Park,2,Mumbai Indians,Kings XI Punjab,122,116,6,2,104,2009,7.04
392226,2009-05-15,OUTsurance Oval,1,Delhi Daredevils,Kings XI Punjab,120,106,14,9,127,2009,5.67
392200,2009-04-29,Kingsmead,1,Kings XI Punjab,Mumbai Indians,119,102,17,8,126,2009,5.67
392222,2009-05-12,SuperSport Park,1,Kings XI Punjab,Mumbai Indians,119,101,18,9,130,2009,5.49
392215,2009-05-08,Buffalo Park,2,Delhi Daredevils,Mumbai Indians,118,112,6,3,117,2009,6.05
392200,2009-04-29,Kingsmead,2,Mumbai Indians,Kings XI Punjab,116,105,11,7,128,2009,5.44
392215,2009-05-08,Buffalo Park,1,Mumbai Indians,Delhi Daredevils,116,103,13,10,130,2009,5.35
392234,2009-05-20,Kingsmead,1,Chennai Super Kings,Kings XI Punjab,116,109,7,9,122,2009,5.7
392220,2009-05-11,De Beers Diamond Oval,2,Rajasthan Royals,Deccan Chargers,113,109,4,10,120,2009,5.65
392195,2009-04-26,Newlands,2,Rajasthan Royals,Kings XI Punjab,112,102,10,7,125,2009,5.38
392213,2009-05-07,SuperSport Park,2,Rajasthan Royals,Royal Challengers Bangalore,107,104,3,3,93,2009,6.9
392213,2009-05-07,SuperSport Park,1,Royal Challengers Bangalore,Rajasthan Royals,105,100,5,10,125,2009,5.04
392183,2009-04-19,Newlands,1,Kings XI Punjab,Delhi Daredevils,104,96,8,7,76,2009,8.21
392184,2009-04-19,Newlands,2,Deccan Chargers,Kolkata Knight Riders,104,102,2,2,80,2009,7.8
392233,2009-05-20,Kingsmead,2,Kolkata Knight Riders,Rajasthan Royals,102,97,5,6,119,2009,5.14
392184,2009-04-19,Newlands,1,Kolkata Knight Riders,Deccan Chargers,101,96,5,10,119,2009,5.09
392233,2009-05-20,Kingsmead,1,Rajasthan Royals,Kolkata Knight Riders,101,96,5,9,123,2009,4.93
392209,2009-05-04,Buffalo Park,2,Deccan Chargers,Chennai Super Kings,100,93,7,10,91,2009,6.59
392197,2009-04-27,St George's Park,2,Kolkata Knight Riders,Mumbai Indians,95,91,4,9,95,2009,6.0
392234,2009-05-20,Kingsmead,2,Kings XI Punjab,Chennai Super Kings,92,86,6,8,123,2009,4.49
392185,2009-04-20,St George's Park,2,Royal Challengers Bangalore,Chennai Super Kings,87,82,5,10,96,2009,5.44
392186,2009-04-21,Kingsmead,2,Kolkata Knight Riders,Kings XI Punjab,79,75,4,1,60,2009,7.9
392182,2009-04-18,Newlands,2,Rajasthan Royals,Royal Challengers Bangalore,58,49,9,10,99,2009,3.52
392183,2009-04-19,Newlands,2,Delhi Daredevils,Kings XI Punjab,58,53,5,0,32,2009,10.88
392190,2009-04-23,Newlands,4,Rajasthan Royals,Kolkata Knight Riders,18,18,0,0,4,2009,27.0
392190,2009-04-23,Newlands,3,Kolkata Knight Riders,Rajasthan Royals,15,14,1,1,7,2009,12.86
419137,2010-04-03,"MA Chidambaram Stadium, Chepauk",1,Chennai Super Kings,Rajasthan Royals,246,240,6,5,122,2010,12.1
419137,2010-04-03,"MA Chidambaram Stadium, Chepauk",2,Rajasthan Royals,Chennai Super Kings,223,208,15,5,125,2010,10.7
419114,2010-03-17,Feroz Shah Kotla,1,Mumbai Indians,Delhi Daredevils,218,201,17,7,127,2010,10.3
419107,2010-03-13,Brabourne Stadium,1,Mumbai Indians,Rajasthan Royals,212,196,16,7,129,2010,9.86
419107,2010-03-13,Brabourne Stadium,2,Rajasthan Royals,Mumbai Indians,208,203,5,7,125,2010,9.98
419112,2010-03-16,M Chinnaswamy Stadium,2,Royal Challengers Bangalore,Kings XI Punjab,204,194,10,2,118,2010,10.37
419139,2010-04-04,Eden Gardens,2,Kings XI Punjab,Kolkata Knight Riders,204,199,5,2,112,2010,10.93
419112,2010-03-16,M Chinnaswamy Stadium,1,Kings XI Punjab,Royal Challengers Bangalore,203,190,13,3,130,2010,9.37
419139,2010-04-04,Eden Gardens,1,Kolkata Knight Riders,Kings XI Punjab,200,187,13,3,127,2010,9.45
419159,2010-04-18,Himachal Pradesh Cricket Association Stadium,2,Chennai Super Kings,Kings XI Punjab,195,185,10,4,123,2010,9.51
419159,2010-04-18,Himachal Pradesh Cricket Association Stadium,1,Kings XI Punjab,Chennai Super Kings,192,187,5,3,123,2010,9.37
419157,2010-04-17,M Chinnaswamy Stadium,1,Mumbai Indians,Royal Challengers Bangalore,191,176,15,4,126,2010,9.1
419110,2010-03-14,"MA Chidambaram Stadium, Chepauk",1,Deccan Chargers,Chennai Super Kings,190,174,16,4,131,2010,8.7
419116,2010-03-19,Feroz Shah Kotla,2,Chennai Super Kings,Delhi Daredevils,190,180,10,5,123,2010,9.27
419134,2010-03-31,Feroz Shah Kotla,1,Delhi Daredevils,Rajasthan Royals,188,175,13,6,124,2010,9.1
419145,2010-04-08,M Chinnaswamy Stadium,2,Deccan Chargers,Royal Challengers Bangalore,186,178,8,3,121,2010,9.22
419116,2010-03-19,Feroz Shah Kotla,1,Delhi Daredevils,Chennai Super Kings,185,175,10,6,125,2010,8.88
419136,2010-04-02,"Punjab Cricket Association Stadium, Mohali",2,Royal Challengers Bangalore,Kings XI Punjab,184,174,10,4,118,2010,9.36
419140,2010-04-04,Feroz Shah Kotla,1,Delhi Daredevils,Royal Challengers Bangalore,184,176,8,5,123,2010,8.98
419145,2010-04-08,M Chinnaswamy Stadium,1,Royal Challengers Bangalore,Deccan Chargers,184,169,15,6,130,2010,8.49
419162,2010-04-21,Dr DY Patil Sports Academy,1,Mumbai Indians,Royal Challengers Bangalore,184,171,13,5,127,2010,8.69
419124,2010-03-24,"Punjab Cricket Association Stadium, Mohali",1,Rajasthan Royals,Kings XI Punjab,183,173,10,5,127,2010,8.65
419127,2010-03-27,"Punjab Cricket Association Stadium, Mohali",1,Kolkata Knight Riders,Kings XI Punjab,183,165,18,5,130,2010,8.45
419128,2010-03-25,M Chinnaswamy Stadium,1,Delhi Daredevils,Royal Challengers Bangalore,183,175,8,4,127,2010,8.65
419152,2010-04-13,Brabourne Stadium,1,Mumbai Indians,Delhi Daredevils,183,173,10,4,125,2010,8.78
419125,2010-03-25,"Brabourne Stadium, Mumbai",2,Mumbai Indians,Chennai Super Kings,181,167,14,5,120,2010,9.05
419135,2010-04-01,Eden Gardens,1,Kolkata Knight Riders,Deccan Chargers,181,167,14,6,126,2010,8.62
419136,2010-04-02,"Punjab Cricket Association Stadium, Mohali",1,Kings XI Punjab,Royal Challengers Bangalore,181,170,11,5,124,2010,8.76
419144,2010-04-07,Eden Gardens,1,Kolkata Knight Riders,Delhi Daredevils,181,174,7,3,126,2010,8.62
419125,2010-03-25,"Brabourne Stadium, Mumbai",1,Chennai Super Kings,Mumbai Indians,180,166,14,2,130,2010,8.31
419138,2010-04-03,Brabourne Stadium,1,Mumbai Indians,Deccan Chargers,178,171,7,5,124,2010,8.61
419156,2010-04-16,Himachal Pradesh Cricket Association Stadium,2,Deccan Chargers,Kings XI Punjab,178,165,13,5,122,2010,8.75
419129,2010-03-28,"Sardar Patel Stadium, Motera",1,Rajasthan Royals,Chennai Super Kings,177,174,3,8,122,2010,8.7
419131,2010-03-29,Feroz Shah Kotla,1,Delhi Daredevils,Kolkata Knight Riders,177,173,4,4,124,2010,8.56
419150,2010-04-11,Sawai Mansingh Stadium,1,Mumbai Indians,Rajasthan Royals,174,162,12,5,128,2010,8.16
419156,2010-04-16,Himachal Pradesh Cricket Association Stadium,1,Kings XI Punjab,Deccan Chargers,174,166,8,3,125,2010,8.35
419130,2010-03-28,Dr DY Patil Sports Academy,1,Mumbai Indians,Deccan Chargers,172,162,10,7,129,2010,8.0
419120,2010-03-21,Barabati Stadium,1,Deccan Chargers,Delhi Daredevils,171,169,2,6,121,2010,8.48
419123,2010-03-23,M Chinnaswamy Stadium,1,Royal Challengers Bangalore,Chennai Super Kings,171,157,14,5,124,2010,8.27
419117,2010-03-19,Barabati Stadium,1,Deccan Chargers,Kings XI Punjab,170,169,1,8,121,2010,8.43
419118,2010-03-20,"Sardar Patel Stadium, Motera",1,Rajasthan Royals,Kolkata Knight Riders,168,160,8,7,123,2010,8.2
419165,2010-04-25,Dr DY Patil Sports Academy,1,Chennai Super Kings,Mumbai Indians,168,157,11,5,124,2010,8.13
419144,2010-04-07,Eden Gardens,2,Delhi Daredevils,Kolkata Knight Riders,167,158,9,8,124,2010,8.08
419128,2010-03-25,M Chinnaswamy Stadium,2,Royal Challengers Bangalore,Delhi Daredevils,166,150,16,9,125,2010,7.97
419142,2010-04-06,"MA Chidambaram Stadium, Chepauk",1,Chennai Super Kings,Mumbai Indians,165,147,18,4,128,2010,7.73
419113,2010-03-16,Eden Gardens,1,Chennai Super Kings,Kolkata Knight Riders,164,161,3,3,121,2010,8.13
419117,2010-03-19,Barabati Stadium,2,Kings XI Punjab,Deccan Chargers,164,152,12,8,122,2010,8.07
419132,2010-03-30,Brabourne Stadium,2,Mumbai Indians,Kings XI Punjab,164,147,17,6,124,2010,7.94
419132,2010-03-30,Brabourne Stadium,1,Kings XI Punjab,Mumbai Indians,163,142,21,10,127,2010,7.7
419133,2010-03-31,"MA Chidambaram Stadium, Chepauk",2,Chennai Super Kings,Royal Challengers Bangalore,162,152,10,5,117,2010,8.31
419148,2010-04-10,M Chinnaswamy Stadium,2,Royal Challengers Bangalore,Kolkata Knight Riders,162,151,11,3,106,2010,9.17
419106,2010-03-12,Dr DY Patil Sports Academy,1,Kolkata Knight Riders,Deccan Chargers,161,146,15,4,127,2010,7.61
419120,2010-03-21,Barabati Stadium,2,Delhi Daredevils,Deccan Chargers,161,157,4,9,121,2010,7.98
419133,2010-03-31,"MA Chidambaram Stadium, Chepauk",1,Royal Challengers Bangalore,Chennai Super Kings,161,156,5,4,124,2010,7.79
419129,2010-03-28,"Sardar Patel Stadium, Motera",2,Chennai Super Kings,Rajasthan Royals,160,154,6,6,123,2010,7.8
419148,2010-04-10,M Chinnaswamy Stadium,1,Kolkata Knight Riders,Royal Challengers Bangalore,160,149,11,9,126,2010,7.62
419110,2010-03-14,"MA Chidambaram Stadium, Chepauk",2,Chennai Super Kings,Deccan Chargers,159,156,3,9,123,2010,7.76
419141,2010-04-05,"Vidarbha Cricket Association Stadium, Jamtha",1,Rajasthan Royals,Deccan Chargers,159,147,12,10,123,2010,7.76
419146,2010-04-09,"Punjab Cricket Association Stadium, Mohali",2,Kings XI Punjab,Mumbai Indians,158,154,4,4,119,2010,7.97
419135,2010-04-01,Eden Gardens,2,Deccan Chargers,Kolkata Knight Riders,157,150,7,5,125,2010,7.54
419141,2010-04-05,"Vidarbha Cricket Association Stadium, Jamtha",2,Deccan Chargers,Rajasthan Royals,157,147,10,10,126,2010,7.48
419143,2010-04-07,Sawai Mansingh Stadium,2,Rajasthan Royals,Kings XI Punjab,157,148,9,1,97,2010,9.71
419122,2010-03-22,Brabourne Stadium,2,Mumbai Indians,Kolkata Knight Riders,156,152,4,3,115,2010,8.14
419119,2010-03-20,Brabourne Stadium,2,Royal Challengers Bangalore,Mumbai Indians,155,153,2,3,115,2010,8.09
419122,2010-03-22,Brabourne Stadium,1,Kolkata Knight Riders,Mumbai Indians,155,140,15,3,126,2010,7.38
419146,2010-04-09,"Punjab Cricket Association Stadium, Mohali",1,Mumbai Indians,Kings XI Punjab,154,150,4,9,121,2010,7.64
419143,2010-04-07,Sawai Mansingh Stadium,1,Kings XI Punjab,Rajasthan Royals,153,144,9,6,126,2010,7.29
419124,2010-03-24,"Punjab Cricket Association Stadium, Mohali",2,Kings XI Punjab,Rajasthan Royals,152,146,6,10,119,2010,7.66
419119,2010-03-20,Brabourne Stadium,1,Mumbai Indians,Royal Challengers Bangalore,151,137,14,9,124,2010,7.31
419126,2010-03-26,"Sardar Patel Stadium, Motera",2,Rajasthan Royals,Deccan Chargers,151,140,11,2,97,2010,9.34
419151,2010-04-12,"Vidarbha Cricket Association Stadium, Jamtha",1,Deccan Chargers,Royal Challengers Bangalore,151,142,9,6,124,2010,7.31
419106,2010-03-12,Dr DY Patil Sports Academy,2,Deccan Chargers,Kolkata Knight Riders,150,138,12,7,127,2010,7.09
419162,2010-04-21,Dr DY Patil Sports Academy,2,Royal Challengers Bangalore,Mumbai Indians,149,139,10,9,128,2010,6.98
419126,2010-03-26,"Sardar Patel Stadium, Motera",1,Deccan Chargers,Rajasthan Royals,148,137,11,9,127,2010,6.99
419140,2010-04-04,Feroz Shah Kotla,2,Royal Challengers Bangalore,Delhi Daredevils,147,145,2,9,121,2010,7.29
419108,2010-03-13,"Punjab Cricket Association Stadium, Mohali",2,Delhi Daredevils,Kings XI Punjab,146,139,7,5,121,2010,7.24
419165,2010-04-25,Dr DY Patil Sports Academy,2,Mumbai Indians,Chennai Super Kings,146,134,12,9,125,2010,7.01
419160,2010-04-18,Feroz Shah Kotla,1,Deccan Chargers,Delhi Daredevils,145,142,3,7,121,2010,7.19
419127,2010-03-27,"Punjab Cricket Association Stadium, Mohali",2,Kings XI Punjab,Kolkata Knight Riders,144,138,6,6,125,2010,6.91
419152,2010-04-13,Brabourne Stadium,2,Delhi Daredevils,Mumbai Indians,144,136,8,7,122,2010,7.08
419153,2010-04-13,"MA Chidambaram Stadium, Chepauk",2,Chennai Super Kings,Kolkata Knight Riders,143,128,15,1,86,2010,9.98
419108,2010-03-13,"Punjab Cricket Association Stadium, Mohali",1,Kings XI Punjab,Delhi Daredevils,142,129,13,9,125,2010,6.82
419111,2010-03-15,"Sardar Patel Stadium, Motera",2,Delhi Daredevils,Rajasthan Royals,142,133,9,4,107,2010,7.96
419163,2010-04-22,Dr DY Patil Sports Academy,1,Chennai Super Kings,Deccan Chargers,142,126,16,7,123,2010,6.93
419111,2010-03-15,"Sardar Patel Stadium, Motera",1,Rajasthan Royals,Delhi Daredevils,141,136,5,6,125,2010,6.77
419142,2010-04-06,"MA Chidambaram Stadium, Chepauk",2,Mumbai Indians,Chennai Super Kings,141,127,14,9,129,2010,6.56
419147,2010-04-10,"Vidarbha Cricket Association Stadium, Jamtha",2,Deccan Chargers,Chennai Super Kings,139,131,8,4,121,2010,6.89
419153,2010-04-13,"MA Chidambaram Stadium, Chepauk",1,Kolkata Knight Riders,Chennai Super Kings,139,119,20,8,126,2010,6.62
419147,2010-04-10,"Vidarbha Cricket Association Stadium, Jamtha",1,Chennai Super Kings,Deccan Chargers,138,130,8,8,123,2010,6.73
419151,2010-04-12,"Vidarbha Cricket Association Stadium, Jamtha",2,Royal Challengers Bangalore,Deccan Chargers,138,125,13,10,125,2010,6.62
419131,2010-03-29,Feroz Shah Kotla,2,Kolkata Knight Riders,Delhi Daredevils,137,126,11,9,126,2010,6.52
419150,2010-04-11,Sawai Mansingh Stadium,2,Rajasthan Royals,Mumbai Indians,137,129,8,8,123,2010,6.68
419109,2010-03-14,Eden Gardens,2,Kolkata Knight Riders,Royal Challengers Bangalore,136,130,6,3,121,2010,6.74
419121,2010-03-21,"MA Chidambaram Stadium, Chepauk",1,Kings XI Punjab,Chennai Super Kings,136,132,4,8,122,2010,6.69
419121,2010-03-21,"MA Chidambaram Stadium, Chepauk",2,Chennai Super Kings,Kings XI Punjab,136,123,13,7,128,2010,6.38
419109,2010-03-14,Eden Gardens,1,Royal Challengers Bangalore,Kolkata Knight Riders,135,130,5,7,122,2010,6.64
419123,2010-03-23,M Chinnaswamy Stadium,2,Chennai Super Kings,Royal Challengers Bangalore,135,124,11,7,126,2010,6.43
419161,2010-04-19,Eden Gardens,2,Kolkata Knight Riders,Mumbai Indians,135,119,16,1,111,2010,7.3
419118,2010-03-20,"Sardar Patel Stadium, Motera",2,Kolkata Knight Riders,Rajasthan Royals,134,129,5,5,121,2010,6.64
419157,2010-04-17,M Chinnaswamy Stadium,2,Royal Challengers Bangalore,Mumbai Indians,134,129,5,9,122,2010,6.59
419160,2010-04-18,Feroz Shah Kotla,2,Delhi Daredevils,Deccan Chargers,134,129,5,7,123,2010,6.54
419158,2010-04-17,Eden Gardens,2,Kolkata Knight Riders,Rajasthan Royals,133,126,7,2,104,2010,7.67
419161,2010-04-19,Eden Gardens,1,Mumbai Indians,Kolkata Knight Riders,133,127,6,8,122,2010,6.54
419154,2010-04-14,Sawai Mansingh Stadium,2,Royal Challengers Bangalore,Rajasthan Royals,132,131,1,5,94,2010,8.43
419158,2010-04-17,Eden Gardens,1,Rajasthan Royals,Kolkata Knight Riders,132,129,3,9,121,2010,6.55
419130,2010-03-28,Dr DY Patil Sports Academy,2,Deccan Chargers,Mumbai Indians,131,120,11,10,110,2010,7.15
419154,2010-04-14,Sawai Mansingh Stadium,1,Rajasthan Royals,Royal Challengers Bangalore,130,122,8,6,123,2010,6.34
419134,2010-03-31,Feroz Shah Kotla,2,Rajasthan Royals,Delhi Daredevils,121,118,3,10,109,2010,6.66
419114,2010-03-17,Feroz Shah Kotla,2,Delhi Daredevils,Mumbai Indians,120,109,11,9,103,2010,6.99
419138,2010-04-03,Brabourne Stadium,2,Deccan Chargers,Mumbai Indians,115,108,7,10,114,2010,6.05
419155,2010-04-15,"MA Chidambaram Stadium, Chepauk",2,Delhi Daredevils,Chennai Super Kings,113,100,13,4,116,2010,5.84
419149,2010-04-11,Feroz Shah Kotla,2,Kings XI Punjab,Delhi Daredevils,112,106,6,3,113,2010,5.95
419155,2010-04-15,"MA Chidambaram Stadium, Chepauk",1,Chennai Super Kings,Delhi Daredevils,112,104,8,9,126,2010,5.33
419149,2010-04-11,Feroz Shah Kotla,1,Delhi Daredevils,Kings XI Punjab,111,93,18,10,126,2010,5.29
419113,2010-03-16,Eden Gardens,2,Kolkata Knight Riders,Chennai Super Kings,109,101,8,10,119,2010,5.5
419163,2010-04-22,Dr DY Patil Sports Academy,2,Deccan Chargers,Chennai Super Kings,104,96,8,10,118,2010,5.29
419115,2010-03-18,M Chinnaswamy Stadium,2,Royal Challengers Bangalore,Rajasthan Royals,93,86,7,0,71,2010,7.86
419115,2010-03-18,M Chinnaswamy Stadium,1,Rajasthan Royals,Royal Challengers Bangalore,92,85,7,10,124,2010,4.45
419164,2010-04-24,Dr DY Patil Sports Academy,2,Royal Challengers Bangalore,Deccan Chargers,86,83,3,1,84,2010,6.14
419164,2010-04-24,Dr DY Patil Sports Academy,1,Deccan Chargers,Royal Challengers Bangalore,82,78,4,10,114,2010,4.32
419121,2010-03-21,"MA Chidambaram Stadium, Chepauk",4,Kings XI Punjab,Chennai Super Kings,10,10,0,1,4,2010,15.0
419121,2010-03-21,"MA Chidambaram Stadium, Chepauk",3,Chennai Super Kings,Kings XI Punjab,9,9,0,2,5,2010,10.8
501260,2011-05-17,Himachal Pradesh Cricket Association Stadium,1,Kings XI Punjab,Royal Challengers Bangalore,232,205,27,2,126,2011,11.05
501223,2011-04-23,Feroz Shah Kotla,1,Delhi Daredevils,Kings XI Punjab,231,215,16,4,126,2011,11.0
501244,2011-05-06,M Chinnaswamy Stadium,1,Royal Challengers Bangalore,Kings XI Punjab,205,199,6,6,121,2011,10.17
501271,2011-05-28,"MA Chidambaram Stadium, Chepauk",1,Chennai Super Kings,Royal Challengers Bangalore,205,196,9,5,122,2011,10.08
501223,2011-04-23,Feroz Shah Kotla,2,Kings XI Punjab,Delhi Daredevils,202,197,5,6,123,2011,9.85
501264,2011-05-21,Himachal Pradesh Cricket Association Stadium,1,Deccan Chargers,Kings XI Punjab,198,182,16,2,123,2011,9.66
501249,2011-05-09,Sawai Mansingh Stadium,1,Chennai Super Kings,Rajasthan Royals,196,188,8,3,125,2011,9.41
501220,2011-04-21,"Punjab Cricket Association Stadium, Mohali",1,Kings XI Punjab,Rajasthan Royals,195,178,17,7,128,2011,9.14
501206,2011-04-13,"Punjab Cricket Association Stadium, Mohali",2,Kings XI Punjab,Chennai Super Kings,193,192,1,4,116,2011,9.98
501213,2011-04-17,Dr DY Patil Sports Academy,2,Delhi Daredevils,Pune Warriors,190,180,10,7,121,2011,9.42
501206,2011-04-13,"Punjab Cricket Association Stadium, Mohali",1,Chennai Super Kings,Kings XI Punjab,188,183,5,4,122,2011,9.25
501213,2011-04-17,Dr DY Patil Sports Academy,1,Pune Warriors,Delhi Daredevils,187,179,8,5,126,2011,8.9
501270,2011-05-27,"MA Chidambaram Stadium, Chepauk",1,Royal Challengers Bangalore,Mumbai Indians,185,171,14,4,129,2011,8.6
501210,2011-04-15,Wankhede Stadium,2,Kochi Tuskers Kerala,Mumbai Indians,184,173,11,2,121,2011,9.12
501211,2011-04-16,"MA Chidambaram Stadium, Chepauk",1,Chennai Super Kings,Royal Challengers Bangalore,183,179,4,5,121,2011,9.07
501210,2011-04-15,Wankhede Stadium,1,Mumbai Indians,Kochi Tuskers Kerala,182,165,17,2,126,2011,8.67
501232,2011-04-29,M Chinnaswamy Stadium,1,Royal Challengers Bangalore,Pune Warriors,181,179,2,5,121,2011,8.98
501254,2011-05-13,Holkar Cricket Stadium,2,Kings XI Punjab,Kochi Tuskers Kerala,181,173,8,4,118,2011,9.2
501243,2011-05-05,"Rajiv Gandhi International Stadium, Uppal",2,Delhi Daredevils,Deccan Chargers,179,169,10,6,122,2011,8.8
501246,2011-05-07,Wankhede Stadium,1,Mumbai Indians,Delhi Daredevils,178,172,6,4,124,2011,8.61
501254,2011-05-13,Holkar Cricket Stadium,1,Kochi Tuskers Kerala,Kings XI Punjab,178,155,23,7,129,2011,8.28
501267,2011-05-22,Eden Gardens,2,Mumbai Indians,Kolkata Knight Riders,178,162,16,5,126,2011,8.48
501268,2011-05-24,Wankhede Stadium,2,Chennai Super Kings,Royal Challengers Bangalore,177,169,8,4,124,2011,8.56
501253,2011-05-12,"MA Chidambaram Stadium, Chepauk",1,Chennai Super Kings,Delhi Daredevils,176,172,4,4,122,2011,8.66
501208,2011-04-14,"Rajiv Gandhi International Stadium, Uppal",1,Deccan Chargers,Royal Challengers Bangalore,175,168,7,5,125,2011,8.4
501222,2011-04-22,Eden Gardens,2,Royal Challengers Bangalore,Kolkata Knight Riders,175,170,5,1,113,2011,9.29
501243,2011-05-05,"Rajiv Gandhi International Stadium, Uppal",1,Deccan Chargers,Delhi Daredevils,175,165,10,5,125,2011,8.4
501267,2011-05-22,Eden Gardens,1,Kolkata Knight Riders,Mumbai Indians,175,169,6,7,122,2011,8.61
501268,2011-05-24,Wankhede Stadium,1,Royal Challengers Bangalore,Chennai Super Kings,175,161,14,4,125,2011,8.4
501224,2011-04-24,"Rajiv Gandhi International Stadium, Uppal",1,Mumbai Indians,Deccan Chargers,172,167,5,4,122,2011,8.46
501222,2011-04-22,Eden Gardens,1,Kolkata Knight Riders,Royal Challengers Bangalore,171,158,13,5,129,2011,7.95
501257,2011-05-15,Himachal Pradesh Cricket Association Stadium,1,Kings XI Punjab,Delhi Daredevils,170,161,9,6,127,2011,8.03
501239,2011-05-03,"Rajiv Gandhi International Stadium, Uppal",1,Kolkata Knight Riders,Deccan Chargers,169,159,10,4,126,2011,8.05
501216,2011-04-19,Feroz Shah Kotla,1,Deccan Chargers,Delhi Daredevils,168,163,5,4,122,2011,8.26
501212,2011-04-16,"Rajiv Gandhi International Stadium, Uppal",2,Kings XI Punjab,Deccan Chargers,166,152,14,2,113,2011,8.81
501212,2011-04-16,"Rajiv Gandhi International Stadium, Uppal",1,Deccan Chargers,Kings XI Punjab,165,160,5,8,122,2011,8.11
501236,2011-05-01,"MA Chidambaram Stadium, Chepauk",1,Chennai Super Kings,Deccan Chargers,165,156,9,5,124,2011,7.98
501221,2011-04-22,Wankhede Stadium,1,Mumbai Indians,Chennai Super Kings,164,150,14,4,128,2011,7.69
501203,2011-04-11,Eden Gardens,1,Kolkata Knight Riders,Deccan Chargers,163,153,10,4,123,2011,7.95
501251,2011-05-10,"Punjab Cricket Association Stadium, Mohali",1,Kings XI Punjab,Mumbai Indians,163,141,22,8,123,2011,7.95
501200,2011-04-09,Nehru Stadium,2,Royal Challengers Bangalore,Kochi Tuskers Kerala,162,149,13,4,121,2011,8.03
501211,2011-04-16,"MA Chidambaram Stadium, Chepauk",2,Royal Challengers Bangalore,Chennai Super Kings,162,153,9,7,125,2011,7.78
501200,2011-04-09,Nehru Stadium,1,Kochi Tuskers Kerala,Royal Challengers Bangalore,161,150,11,5,124,2011,7.79
501227,2011-04-26,Feroz Shah Kotla,2,Royal Challengers Bangalore,Delhi Daredevils,161,143,18,7,122,2011,7.92
501209,2011-04-15,Sawai Mansingh Stadium,2,Kolkata Knight Riders,Rajasthan Royals,160,156,4,1,114,2011,8.42
501227,2011-04-26,Feroz Shah Kotla,1,Delhi Daredevils,Royal Challengers Bangalore,160,147,13,6,129,2011,7.44
501241,2011-05-04,Dr DY Patil Sports Academy,1,Mumbai Indians,Pune Warriors,160,145,15,7,124,2011,7.74
501209,2011-04-15,Sawai Mansingh Stadium,1,Rajasthan Royals,Kolkata Knight Riders,159,140,19,4,128,2011,7.45
501237,2011-05-02,Wankhede Stadium,1,Mumbai Indians,Kings XI Punjab,159,154,5,5,121,2011,7.88
501253,2011-05-12,"MA Chidambaram Stadium, Chepauk",2,Delhi Daredevils,Chennai Super Kings,158,144,14,6,124,2011,7.65
501233,2011-04-30,Nehru Stadium,1,Delhi Daredevils,Kochi Tuskers Kerala,157,141,16,7,125,2011,7.54
501221,2011-04-22,Wankhede Stadium,2,Chennai Super Kings,Mumbai Indians,156,146,10,9,129,2011,7.26
501242,2011-05-05,Nehru Stadium,1,Kochi Tuskers Kerala,Kolkata Knight Riders,156,150,6,5,125,2011,7.49
501232,2011-04-29,M Chinnaswamy Stadium,2,Pune Warriors,Royal Challengers Bangalore,155,146,9,5,125,2011,7.44
501203,2011-04-11,Eden Gardens,2,Deccan Chargers,Kolkata Knight Riders,154,145,9,8,124,2011,7.45
501198,2011-04-08,"MA Chidambaram Stadium, Chepauk",1,Chennai Super Kings,Kolkata Knight Riders,153,150,3,4,121,2011,7.59
501204,2011-04-12,Sawai Mansingh Stadium,2,Rajasthan Royals,Delhi Daredevils,152,140,12,4,114,2011,8.0
501216,2011-04-19,Feroz Shah Kotla,2,Delhi Daredevils,Deccan Chargers,152,139,13,7,122,2011,7.48
501261,2011-05-18,"MA Chidambaram Stadium, Chepauk",1,Chennai Super Kings,Kochi Tuskers Kerala,152,148,4,5,122,2011,7.48
501198,2011-04-08,"MA Chidambaram Stadium, Chepauk",2,Kolkata Knight Riders,Chennai Super Kings,151,143,8,7,123,2011,7.37
501204,2011-04-12,Sawai Mansingh Stadium,1,Delhi Daredevils,Rajasthan Royals,151,142,9,6,124,2011,7.31
501207,2011-04-13,Dr DY Patil Sports Academy,2,Pune Warriors,Kochi Tuskers Kerala,151,140,11,6,123,2011,7.37
501252,2011-05-11,Sawai Mansingh Stadium,2,Royal Challengers Bangalore,Rajasthan Royals,151,147,4,1,104,2011,8.71
501239,2011-05-03,"Rajiv Gandhi International Stadium, Uppal",2,Deccan Chargers,Kolkata Knight Riders,149,145,4,6,123,2011,7.27
501240,2011-05-04,"MA Chidambaram Stadium, Chepauk",2,Chennai Super Kings,Rajasthan Royals,149,145,4,2,116,2011,7.71
501207,2011-04-13,Dr DY Patil Sports Academy,1,Kochi Tuskers Kerala,Pune Warriors,148,137,11,8,123,2011,7.22
501230,2011-04-28,Feroz Shah Kotla,1,Kolkata Knight Riders,Delhi Daredevils,148,140,8,7,126,2011,7.05
501269,2011-05-25,Wankhede Stadium,2,Mumbai Indians,Kolkata Knight Riders,148,144,4,6,117,2011,7.59
501220,2011-04-21,"Punjab Cricket Association Stadium, Mohali",2,Rajasthan Royals,Kings XI Punjab,147,145,2,7,121,2011,7.29
501240,2011-05-04,"MA Chidambaram Stadium, Chepauk",1,Rajasthan Royals,Chennai Super Kings,147,140,7,6,122,2011,7.23
501269,2011-05-25,Wankhede Stadium,1,Kolkata Knight Riders,Mumbai Indians,147,141,6,7,124,2011,7.11
501271,2011-05-28,"MA Chidambaram Stadium, Chepauk",2,Royal Challengers Bangalore,Chennai Super Kings,147,141,6,8,122,2011,7.23
501236,2011-05-01,"MA Chidambaram Stadium, Chepauk",2,Deccan Chargers,Chennai Super Kings,146,141,5,8,123,2011,7.12
501246,2011-05-07,Wankhede Stadium,2,Delhi Daredevils,Mumbai Indians,146,137,9,10,126,2011,6.95
501252,2011-05-11,Sawai Mansingh Stadium,1,Rajasthan Royals,Royal Challengers Bangalore,146,135,11,6,125,2011,7.01
501228,2011-04-27,Dr DY Patil Sports Academy,2,Chennai Super Kings,Pune Warriors,145,137,8,2,123,2011,7.07
501235,2011-05-01,Sawai Mansingh Stadium,2,Rajasthan Royals,Pune Warriors,144,133,11,4,119,2011,7.26
501205,2011-04-12,M Chinnaswamy Stadium,2,Mumbai Indians,Royal Challengers Bangalore,143,140,3,1,113,2011,7.59
501235,2011-05-01,Sawai Mansingh Stadium,1,Pune Warriors,Rajasthan Royals,143,138,5,7,122,2011,7.03
501208,2011-04-14,"Rajiv Gandhi International Stadium, Uppal",2,Royal Challengers Bangalore,Deccan Chargers,142,134,8,9,125,2011,6.82
501226,2011-04-25,"MA Chidambaram Stadium, Chepauk",1,Chennai Super Kings,Pune Warriors,142,138,4,6,123,2011,6.93
501270,2011-05-27,"MA Chidambaram Stadium, Chepauk",2,Mumbai Indians,Royal Challengers Bangalore,142,138,4,8,122,2011,6.98
501199,2011-04-09,"Rajiv Gandhi International Stadium, Uppal",2,Rajasthan Royals,Deccan Chargers,141,136,5,2,116,2011,7.29
501228,2011-04-27,Dr DY Patil Sports Academy,1,Pune Warriors,Chennai Super Kings,141,136,5,6,124,2011,6.82
501238,2011-05-02,Feroz Shah Kotla,2,Kochi Tuskers Kerala,Delhi Daredevils,141,123,18,3,101,2011,8.38
501257,2011-05-15,Himachal Pradesh Cricket Association Stadium,2,Delhi Daredevils,Kings XI Punjab,141,129,12,8,124,2011,6.82
501261,2011-05-18,"MA Chidambaram Stadium, Chepauk",2,Kochi Tuskers Kerala,Chennai Super Kings,141,132,9,5,127,2011,6.66
501205,2011-04-12,M Chinnaswamy Stadium,1,Royal Challengers Bangalore,Mumbai Indians,140,125,15,4,124,2011,6.77
501238,2011-05-02,Feroz Shah Kotla,1,Delhi Daredevils,Kochi Tuskers Kerala,140,133,7,6,125,2011,6.72
501241,2011-05-04,Dr DY Patil Sports Academy,2,Pune Warriors,Mumbai Indians,139,129,10,7,124,2011,6.73
501242,2011-05-05,Nehru Stadium,2,Kolkata Knight Riders,Kochi Tuskers Kerala,139,136,3,7,122,2011,6.84
501259,2011-05-16,Dr DY Patil Sports Academy,2,Deccan Chargers,Pune Warriors,138,129,9,4,121,2011,6.84
501199,2011-04-09,"Rajiv Gandhi International Stadium, Uppal",1,Deccan Chargers,Rajasthan Royals,137,133,4,8,121,2011,6.79
501250,2011-05-10,"Rajiv Gandhi International Stadium, Uppal",2,Pune Warriors,Deccan Chargers,137,134,3,4,113,2011,7.27
501237,2011-05-02,Wankhede Stadium,2,Kings XI Punjab,Mumbai Indians,136,124,12,8,121,2011,6.74
501250,2011-05-10,"Rajiv Gandhi International Stadium, Uppal",1,Deccan Chargers,Pune Warriors,136,135,1,8,121,2011,6.74
501259,2011-05-16,Dr DY Patil Sports Academy,1,Pune Warriors,Deccan Chargers,136,133,3,9,122,2011,6.69
501215,2011-04-18,Nehru Stadium,2,Kochi Tuskers Kerala,Chennai Super Kings,135,132,3,3,92,2011,8.8
501224,2011-04-24,"Rajiv Gandhi International Stadium, Uppal",2,Deccan Chargers,Mumbai Indians,135,123,12,8,123,2011,6.59
501256,2011-05-14,Wankhede Stadium,1,Deccan Chargers,Mumbai Indians,135,128,7,6,121,2011,6.69
501263,2011-05-20,Wankhede Stadium,2,Rajasthan Royals,Mumbai Indians,134,132,2,0,81,2011,9.93
501249,2011-05-09,Sawai Mansingh Stadium,2,Rajasthan Royals,Chennai Super Kings,133,128,5,10,121,2011,6.6
501263,2011-05-20,Wankhede Stadium,1,Mumbai Indians,Rajasthan Royals,133,128,5,5,122,2011,6.54
501219,2011-04-20,Eden Gardens,1,Kochi Tuskers Kerala,Kolkata Knight Riders,132,124,8,7,123,2011,6.44
501215,2011-04-18,Nehru Stadium,1,Chennai Super Kings,Kochi Tuskers Kerala,131,128,3,4,104,2011,7.56
501230,2011-04-28,Feroz Shah Kotla,2,Delhi Daredevils,Kolkata Knight Riders,131,124,7,9,124,2011,6.34
501229,2011-04-27,Nehru Stadium,1,Deccan Chargers,Kochi Tuskers Kerala,129,122,7,7,125,2011,6.19
501266,2011-05-22,M Chinnaswamy Stadium,2,Royal Challengers Bangalore,Chennai Super Kings,129,119,10,2,116,2011,6.67
501247,2011-05-08,M Chinnaswamy Stadium,2,Royal Challengers Bangalore,Kochi Tuskers Kerala,128,123,5,1,82,2011,9.37
501266,2011-05-22,M Chinnaswamy Stadium,1,Chennai Super Kings,Royal Challengers Bangalore,128,118,10,8,126,2011,6.1
501219,2011-04-20,Eden Gardens,2,Kolkata Knight Riders,Kochi Tuskers Kerala,126,115,11,9,122,2011,6.2
501247,2011-05-08,M Chinnaswamy Stadium,1,Kochi Tuskers Kerala,Royal Challengers Bangalore,125,115,10,9,129,2011,5.81
501256,2011-05-14,Wankhede Stadium,2,Mumbai Indians,Deccan Chargers,125,107,18,8,128,2011,5.86
501218,2011-04-20,Wankhede Stadium,2,Mumbai Indians,Pune Warriors,124,114,10,3,121,2011,6.15
501260,2011-05-17,Himachal Pradesh Cricket Association Stadium,2,Royal Challengers Bangalore,Kings XI Punjab,121,112,9,10,106,2011,6.85
501234,2011-04-30,Eden Gardens,2,Kolkata Knight Riders,Kings XI Punjab,120,108,12,2,109,2011,6.61
501244,2011-05-06,M Chinnaswamy Stadium,2,Kings XI Punjab,Royal Challengers Bangalore,120,115,5,9,125,2011,5.76
501248,2011-05-08,"Punjab Cricket Association Stadium, Mohali",2,Pune Warriors,Kings XI Punjab,120,108,12,5,109,2011,6.61
501233,2011-04-30,Nehru Stadium,2,Kochi Tuskers Kerala,Delhi Daredevils,119,111,8,10,114,2011,6.26
501234,2011-04-30,Eden Gardens,1,Kings XI Punjab,Kolkata Knight Riders,119,113,6,6,124,2011,5.76
501248,2011-05-08,"Punjab Cricket Association Stadium, Mohali",1,Kings XI Punjab,Pune Warriors,119,115,4,8,120,2011,5.95
501262,2011-05-19,Dr DY Patil Sports Academy,2,Kolkata Knight Riders,Pune Warriors,119,114,5,3,103,2011,6.93
501218,2011-04-20,Wankhede Stadium,1,Pune Warriors,Mumbai Indians,118,106,12,10,109,2011,6.5
501262,2011-05-19,Dr DY Patil Sports Academy,1,Pune Warriors,Kolkata Knight Riders,118,106,12,7,124,2011,5.71
501226,2011-04-25,"MA Chidambaram Stadium, Chepauk",2,Pune Warriors,Chennai Super Kings,117,110,7,9,123,2011,5.71
501264,2011-05-21,Himachal Pradesh Cricket Association Stadium,2,Kings XI Punjab,Deccan Chargers,116,112,4,10,116,2011,6.0
501245,2011-05-07,Eden Gardens,1,Chennai Super Kings,Kolkata Knight Riders,114,108,6,4,123,2011,5.56
501202,2011-04-10,Dr DY Patil Sports Academy,2,Pune Warriors,Kings XI Punjab,113,109,4,3,82,2011,8.27
501202,2011-04-10,Dr DY Patil Sports Academy,1,Kings XI Punjab,Pune Warriors,112,102,10,8,125,2011,5.38
501225,2011-04-24,Sawai Mansingh Stadium,2,Rajasthan Royals,Kochi Tuskers Kerala,111,109,2,2,86,2011,7.74
501225,2011-04-24,Sawai Mansingh Stadium,1,Kochi Tuskers Kerala,Rajasthan Royals,109,100,9,10,123,2011,5.32
501255,2011-05-14,M Chinnaswamy Stadium,2,Royal Challengers Bangalore,Kolkata Knight Riders,105,99,6,6,79,2011,7.97
501201,2011-04-10,Feroz Shah Kotla,2,Mumbai Indians,Delhi Daredevils,99,88,11,2,108,2011,5.5
501258,2011-05-15,Holkar Cricket Stadium,2,Kochi Tuskers Kerala,Rajasthan Royals,98,89,9,2,48,2011,12.25
501258,2011-05-15,Holkar Cricket Stadium,1,Rajasthan Royals,Kochi Tuskers Kerala,97,94,3,10,113,2011,5.15
501201,2011-04-10,Feroz Shah Kotla,1,Delhi Daredevils,Mumbai Indians,95,91,4,10,110,2011,5.18
501231,2011-04-29,Sawai Mansingh Stadium,2,Rajasthan Royals,Mumbai Indians,95,93,2,3,110,2011,5.18
501231,2011-04-29,Sawai Mansingh Stadium,1,Mumbai Indians,Rajasthan Royals,94,87,7,8,124,2011,4.55
501255,2011-05-14,M Chinnaswamy Stadium,1,Kolkata Knight Riders,Royal Challengers Bangalore,89,82,7,4,80,2011,6.68
501251,2011-05-10,"Punjab Cricket Association Stadium, Mohali",2,Mumbai Indians,Kings XI Punjab,87,82,5,10,81,2011,6.44
501214,2011-04-17,Eden Gardens,2,Kolkata Knight Riders,Rajasthan Royals,85,74,11,2,89,2011,5.73
501214,2011-04-17,Eden Gardens,1,Rajasthan Royals,Kolkata Knight Riders,81,76,5,10,96,2011,5.06
501229,2011-04-27,Nehru Stadium,2,Kochi Tuskers Kerala,Deccan Chargers,74,67,7,10,103,2011,4.31
501245,2011-05-07,Eden Gardens,2,Kolkata Knight Riders,Chennai Super Kings,61,57,4,2,63,2011,5.81
501265,2011-05-21,Feroz Shah Kotla,1,Delhi Daredevils,Pune Warriors,56,51,5,3,63,2011,5.33
548380,2012-05-25,"MA Chidambaram Stadium, Chepauk",1,Chennai Super Kings,Delhi Daredevils,222,216,6,5,123,2012,10.83
548372,2012-05-17,Feroz Shah Kotla,1,Royal Challengers Bangalore,Delhi Daredevils,215,211,4,1,124,2012,10.4
548318,2012-04-12,"MA Chidambaram Stadium, Chepauk",2,Chennai Super Kings,Royal Challengers Bangalore,208,203,5,5,124,2012,10.06
548342,2012-04-27,Feroz Shah Kotla,1,Delhi Daredevils,Mumbai Indians,207,198,9,5,125,2012,9.94
548318,2012-04-12,"MA Chidambaram Stadium, Chepauk",1,Royal Challengers Bangalore,Chennai Super Kings,205,189,16,8,130,2012,9.46
548317,2012-04-11,Wankhede Stadium,1,Mumbai Indians,Rajasthan Royals,197,191,6,6,120,2012,9.85
548326,2012-04-17,Sawai Mansingh Stadium,2,Rajasthan Royals,Deccan Chargers,197,191,6,5,124,2012,9.53
548326,2012-04-17,Sawai Mansingh Stadium,1,Deccan Chargers,Rajasthan Royals,196,183,13,2,125,2012,9.41
548324,2012-04-15,M Chinnaswamy Stadium,1,Rajasthan Royals,Royal Challengers Bangalore,195,189,6,2,121,2012,9.67
548366,2012-05-13,"Punjab Cricket Association Stadium, Mohali",2,Kings XI Punjab,Deccan Chargers,194,186,8,6,122,2012,9.54
548372,2012-05-17,Feroz Shah Kotla,2,Delhi Daredevils,Royal Challengers Bangalore,194,187,7,9,124,2012,9.39
548311,2012-04-07,Dr. Y.S. Rajasekhara Reddy ACA-VDCA Cricket Stadium,1,Chennai Super Kings,Deccan Chargers,193,182,11,6,127,2012,9.12
548329,2012-05-10,"Rajiv Gandhi International Stadium, Uppal",2,Delhi Daredevils,Deccan Chargers,193,177,16,1,104,2012,11.13
548333,2012-04-21,Feroz Shah Kotla,1,Pune Warriors,Delhi Daredevils,192,177,15,3,130,2012,8.86
548381,2012-05-27,"MA Chidambaram Stadium, Chepauk",2,Kolkata Knight Riders,Chennai Super Kings,192,184,8,5,124,2012,9.29
548309,2012-04-06,Sawai Mansingh Stadium,1,Rajasthan Royals,Kings XI Punjab,191,172,19,4,127,2012,9.02
548344,2012-04-28,Eden Gardens,1,Kolkata Knight Riders,Royal Challengers Bangalore,190,185,5,4,124,2012,9.19
548366,2012-05-13,"Punjab Cricket Association Stadium, Mohali",1,Deccan Chargers,Kings XI Punjab,190,181,9,4,123,2012,9.27
548381,2012-05-27,"MA Chidambaram Stadium, Chepauk",1,Chennai Super Kings,Kolkata Knight Riders,190,183,7,3,124,2012,9.19
548336,2012-04-23,Sawai Mansingh Stadium,1,Royal Challengers Bangalore,Rajasthan Royals,189,170,19,3,125,2012,9.07
548329,2012-05-10,"Rajiv Gandhi International Stadium, Uppal",1,Deccan Chargers,Delhi Daredevils,187,185,2,4,121,2012,9.27
548379,2012-05-23,M Chinnaswamy Stadium,1,Chennai Super Kings,Mumbai Indians,187,182,5,5,123,2012,9.12
548327,2012-04-17,M Chinnaswamy Stadium,2,Royal Challengers Bangalore,Pune Warriors,186,179,7,4,124,2012,9.0
548348,2012-05-01,Barabati Stadium,1,Deccan Chargers,Pune Warriors,186,175,11,4,121,2012,9.22
548356,2012-05-06,M Chinnaswamy Stadium,2,Royal Challengers Bangalore,Deccan Chargers,185,179,6,5,117,2012,9.49
548327,2012-04-17,M Chinnaswamy Stadium,1,Pune Warriors,Royal Challengers Bangalore,182,175,7,6,123,2012,8.88
548363,2012-05-12,Eden Gardens,1,Mumbai Indians,Kolkata Knight Riders,182,177,5,1,123,2012,8.88
548356,2012-05-06,M Chinnaswamy Stadium,1,Deccan Chargers,Royal Challengers Bangalore,181,175,6,2,123,2012,8.83
548341,2012-04-26,Subrata Roy Sahara Stadium,1,Deccan Chargers,Pune Warriors,177,166,11,4,122,2012,8.7
548354,2012-05-05,"Punjab Cricket Association Stadium, Mohali",1,Rajasthan Royals,Kings XI Punjab,177,171,6,6,124,2012,8.56
548355,2012-05-06,Wankhede Stadium,2,Mumbai Indians,Chennai Super Kings,174,171,3,8,123,2012,8.49
548348,2012-05-01,Barabati Stadium,2,Pune Warriors,Deccan Chargers,173,167,6,5,125,2012,8.3
548355,2012-05-06,Wankhede Stadium,1,Chennai Super Kings,Mumbai Indians,173,164,9,8,125,2012,8.3
548362,2012-05-11,Subrata Roy Sahara Stadium,1,Royal Challengers Bangalore,Pune Warriors,173,164,9,3,125,2012,8.3
548367,2012-05-14,M Chinnaswamy Stadium,2,Mumbai Indians,Royal Challengers Bangalore,173,162,11,5,125,2012,8.3
548333,2012-04-21,Feroz Shah Kotla,2,Delhi Daredevils,Pune Warriors,172,167,5,7,122,2012,8.46
548339,2012-04-25,"Punjab Cricket Association Stadium, Mohali",2,Mumbai Indians,Kings XI Punjab,171,162,9,6,123,2012,8.34
548367,2012-05-14,M Chinnaswamy Stadium,1,Royal Challengers Bangalore,Mumbai Indians,171,157,14,6,131,2012,7.83
548317,2012-04-11,Wankhede Stadium,2,Rajasthan Royals,Mumbai Indians,170,166,4,10,121,2012,8.43
548342,2012-04-27,Feroz Shah Kotla,2,Mumbai Indians,Delhi Daredevils,170,166,4,9,124,2012,8.23
548359,2012-05-08,"Rajiv Gandhi International Stadium, Uppal",1,Kings XI Punjab,Deccan Chargers,170,163,7,5,123,2012,8.29
548365,2012-05-13,Sawai Mansingh Stadium,1,Rajasthan Royals,Pune Warriors,170,167,3,4,122,2012,8.36
548339,2012-04-25,"Punjab Cricket Association Stadium, Mohali",1,Kings XI Punjab,Mumbai Indians,168,158,10,3,126,2012,8.0
548313,2012-04-08,Subrata Roy Sahara Stadium,1,Pune Warriors,Kings XI Punjab,166,154,12,6,124,2012,8.03
548331,2012-04-20,"Punjab Cricket Association Stadium, Mohali",2,Royal Challengers Bangalore,Kings XI Punjab,166,158,8,5,125,2012,7.97
548315,2012-04-10,M Chinnaswamy Stadium,1,Kolkata Knight Riders,Royal Challengers Bangalore,165,159,6,8,122,2012,8.11
548312,2012-04-08,Sawai Mansingh Stadium,1,Rajasthan Royals,Kolkata Knight Riders,164,161,3,5,123,2012,8.0
548330,2012-04-19,"MA Chidambaram Stadium, Chepauk",1,Chennai Super Kings,Pune Warriors,164,162,2,5,121,2012,8.13
548334,2012-04-22,Wankhede Stadium,2,Kings XI Punjab,Mumbai Indians,164,158,6,4,121,2012,8.13
548331,2012-04-20,"Punjab Cricket Association Stadium, Mohali",1,Kings XI Punjab,Royal Challengers Bangalore,163,155,8,6,123,2012,7.95
548334,2012-04-22,Wankhede Stadium,1,Mumbai Indians,Kings XI Punjab,163,157,6,6,125,2012,7.82
548350,2012-05-02,M Chinnaswamy Stadium,2,Kings XI Punjab,Royal Challengers Bangalore,163,159,4,6,120,2012,8.15
548377,2012-05-20,Sawai Mansingh Stadium,2,Mumbai Indians,Rajasthan Royals,163,145,18,0,118,2012,8.29
548321,2012-04-19,Feroz Shah Kotla,2,Delhi Daredevils,Deccan Chargers,162,158,4,5,119,2012,8.17
548377,2012-05-20,Sawai Mansingh Stadium,1,Rajasthan Royals,Mumbai Indians,162,148,14,6,132,2012,7.36
548378,2012-05-22,Subrata Roy Sahara Stadium,1,Kolkata Knight Riders,Delhi Daredevils,162,158,4,4,122,2012,7.97
548309,2012-04-06,Sawai Mansingh Stadium,2,Kings XI Punjab,Rajasthan Royals,160,154,6,9,122,2012,7.87
548352,2012-05-04,"MA Chidambaram Stadium, Chepauk",1,Chennai Super Kings,Deccan Chargers,160,152,8,6,123,2012,7.8
548368,2012-05-14,Eden Gardens,2,Chennai Super Kings,Kolkata Knight Riders,160,155,5,5,121,2012,7.93
548341,2012-04-26,Subrata Roy Sahara Stadium,2,Pune Warriors,Deccan Chargers,159,150,9,7,126,2012,7.57
548350,2012-05-02,M Chinnaswamy Stadium,1,Royal Challengers Bangalore,Kings XI Punjab,158,152,6,5,124,2012,7.65
548368,2012-05-14,Eden Gardens,1,Kolkata Knight Riders,Chennai Super Kings,158,155,3,6,121,2012,7.83
548310,2012-04-07,M Chinnaswamy Stadium,1,Royal Challengers Bangalore,Delhi Daredevils,157,151,6,8,122,2012,7.72
548321,2012-04-19,Feroz Shah Kotla,1,Deccan Chargers,Delhi Daredevils,157,151,6,8,126,2012,7.48
548322,2012-04-14,Subrata Roy Sahara Stadium,2,Pune Warriors,Chennai Super Kings,156,151,5,3,119,2012,7.87
548343,2012-04-28,"MA Chidambaram Stadium, Chepauk",1,Kings XI Punjab,Chennai Super Kings,156,151,5,8,125,2012,7.49
548322,2012-04-14,Subrata Roy Sahara Stadium,1,Chennai Super Kings,Pune Warriors,155,149,6,5,124,2012,7.5
548363,2012-05-12,Eden Gardens,2,Kolkata Knight Riders,Mumbai Indians,155,151,4,4,122,2012,7.62
548357,2012-05-07,Feroz Shah Kotla,2,Kolkata Knight Riders,Delhi Daredevils,154,138,16,4,119,2012,7.76
548357,2012-05-07,Feroz Shah Kotla,1,Delhi Daredevils,Kolkata Knight Riders,153,139,14,9,123,2012,7.46
548345,2012-04-29,Feroz Shah Kotla,1,Delhi Daredevils,Rajasthan Royals,152,144,8,6,123,2012,7.41
548330,2012-04-19,"MA Chidambaram Stadium, Chepauk",2,Pune Warriors,Chennai Super Kings,151,136,15,7,124,2012,7.31
548345,2012-04-29,Feroz Shah Kotla,2,Rajasthan Royals,Delhi Daredevils,151,147,4,3,124,2012,7.31
548352,2012-05-04,"MA Chidambaram Stadium, Chepauk",2,Deccan Chargers,Chennai Super Kings,150,146,4,5,122,2012,7.38
548353,2012-05-05,Eden Gardens,1,Kolkata Knight Riders,Pune Warriors,150,131,19,5,129,2012,6.98
548343,2012-04-28,"MA Chidambaram Stadium, Chepauk",2,Chennai Super Kings,Kings XI Punjab,149,143,6,8,123,2012,7.27
548379,2012-05-23,M Chinnaswamy Stadium,2,Mumbai Indians,Chennai Super Kings,149,138,11,9,126,2012,7.1
548337,2012-04-24,Subrata Roy Sahara Stadium,2,Delhi Daredevils,Pune Warriors,148,141,7,2,98,2012,9.06
548332,2012-04-21,"MA Chidambaram Stadium, Chepauk",2,Chennai Super Kings,Rajasthan Royals,147,145,2,3,121,2012,7.29
548332,2012-04-21,"MA Chidambaram Stadium, Chepauk",1,Rajasthan Royals,Chennai Super Kings,146,132,14,4,123,2012,7.12
548337,2012-04-24,Subrata Roy Sahara Stadium,1,Pune Warriors,Delhi Daredevils,146,141,5,2,120,2012,7.3
548359,2012-05-08,"Rajiv Gandhi International Stadium, Uppal",2,Deccan Chargers,Kings XI Punjab,145,133,12,8,123,2012,7.07
548374,2012-05-19,Himachal Pradesh Cricket Association Stadium,2,Delhi Daredevils,Kings XI Punjab,145,136,9,4,113,2012,7.7
548313,2012-04-08,Subrata Roy Sahara Stadium,2,Kings XI Punjab,Pune Warriors,144,133,11,8,124,2012,6.97
548349,2012-05-01,Sawai Mansingh Stadium,2,Delhi Daredevils,Rajasthan Royals,144,135,9,4,93,2012,9.29
548378,2012-05-22,Subrata Roy Sahara Stadium,2,Delhi Daredevils,Kolkata Knight Riders,144,130,14,8,124,2012,6.97
548336,2012-04-23,Sawai Mansingh Stadium,2,Rajasthan Royals,Royal Challengers Bangalore,143,133,10,7,124,2012,6.92
548344,2012-04-28,Eden Gardens,2,Royal Challengers Bangalore,Kolkata Knight Riders,143,138,5,6,123,2012,6.98
548353,2012-05-05,Eden Gardens,2,Pune Warriors,Kolkata Knight Riders,143,133,10,8,126,2012,6.81
548312,2012-04-08,Sawai Mansingh Stadium,2,Kolkata Knight Riders,Rajasthan Royals,142,135,7,10,125,2012,6.82
548314,2012-04-09,Dr. Y.S. Rajasekhara Reddy ACA-VDCA Cricket Stadium,2,Mumbai Indians,Deccan Chargers,142,138,4,5,120,2012,7.1
548360,2012-05-09,Wankhede Stadium,2,Royal Challengers Bangalore,Mumbai Indians,142,137,5,1,111,2012,7.68
548349,2012-05-01,Sawai Mansingh Stadium,1,Rajasthan Royals,Delhi Daredevils,141,136,5,6,123,2012,6.88
548360,2012-05-09,Wankhede Stadium,1,Mumbai Indians,Royal Challengers Bangalore,141,134,7,6,122,2012,6.93
548374,2012-05-19,Himachal Pradesh Cricket Association Stadium,1,Kings XI Punjab,Delhi Daredevils,141,133,8,8,123,2012,6.88
548347,2012-04-30,"MA Chidambaram Stadium, Chepauk",2,Kolkata Knight Riders,Chennai Super Kings,140,127,13,5,127,2012,6.61
548369,2012-05-15,Feroz Shah Kotla,2,Delhi Daredevils,Kings XI Punjab,140,138,2,5,115,2012,7.3
548370,2012-05-16,Wankhede Stadium,1,Kolkata Knight Riders,Mumbai Indians,140,126,14,7,128,2012,6.56
548347,2012-04-30,"MA Chidambaram Stadium, Chepauk",1,Chennai Super Kings,Kolkata Knight Riders,139,133,6,5,123,2012,6.78
548314,2012-04-09,Dr. Y.S. Rajasekhara Reddy ACA-VDCA Cricket Stadium,1,Deccan Chargers,Mumbai Indians,138,133,5,9,123,2012,6.73
548362,2012-05-11,Subrata Roy Sahara Stadium,2,Pune Warriors,Royal Challengers Bangalore,138,134,4,9,121,2012,6.84
548310,2012-04-07,M Chinnaswamy Stadium,2,Delhi Daredevils,Royal Challengers Bangalore,137,133,4,7,122,2012,6.74
548320,2012-04-13,Eden Gardens,2,Kolkata Knight Riders,Rajasthan Royals,137,125,12,5,121,2012,6.79
548324,2012-04-15,M Chinnaswamy Stadium,2,Royal Challengers Bangalore,Rajasthan Royals,136,133,3,10,120,2012,6.8
548369,2012-05-15,Feroz Shah Kotla,1,Kings XI Punjab,Delhi Daredevils,136,132,4,8,121,2012,6.74
548375,2012-05-19,Subrata Roy Sahara Stadium,1,Kolkata Knight Riders,Pune Warriors,136,129,7,4,122,2012,6.69
548380,2012-05-25,"MA Chidambaram Stadium, Chepauk",2,Delhi Daredevils,Chennai Super Kings,136,125,11,10,106,2012,7.7
548323,2012-04-15,Eden Gardens,1,Kings XI Punjab,Kolkata Knight Riders,134,127,7,9,121,2012,6.64
548354,2012-05-05,"Punjab Cricket Association Stadium, Mohali",2,Kings XI Punjab,Rajasthan Royals,134,122,12,8,127,2012,6.33
548323,2012-04-15,Eden Gardens,2,Kolkata Knight Riders,Kings XI Punjab,132,123,9,7,122,2012,6.49
548376,2012-05-20,"Rajiv Gandhi International Stadium, Uppal",1,Deccan Chargers,Royal Challengers Bangalore,132,122,10,7,124,2012,6.39
548320,2012-04-13,Eden Gardens,1,Rajasthan Royals,Kolkata Knight Riders,131,121,10,5,125,2012,6.29
548308,2012-04-06,Wankhede Stadium,1,Pune Warriors,Mumbai Indians,129,121,8,9,123,2012,6.29
548373,2012-05-18,"Rajiv Gandhi International Stadium, Uppal",2,Deccan Chargers,Rajasthan Royals,128,119,9,5,119,2012,6.45
548328,2012-04-18,"Punjab Cricket Association Stadium, Mohali",2,Kolkata Knight Riders,Kings XI Punjab,127,122,5,2,100,2012,7.62
548335,2012-04-22,Barabati Stadium,2,Kolkata Knight Riders,Deccan Chargers,127,118,9,5,121,2012,6.3
548361,2012-05-10,Sawai Mansingh Stadium,2,Chennai Super Kings,Rajasthan Royals,127,114,13,6,117,2012,6.51
548335,2012-04-22,Barabati Stadium,1,Deccan Chargers,Kolkata Knight Riders,126,123,3,7,121,2012,6.25
548358,2012-05-08,Subrata Roy Sahara Stadium,2,Rajasthan Royals,Pune Warriors,126,126,0,3,98,2012,7.71
548361,2012-05-10,Sawai Mansingh Stadium,1,Rajasthan Royals,Chennai Super Kings,126,114,12,6,126,2012,6.0
548373,2012-05-18,"Rajiv Gandhi International Stadium, Uppal",1,Rajasthan Royals,Deccan Chargers,126,119,7,8,124,2012,6.1
548358,2012-05-08,Subrata Roy Sahara Stadium,1,Pune Warriors,Rajasthan Royals,125,115,10,6,123,2012,6.1
548365,2012-05-13,Sawai Mansingh Stadium,2,Pune Warriors,Rajasthan Royals,125,121,4,9,122,2012,6.15
548328,2012-04-18,"Punjab Cricket Association Stadium, Mohali",1,Kings XI Punjab,Kolkata Knight Riders,124,121,3,7,122,2012,6.1
548315,2012-04-10,M Chinnaswamy Stadium,2,Royal Challengers Bangalore,Kolkata Knight Riders,123,113,10,9,127,2012,5.81
548371,2012-05-17,Himachal Pradesh Cricket Association Stadium,2,Kings XI Punjab,Chennai Super Kings,123,118,5,4,101,2012,7.31
548376,2012-05-20,"Rajiv Gandhi International Stadium, Uppal",2,Royal Challengers Bangalore,Deccan Chargers,123,120,3,9,123,2012,6.0
548351,2012-05-03,Subrata Roy Sahara Stadium,1,Mumbai Indians,Pune Warriors,120,109,11,9,123,2012,5.85
548371,2012-05-17,Himachal Pradesh Cricket Association Stadium,1,Chennai Super Kings,Kings XI Punjab,120,116,4,7,121,2012,5.95
548311,2012-04-07,Dr. Y.S. Rajasekhara Reddy ACA-VDCA Cricket Stadium,2,Deccan Chargers,Chennai Super Kings,119,115,4,10,106,2012,6.74
548351,2012-05-03,Subrata Roy Sahara Stadium,2,Pune Warriors,Mumbai Indians,119,113,6,6,126,2012,5.67
548319,2012-04-12,"Punjab Cricket Association Stadium, Mohali",2,Kings XI Punjab,Pune Warriors,116,116,0,3,106,2012,6.57
548306,2012-04-04,"MA Chidambaram Stadium, Chepauk",2,Mumbai Indians,Chennai Super Kings,115,109,6,3,104,2012,6.63
548319,2012-04-12,"Punjab Cricket Association Stadium, Mohali",1,Pune Warriors,Kings XI Punjab,115,103,12,10,119,2012,5.8
548364,2012-05-12,"MA Chidambaram Stadium, Chepauk",2,Chennai Super Kings,Delhi Daredevils,115,114,1,1,93,2012,7.42
548364,2012-05-12,"MA Chidambaram Stadium, Chepauk",1,Delhi Daredevils,Chennai Super Kings,114,107,7,5,125,2012,5.47
548306,2012-04-04,"MA Chidambaram Stadium, Chepauk",1,Chennai Super Kings,Mumbai Indians,112,100,12,10,126,2012,5.33
548316,2012-04-10,Feroz Shah Kotla,2,Delhi Daredevils,Chennai Super Kings,111,110,1,2,80,2012,8.32
548316,2012-04-10,Feroz Shah Kotla,1,Chennai Super Kings,Delhi Daredevils,110,104,6,8,124,2012,5.32
548370,2012-05-16,Wankhede Stadium,2,Mumbai Indians,Kolkata Knight Riders,108,104,4,10,117,2012,5.54
548375,2012-05-19,Subrata Roy Sahara Stadium,2,Pune Warriors,Kolkata Knight Riders,102,92,10,8,124,2012,4.94
548308,2012-04-06,Wankhede Stadium,2,Mumbai Indians,Pune Warriors,101,96,5,9,124,2012,4.89
548346,2012-04-29,Wankhede Stadium,2,Mumbai Indians,Deccan Chargers,101,91,10,5,117,2012,5.18
548307,2012-04-05,Eden Gardens,2,Delhi Daredevils,Kolkata Knight Riders,100,95,5,2,68,2012,8.82
548346,2012-04-29,Wankhede Stadium,1,Deccan Chargers,Mumbai Indians,100,95,5,10,115,2012,5.22
548307,2012-04-05,Eden Gardens,1,Kolkata Knight Riders,Delhi Daredevils,97,90,7,9,74,2012,7.86
548325,2012-04-16,Wankhede Stadium,2,Delhi Daredevils,Mumbai Indians,93,82,11,3,95,2012,5.87
548325,2012-04-16,Wankhede Stadium,1,Mumbai Indians,Delhi Daredevils,92,83,9,10,120,2012,4.6
598027,2013-04-23,M Chinnaswamy Stadium,1,Royal Challengers Bangalore,Pune Warriors,263,252,11,5,128,2013,12.33
598051,2013-05-08,"Rajiv Gandhi International Stadium, Uppal",1,Chennai Super Kings,Sunrisers Hyderabad,223,213,10,3,128,2013,10.45
598006,2013-04-09,Wankhede Stadium,1,Mumbai Indians,Delhi Daredevils,209,199,10,5,124,2013,10.11
598034,2013-04-28,"MA Chidambaram Stadium, Chepauk",1,Chennai Super Kings,Kolkata Knight Riders,200,197,3,3,122,2013,9.84
598033,2013-04-27,Wankhede Stadium,1,Mumbai Indians,Royal Challengers Bangalore,194,185,9,7,123,2013,9.46
598064,2013-05-06,"Punjab Cricket Association Stadium, Mohali",2,Kings XI Punjab,Royal Challengers Bangalore,194,183,11,4,113,2013,10.3
598070,2013-05-21,Feroz Shah Kotla,1,Chennai Super Kings,Mumbai Indians,192,191,1,1,120,2013,9.6
598064,2013-05-06,"Punjab Cricket Association Stadium, Mohali",1,Royal Challengers Bangalore,Kings XI Punjab,190,180,10,3,125,2013,9.12
598042,2013-05-02,Subrata Roy Sahara Stadium,1,Royal Challengers Bangalore,Pune Warriors,187,175,12,3,123,2013,9.12
598025,2013-04-21,"Punjab Cricket Association Stadium, Mohali",2,Kings XI Punjab,Pune Warriors,186,183,3,3,120,2013,9.3
598026,2013-04-22,"MA Chidambaram Stadium, Chepauk",2,Chennai Super Kings,Rajasthan Royals,186,179,7,5,121,2013,9.22
598034,2013-04-28,"MA Chidambaram Stadium, Chepauk",2,Kolkata Knight Riders,Chennai Super Kings,186,166,20,4,127,2013,8.79
598041,2013-05-02,"MA Chidambaram Stadium, Chepauk",1,Chennai Super Kings,Kings XI Punjab,186,183,3,4,122,2013,9.15
598025,2013-04-21,"Punjab Cricket Association Stadium, Mohali",1,Pune Warriors,Kings XI Punjab,185,177,8,4,124,2013,8.95
598026,2013-04-22,"MA Chidambaram Stadium, Chepauk",1,Rajasthan Royals,Chennai Super Kings,185,175,10,4,127,2013,8.74
598060,2013-05-13,Wankhede Stadium,2,Mumbai Indians,Sunrisers Hyderabad,184,177,7,4,122,2013,9.05
598011,2013-04-13,Wankhede Stadium,1,Mumbai Indians,Pune Warriors,183,180,3,3,123,2013,8.93
598054,2013-05-10,Feroz Shah Kotla,1,Royal Challengers Bangalore,Delhi Daredevils,183,178,5,4,124,2013,8.85
598066,2013-05-18,Himachal Pradesh Cricket Association Stadium,1,Kings XI Punjab,Mumbai Indians,183,176,7,8,124,2013,8.85
598047,2013-05-05,Sawai Mansingh Stadium,2,Rajasthan Royals,Pune Warriors,182,179,3,5,122,2013,8.95
598013,2013-04-14,Eden Gardens,1,Kolkata Knight Riders,Sunrisers Hyderabad,180,172,8,4,124,2013,8.71
598019,2013-04-17,Sawai Mansingh Stadium,1,Rajasthan Royals,Mumbai Indians,179,164,15,3,128,2013,8.39
598054,2013-05-10,Feroz Shah Kotla,2,Delhi Daredevils,Royal Challengers Bangalore,179,168,11,7,125,2013,8.59
598047,2013-05-05,Sawai Mansingh Stadium,1,Pune Warriors,Rajasthan Royals,178,167,11,4,127,2013,8.41
598060,2013-05-13,Wankhede Stadium,1,Sunrisers Hyderabad,Mumbai Indians,178,171,7,3,126,2013,8.48
598045,2013-05-14,M Chinnaswamy Stadium,2,Kings XI Punjab,Royal Challengers Bangalore,176,168,8,3,113,2013,9.35
598037,2013-04-29,Wankhede Stadium,1,Mumbai Indians,Kings XI Punjab,174,166,8,3,125,2013,8.35
598045,2013-05-14,M Chinnaswamy Stadium,1,Royal Challengers Bangalore,Kings XI Punjab,174,167,7,5,126,2013,8.29
598036,2013-04-29,Sawai Mansingh Stadium,2,Rajasthan Royals,Royal Challengers Bangalore,173,168,5,6,121,2013,8.58
598067,2013-05-19,Subrata Roy Sahara Stadium,1,Pune Warriors,Delhi Daredevils,172,167,5,5,123,2013,8.39
598028,2013-05-16,Himachal Pradesh Cricket Association Stadium,1,Kings XI Punjab,Delhi Daredevils,171,162,9,4,123,2013,8.34
598036,2013-04-29,Sawai Mansingh Stadium,1,Royal Challengers Bangalore,Rajasthan Royals,171,161,10,6,125,2013,8.21
598041,2013-05-02,"MA Chidambaram Stadium, Chepauk",2,Kings XI Punjab,Chennai Super Kings,171,168,3,6,120,2013,8.55
598037,2013-04-29,Wankhede Stadium,2,Kings XI Punjab,Mumbai Indians,170,157,13,10,126,2013,8.1
598042,2013-05-02,Subrata Roy Sahara Stadium,2,Pune Warriors,Royal Challengers Bangalore,170,164,6,9,124,2013,8.23
598050,2013-05-07,Wankhede Stadium,1,Mumbai Indians,Kolkata Knight Riders,170,159,11,6,126,2013,8.1
598061,2013-05-15,JSCA International Stadium Complex,1,Pune Warriors,Kolkata Knight Riders,170,169,1,4,121,2013,8.43
598020,2013-04-18,Feroz Shah Kotla,1,Chennai Super Kings,Delhi Daredevils,169,160,9,4,125,2013,8.11
598072,2013-05-24,Eden Gardens,2,Mumbai Indians,Rajasthan Royals,169,159,10,6,123,2013,8.24
598062,2013-05-14,"MA Chidambaram Stadium, Chepauk",1,Chennai Super Kings,Delhi Daredevils,168,158,10,4,124,2013,8.13
598012,2013-04-13,"MA Chidambaram Stadium, Chepauk",2,Chennai Super Kings,Royal Challengers Bangalore,166,158,8,6,126,2013,7.9
598063,2013-05-15,Wankhede Stadium,1,Mumbai Indians,Rajasthan Royals,166,159,7,8,124,2013,8.03
598001,2013-04-06,Feroz Shah Kotla,1,Rajasthan Royals,Delhi Daredevils,165,156,9,7,122,2013,8.11
598006,2013-04-09,Wankhede Stadium,2,Delhi Daredevils,Mumbai Indians,165,155,10,9,124,2013,7.98
598012,2013-04-13,"MA Chidambaram Stadium, Chepauk",1,Royal Challengers Bangalore,Chennai Super Kings,165,157,8,6,127,2013,7.8
598024,2013-04-21,Feroz Shah Kotla,2,Delhi Daredevils,Mumbai Indians,165,161,4,1,106,2013,9.34
598072,2013-05-24,Eden Gardens,1,Rajasthan Royals,Mumbai Indians,165,151,14,6,125,2013,7.92
598028,2013-05-16,Himachal Pradesh Cricket Association Stadium,2,Delhi Daredevils,Kings XI Punjab,164,151,13,7,121,2013,8.13
598035,2013-04-28,Shaheed Veer Narayan Singh International Stadium,1,Delhi Daredevils,Pune Warriors,164,150,14,5,128,2013,7.69
598038,2013-04-30,Subrata Roy Sahara Stadium,1,Chennai Super Kings,Pune Warriors,164,160,4,3,121,2013,8.13
598061,2013-05-15,JSCA International Stadium Complex,2,Kolkata Knight Riders,Pune Warriors,163,148,15,7,123,2013,7.95
598029,2013-04-24,Eden Gardens,2,Mumbai Indians,Kolkata Knight Riders,162,158,4,5,119,2013,8.17
598048,2013-04-09,M Chinnaswamy Stadium,2,Royal Challengers Bangalore,Sunrisers Hyderabad,162,157,5,3,110,2013,8.84
598024,2013-04-21,Feroz Shah Kotla,1,Mumbai Indians,Delhi Daredevils,161,158,3,4,122,2013,7.92
598048,2013-04-09,M Chinnaswamy Stadium,1,Sunrisers Hyderabad,Royal Challengers Bangalore,161,156,5,6,125,2013,7.73
598001,2013-04-06,Feroz Shah Kotla,2,Delhi Daredevils,Rajasthan Royals,160,149,11,6,126,2013,7.62
598030,2013-04-25,"MA Chidambaram Stadium, Chepauk",2,Chennai Super Kings,Sunrisers Hyderabad,160,154,6,5,123,2013,7.8
598015,2013-04-15,"MA Chidambaram Stadium, Chepauk",1,Pune Warriors,Chennai Super Kings,159,151,8,5,122,2013,7.82
598029,2013-04-24,Eden Gardens,1,Kolkata Knight Riders,Mumbai Indians,159,153,6,6,122,2013,7.82
598030,2013-04-25,"MA Chidambaram Stadium, Chepauk",1,Sunrisers Hyderabad,Chennai Super Kings,159,151,8,6,123,2013,7.76
598008,2013-04-11,M Chinnaswamy Stadium,2,Royal Challengers Bangalore,Kolkata Knight Riders,158,148,10,2,114,2013,8.32
598016,2013-04-16,"Punjab Cricket Association Stadium, Mohali",1,Kings XI Punjab,Kolkata Knight Riders,157,151,6,9,123,2013,7.66
597999,2013-04-04,M Chinnaswamy Stadium,1,Royal Challengers Bangalore,Mumbai Indians,156,140,16,5,125,2013,7.49
598049,2013-05-07,Sawai Mansingh Stadium,2,Rajasthan Royals,Delhi Daredevils,155,144,11,1,112,2013,8.3
597999,2013-04-04,M Chinnaswamy Stadium,2,Mumbai Indians,Royal Challengers Bangalore,154,146,8,5,122,2013,7.57
598008,2013-04-11,M Chinnaswamy Stadium,1,Kolkata Knight Riders,Royal Challengers Bangalore,154,148,6,8,123,2013,7.51
598049,2013-05-07,Sawai Mansingh Stadium,1,Delhi Daredevils,Rajasthan Royals,154,147,7,4,125,2013,7.39
598016,2013-04-16,"Punjab Cricket Association Stadium, Mohali",2,Kolkata Knight Riders,Kings XI Punjab,153,141,12,9,125,2013,7.34
598017,2013-04-16,M Chinnaswamy Stadium,1,Delhi Daredevils,Royal Challengers Bangalore,152,147,5,5,124,2013,7.35
598017,2013-04-16,M Chinnaswamy Stadium,2,Royal Challengers Bangalore,Delhi Daredevils,152,148,4,7,122,2013,7.48
598053,2013-05-09,Subrata Roy Sahara Stadium,1,Kolkata Knight Riders,Pune Warriors,152,141,11,6,124,2013,7.35
598063,2013-05-15,Wankhede Stadium,2,Rajasthan Royals,Mumbai Indians,152,136,16,7,124,2013,7.35
598031,2013-04-26,Eden Gardens,2,Kolkata Knight Riders,Kings XI Punjab,150,138,12,4,113,2013,7.96
598056,2013-05-11,"Punjab Cricket Association Stadium, Mohali",1,Sunrisers Hyderabad,Kings XI Punjab,150,146,4,7,121,2013,7.44
598031,2013-04-26,Eden Gardens,1,Kings XI Punjab,Kolkata Knight Riders,149,144,5,6,120,2013,7.45
598035,2013-04-28,Shaheed Veer Narayan Singh International Stadium,2,Pune Warriors,Delhi Daredevils,149,143,6,4,123,2013,7.27
598002,2013-04-06,"MA Chidambaram Stadium, Chepauk",1,Mumbai Indians,Chennai Super Kings,148,139,9,6,126,2013,7.05
598009,2013-04-11,Subrata Roy Sahara Stadium,2,Pune Warriors,Rajasthan Royals,148,142,6,3,116,2013,7.66
598073,2013-05-26,Eden Gardens,1,Mumbai Indians,Chennai Super Kings,148,143,5,9,123,2013,7.22
598052,2013-05-09,"Punjab Cricket Association Stadium, Mohali",2,Rajasthan Royals,Kings XI Punjab,147,141,6,2,117,2013,7.54
598032,2013-04-27,Sawai Mansingh Stadium,2,Rajasthan Royals,Sunrisers Hyderabad,146,144,2,2,108,2013,8.11
598051,2013-05-08,"Rajiv Gandhi International Stadium, Uppal",2,Sunrisers Hyderabad,Chennai Super Kings,146,142,4,8,124,2013,7.06
598009,2013-04-11,Subrata Roy Sahara Stadium,1,Rajasthan Royals,Pune Warriors,145,138,7,5,123,2013,7.07
598052,2013-05-09,"Punjab Cricket Association Stadium, Mohali",1,Kings XI Punjab,Rajasthan Royals,145,136,9,6,123,2013,7.07
598005,2013-04-08,Sawai Mansingh Stadium,1,Rajasthan Royals,Kolkata Knight Riders,144,135,9,6,122,2013,7.08
598032,2013-04-27,Sawai Mansingh Stadium,1,Sunrisers Hyderabad,Rajasthan Royals,144,133,11,9,129,2013,6.7
598058,2013-05-12,Sawai Mansingh Stadium,2,Rajasthan Royals,Chennai Super Kings,144,143,1,5,104,2013,8.31
598070,2013-05-21,Feroz Shah Kotla,2,Mumbai Indians,Chennai Super Kings,144,139,5,10,114,2013,7.58
598011,2013-04-13,Wankhede Stadium,2,Pune Warriors,Mumbai Indians,142,137,5,8,124,2013,6.87
598058,2013-05-12,Sawai Mansingh Stadium,1,Chennai Super Kings,Rajasthan Royals,141,133,8,4,123,2013,6.88
598002,2013-04-06,"MA Chidambaram Stadium, Chepauk",2,Chennai Super Kings,Mumbai Indians,139,132,7,9,126,2013,6.62
598007,2013-04-10,"Punjab Cricket Association Stadium, Mohali",2,Chennai Super Kings,Kings XI Punjab,139,136,3,0,106,2013,7.87
598046,2013-05-05,Wankhede Stadium,1,Mumbai Indians,Chennai Super Kings,139,135,4,5,124,2013,6.73
598007,2013-04-10,"Punjab Cricket Association Stadium, Mohali",1,Kings XI Punjab,Chennai Super Kings,138,130,8,10,121,2013,6.84
598040,2013-05-01,Shaheed Veer Narayan Singh International Stadium,2,Delhi Daredevils,Kolkata Knight Riders,137,135,2,3,108,2013,7.61
598033,2013-04-27,Wankhede Stadium,2,Royal Challengers Bangalore,Mumbai Indians,136,125,11,7,124,2013,6.58
598040,2013-05-01,Shaheed Veer Narayan Singh International Stadium,1,Kolkata Knight Riders,Delhi Daredevils,136,129,7,7,125,2013,6.53
598065,2013-05-17,"Rajiv Gandhi International Stadium, Uppal",1,Sunrisers Hyderabad,Rajasthan Royals,136,121,15,9,124,2013,6.58
598015,2013-04-15,"MA Chidambaram Stadium, Chepauk",2,Chennai Super Kings,Pune Warriors,135,133,2,8,122,2013,6.64
598062,2013-05-14,"MA Chidambaram Stadium, Chepauk",2,Delhi Daredevils,Chennai Super Kings,135,126,9,9,124,2013,6.53
598071,2013-05-22,Feroz Shah Kotla,2,Rajasthan Royals,Sunrisers Hyderabad,135,131,4,6,118,2013,6.86
598067,2013-05-19,Subrata Roy Sahara Stadium,2,Delhi Daredevils,Pune Warriors,134,118,16,9,127,2013,6.33
598027,2013-04-23,M Chinnaswamy Stadium,2,Pune Warriors,Royal Challengers Bangalore,133,129,4,9,123,2013,6.49
598043,2013-05-03,Eden Gardens,2,Kolkata Knight Riders,Rajasthan Royals,133,123,10,2,108,2013,7.39
598066,2013-05-18,Himachal Pradesh Cricket Association Stadium,2,Mumbai Indians,Kings XI Punjab,133,124,9,9,118,2013,6.76
598013,2013-04-14,Eden Gardens,2,Sunrisers Hyderabad,Kolkata Knight Riders,132,120,12,7,123,2013,6.44
598043,2013-05-03,Eden Gardens,1,Rajasthan Royals,Kolkata Knight Riders,132,125,7,6,126,2013,6.29
598069,2013-05-19,"Rajiv Gandhi International Stadium, Uppal",2,Sunrisers Hyderabad,Kolkata Knight Riders,132,123,9,5,117,2013,6.77
598071,2013-05-22,Feroz Shah Kotla,1,Sunrisers Hyderabad,Rajasthan Royals,132,126,6,7,124,2013,6.39
598004,2013-04-07,"Rajiv Gandhi International Stadium, Uppal",1,Royal Challengers Bangalore,Sunrisers Hyderabad,130,122,8,8,123,2013,6.34
598004,2013-04-07,"Rajiv Gandhi International Stadium, Uppal",2,Sunrisers Hyderabad,Royal Challengers Bangalore,130,114,16,7,125,2013,6.24
598039,2013-05-01,"Rajiv Gandhi International Stadium, Uppal",2,Sunrisers Hyderabad,Mumbai Indians,130,127,3,3,111,2013,7.03
598069,2013-05-19,"Rajiv Gandhi International Stadium, Uppal",1,Kolkata Knight Riders,Sunrisers Hyderabad,130,116,14,7,123,2013,6.34
597998,2013-04-03,Eden Gardens,2,Kolkata Knight Riders,Delhi Daredevils,129,123,6,4,115,2013,6.73
598039,2013-05-01,"Rajiv Gandhi International Stadium, Uppal",1,Mumbai Indians,Sunrisers Hyderabad,129,122,7,4,125,2013,6.19
597998,2013-04-03,Eden Gardens,1,Delhi Daredevils,Kolkata Knight Riders,128,123,5,10,124,2013,6.19
598021,2013-04-19,"Rajiv Gandhi International Stadium, Uppal",2,Sunrisers Hyderabad,Kings XI Punjab,127,121,6,5,114,2013,6.68
598038,2013-04-30,Subrata Roy Sahara Stadium,2,Pune Warriors,Chennai Super Kings,127,121,6,9,124,2013,6.15
598000,2013-04-05,"Rajiv Gandhi International Stadium, Uppal",1,Sunrisers Hyderabad,Pune Warriors,126,123,3,6,122,2013,6.2
598014,2013-04-14,Sawai Mansingh Stadium,2,Rajasthan Royals,Kings XI Punjab,126,117,9,4,119,2013,6.35
598005,2013-04-08,Sawai Mansingh Stadium,2,Kolkata Knight Riders,Rajasthan Royals,125,114,11,10,120,2013,6.25
598073,2013-05-26,Eden Gardens,2,Chennai Super Kings,Mumbai Indians,125,116,9,9,127,2013,5.91
598014,2013-04-14,Sawai Mansingh Stadium,1,Kings XI Punjab,Rajasthan Royals,124,114,10,10,116,2013,6.41
598022,2013-04-20,Eden Gardens,2,Chennai Super Kings,Kolkata Knight Riders,124,118,6,6,116,2013,6.41
598021,2013-04-19,"Rajiv Gandhi International Stadium, Uppal",1,Kings XI Punjab,Sunrisers Hyderabad,123,116,7,9,122,2013,6.05
598023,2013-04-20,M Chinnaswamy Stadium,2,Royal Challengers Bangalore,Rajasthan Royals,123,107,16,3,114,2013,6.47
598059,2013-04-23,Feroz Shah Kotla,2,Kings XI Punjab,Delhi Daredevils,121,115,6,5,103,2013,7.05
598056,2013-05-11,"Punjab Cricket Association Stadium, Mohali",2,Kings XI Punjab,Sunrisers Hyderabad,120,112,8,9,122,2013,5.9
598059,2013-04-23,Feroz Shah Kotla,1,Delhi Daredevils,Kings XI Punjab,120,113,7,7,123,2013,5.85
598018,2013-04-17,Maharashtra Cricket Association Stadium,1,Sunrisers Hyderabad,Pune Warriors,119,114,5,8,125,2013,5.71
598022,2013-04-20,Eden Gardens,1,Kolkata Knight Riders,Chennai Super Kings,119,115,4,9,121,2013,5.9
598023,2013-04-20,M Chinnaswamy Stadium,1,Rajasthan Royals,Royal Challengers Bangalore,117,117,0,10,118,2013,5.95
598055,2013-05-11,Subrata Roy Sahara Stadium,2,Mumbai Indians,Pune Warriors,116,112,4,5,116,2013,6.0
598057,2013-05-12,JSCA International Stadium Complex,2,Kolkata Knight Riders,Royal Challengers Bangalore,116,111,5,5,120,2013,5.8
598010,2013-04-12,Feroz Shah Kotla,2,Sunrisers Hyderabad,Delhi Daredevils,115,112,3,7,118,2013,5.85
598057,2013-05-12,JSCA International Stadium Complex,1,Royal Challengers Bangalore,Kolkata Knight Riders,115,112,3,9,121,2013,5.7
598010,2013-04-12,Feroz Shah Kotla,1,Delhi Daredevils,Sunrisers Hyderabad,114,107,7,8,125,2013,5.47
598065,2013-05-17,"Rajiv Gandhi International Stadium, Uppal",2,Rajasthan Royals,Sunrisers Hyderabad,113,107,6,9,121,2013,5.6
598055,2013-05-11,Subrata Roy Sahara Stadium,1,Pune Warriors,Mumbai Indians,112,108,4,8,121,2013,5.55
598018,2013-04-17,Maharashtra Cricket Association Stadium,2,Pune Warriors,Sunrisers Hyderabad,108,108,0,10,114,2013,5.68
598053,2013-05-09,Subrata Roy Sahara Stadium,2,Pune Warriors,Kolkata Knight Riders,106,102,4,10,120,2013,5.3
598068,2013-05-18,M Chinnaswamy Stadium,1,Royal Challengers Bangalore,Chennai Super Kings,106,101,5,2,50,2013,12.72
598050,2013-05-07,Wankhede Stadium,2,Kolkata Knight Riders,Mumbai Indians,105,96,9,10,110,2013,5.73
598000,2013-04-05,"Rajiv Gandhi International Stadium, Uppal",2,Pune Warriors,Sunrisers Hyderabad,104,102,2,10,115,2013,5.43
598003,2013-04-07,Subrata Roy Sahara Stadium,2,Kings XI Punjab,Pune Warriors,100,97,3,2,77,2013,7.79
598003,2013-04-07,Subrata Roy Sahara Stadium,1,Pune Warriors,Kings XI Punjab,99,96,3,9,121,2013,4.91
598019,2013-04-17,Sawai Mansingh Stadium,2,Mumbai Indians,Rajasthan Royals,92,85,7,10,113,2013,4.88
598020,2013-04-18,Feroz Shah Kotla,2,Delhi Daredevils,Chennai Super Kings,83,79,4,10,109,2013,4.57
598068,2013-05-18,M Chinnaswamy Stadium,2,Chennai Super Kings,Royal Challengers Bangalore,82,80,2,6,50,2013,9.84
598044,2013-05-04,"Rajiv Gandhi International Stadium, Uppal",2,Sunrisers Hyderabad,Delhi Daredevils,81,78,3,4,86,2013,5.65
598044,2013-05-04,"Rajiv Gandhi International Stadium, Uppal",1,Delhi Daredevils,Sunrisers Hyderabad,80,74,6,10,117,2013,4.1
598046,2013-05-05,Wankhede Stadium,2,Chennai Super Kings,Mumbai Indians,79,70,9,10,96,2013,4.94
598004,2013-04-07,"Rajiv Gandhi International Stadium, Uppal",3,Sunrisers Hyderabad,Royal Challengers Bangalore,20,19,1,0,7,2013,17.14
598004,2013-04-07,"Rajiv Gandhi International Stadium, Uppal",4,Royal Challengers Bangalore,Sunrisers Hyderabad,15,15,0,0,6,2013,15.0
598017,2013-04-16,M Chinnaswamy Stadium,3,Royal Challengers Bangalore,Delhi Daredevils,15,15,0,0,6,2013,15.0
598017,2013-04-16,M Chinnaswamy Stadium,4,Delhi Daredevils,Royal Challengers Bangalore,11,11,0,2,6,2013,11.0
733987,2014-05-07,Barabati Stadium,1,Kings XI Punjab,Chennai Super Kings,231,221,10,4,125,2014,11.09
734047,2014-05-30,Wankhede Stadium,1,Kings XI Punjab,Chennai Super Kings,226,215,11,6,129,2014,10.51
734007,2014-05-14,"Rajiv Gandhi International Stadium, Uppal",2,Kings XI Punjab,Sunrisers Hyderabad,211,207,4,4,113,2014,11.2
729283,2014-04-18,Sheikh Zayed Stadium,2,Kings XI Punjab,Chennai Super Kings,206,200,6,4,118,2014,10.47
729283,2014-04-18,Sheikh Zayed Stadium,1,Chennai Super Kings,Kings XI Punjab,205,191,14,4,128,2014,9.61
734007,2014-05-14,"Rajiv Gandhi International Stadium, Uppal",1,Sunrisers Hyderabad,Kings XI Punjab,205,190,15,5,129,2014,9.53
734047,2014-05-30,Wankhede Stadium,2,Chennai Super Kings,Kings XI Punjab,202,186,16,7,128,2014,9.47
734011,2014-05-15,"Sardar Patel Stadium, Motera",1,Rajasthan Royals,Delhi Daredevils,201,186,15,6,125,2014,9.65
734049,2014-06-01,M Chinnaswamy Stadium,2,Kolkata Knight Riders,Kings XI Punjab,200,194,6,7,123,2014,9.76
734049,2014-06-01,M Chinnaswamy Stadium,1,Kings XI Punjab,Kolkata Knight Riders,199,191,8,4,122,2014,9.79
733991,2014-05-09,M Chinnaswamy Stadium,1,Kings XI Punjab,Royal Challengers Bangalore,198,183,15,8,131,2014,9.07
734027,2014-05-22,Eden Gardens,1,Kolkata Knight Riders,Royal Challengers Bangalore,195,188,7,4,125,2014,9.36
734041,2014-05-25,Wankhede Stadium,2,Mumbai Indians,Rajasthan Royals,195,188,7,5,92,2014,12.72
729291,2014-04-20,Sharjah Cricket Stadium,2,Kings XI Punjab,Rajasthan Royals,193,184,9,3,116,2014,9.98
729295,2014-04-22,Sharjah Cricket Stadium,1,Kings XI Punjab,Sunrisers Hyderabad,193,184,9,6,124,2014,9.34
729291,2014-04-20,Sharjah Cricket Stadium,1,Rajasthan Royals,Kings XI Punjab,191,185,6,5,123,2014,9.32
733999,2014-05-11,M Chinnaswamy Stadium,2,Rajasthan Royals,Royal Challengers Bangalore,191,184,7,5,118,2014,9.71
733999,2014-05-11,M Chinnaswamy Stadium,1,Royal Challengers Bangalore,Rajasthan Royals,190,183,7,5,125,2014,9.12
734029,2014-05-22,JSCA International Stadium Complex,2,Sunrisers Hyderabad,Chennai Super Kings,189,184,5,4,121,2014,9.37
734041,2014-05-25,Wankhede Stadium,1,Rajasthan Royals,Mumbai Indians,189,184,5,4,123,2014,9.22
733983,2014-05-06,Wankhede Stadium,1,Mumbai Indians,Royal Challengers Bangalore,187,162,25,5,128,2014,8.77
733987,2014-05-07,Barabati Stadium,2,Chennai Super Kings,Kings XI Punjab,187,183,4,6,123,2014,9.12
734005,2014-05-13,M Chinnaswamy Stadium,1,Royal Challengers Bangalore,Delhi Daredevils,186,177,9,4,125,2014,8.93
734029,2014-05-22,JSCA International Stadium Complex,1,Chennai Super Kings,Sunrisers Hyderabad,185,177,8,3,121,2014,9.17
729301,2014-04-25,Dubai International Cricket Stadium,1,Sunrisers Hyderabad,Delhi Daredevils,184,179,5,1,122,2014,9.05
733981,2014-05-05,Feroz Shah Kotla,2,Chennai Super Kings,Delhi Daredevils,181,170,11,2,120,2014,9.05
729301,2014-04-25,Dubai International Cricket Stadium,2,Delhi Daredevils,Sunrisers Hyderabad,180,174,6,4,123,2014,8.78
734033,2014-05-23,"Punjab Cricket Association Stadium, Mohali",1,Kings XI Punjab,Rajasthan Royals,179,165,14,4,124,2014,8.66
733981,2014-05-05,Feroz Shah Kotla,1,Delhi Daredevils,Chennai Super Kings,178,167,11,5,124,2014,8.61
734017,2014-05-19,"Sardar Patel Stadium, Motera",1,Mumbai Indians,Rajasthan Royals,178,172,6,3,123,2014,8.68
729293,2014-04-21,Sheikh Zayed Stadium,1,Chennai Super Kings,Delhi Daredevils,177,171,6,7,123,2014,8.63
734045,2014-05-28,Brabourne Stadium,2,Chennai Super Kings,Mumbai Indians,176,167,9,3,118,2014,8.95
734031,2014-05-23,Wankhede Stadium,1,Mumbai Indians,Delhi Daredevils,173,164,9,10,120,2014,8.65
734045,2014-05-28,Brabourne Stadium,1,Mumbai Indians,Chennai Super Kings,173,171,2,8,120,2014,8.65
729317,2014-04-30,Dubai International Cricket Stadium,1,Sunrisers Hyderabad,Mumbai Indians,172,154,18,5,125,2014,8.26
733973,2014-05-03,Wankhede Stadium,2,Mumbai Indians,Kings XI Punjab,170,164,6,5,118,2014,8.64
733979,2014-05-05,"Sardar Patel Stadium, Motera",1,Rajasthan Royals,Kolkata Knight Riders,170,163,7,6,124,2014,8.23
734005,2014-05-13,M Chinnaswamy Stadium,2,Delhi Daredevils,Royal Challengers Bangalore,170,160,10,7,124,2014,8.23
733973,2014-05-03,Wankhede Stadium,1,Kings XI Punjab,Mumbai Indians,168,155,13,5,125,2014,8.06
733983,2014-05-06,Wankhede Stadium,2,Royal Challengers Bangalore,Mumbai Indians,168,158,10,8,124,2014,8.13
729289,2014-04-19,Dubai International Cricket Stadium,2,Delhi Daredevils,Kolkata Knight Riders,167,156,11,6,120,2014,8.35
729289,2014-04-19,Dubai International Cricket Stadium,1,Kolkata Knight Riders,Delhi Daredevils,166,152,14,5,129,2014,7.72
733991,2014-05-09,M Chinnaswamy Stadium,2,Royal Challengers Bangalore,Kings XI Punjab,166,160,6,9,124,2014,8.03
734019,2014-05-19,Feroz Shah Kotla,2,Kings XI Punjab,Delhi Daredevils,165,150,15,6,129,2014,7.67
734027,2014-05-22,Eden Gardens,2,Royal Challengers Bangalore,Kolkata Knight Riders,165,155,10,5,122,2014,8.11
734019,2014-05-19,Feroz Shah Kotla,1,Delhi Daredevils,Kings XI Punjab,164,159,5,7,124,2014,7.94
729279,2014-04-16,Sheikh Zayed Stadium,1,Kolkata Knight Riders,Mumbai Indians,163,155,8,5,124,2014,7.89
734033,2014-05-23,"Punjab Cricket Association Stadium, Mohali",2,Rajasthan Royals,Kings XI Punjab,163,156,7,8,123,2014,7.95
734043,2014-05-27,Eden Gardens,1,Kolkata Knight Riders,Kings XI Punjab,163,156,7,8,123,2014,7.95
733985,2014-05-07,Feroz Shah Kotla,2,Kolkata Knight Riders,Delhi Daredevils,161,149,12,2,111,2014,8.7
734021,2014-05-20,"Rajiv Gandhi International Stadium, Uppal",2,Sunrisers Hyderabad,Royal Challengers Bangalore,161,154,7,3,121,2014,7.98
734037,2014-05-24,Eden Gardens,2,Kolkata Knight Riders,Sunrisers Hyderabad,161,156,5,6,90,2014,10.73
733979,2014-05-05,"Sardar Patel Stadium, Motera",2,Kolkata Knight Riders,Rajasthan Royals,160,150,10,6,125,2014,7.68
733985,2014-05-07,Feroz Shah Kotla,1,Delhi Daredevils,Kolkata Knight Riders,160,152,8,5,122,2014,7.87
733995,2014-05-10,Wankhede Stadium,2,Chennai Super Kings,Mumbai Indians,160,149,11,6,122,2014,7.87
734001,2014-05-12,"Rajiv Gandhi International Stadium, Uppal",2,Mumbai Indians,Sunrisers Hyderabad,160,157,3,3,115,2014,8.35
734021,2014-05-20,"Rajiv Gandhi International Stadium, Uppal",1,Royal Challengers Bangalore,Sunrisers Hyderabad,160,153,7,6,123,2014,7.8
734035,2014-05-24,M Chinnaswamy Stadium,2,Chennai Super Kings,Royal Challengers Bangalore,160,155,5,2,107,2014,8.97
734037,2014-05-24,Eden Gardens,1,Sunrisers Hyderabad,Kolkata Knight Riders,160,139,21,7,124,2014,7.74
734025,2014-05-21,"Punjab Cricket Association Stadium, Mohali",2,Mumbai Indians,Kings XI Punjab,159,149,10,3,120,2014,7.95
733977,2014-05-04,M Chinnaswamy Stadium,2,Royal Challengers Bangalore,Sunrisers Hyderabad,158,153,5,6,123,2014,7.71
734031,2014-05-23,Wankhede Stadium,2,Delhi Daredevils,Mumbai Indians,158,152,6,4,123,2014,7.71
729317,2014-04-30,Dubai International Cricket Stadium,2,Mumbai Indians,Sunrisers Hyderabad,157,148,9,7,126,2014,7.48
733995,2014-05-10,Wankhede Stadium,1,Mumbai Indians,Chennai Super Kings,157,152,5,6,124,2014,7.6
734001,2014-05-12,"Rajiv Gandhi International Stadium, Uppal",1,Sunrisers Hyderabad,Mumbai Indians,157,151,6,3,124,2014,7.6
733975,2014-05-03,Feroz Shah Kotla,2,Rajasthan Royals,Delhi Daredevils,156,152,4,3,114,2014,8.21
734023,2014-05-20,Eden Gardens,2,Kolkata Knight Riders,Chennai Super Kings,156,152,4,2,109,2014,8.59
734025,2014-05-21,"Punjab Cricket Association Stadium, Mohali",1,Kings XI Punjab,Mumbai Indians,156,148,8,8,123,2014,7.61
733977,2014-05-04,M Chinnaswamy Stadium,1,Sunrisers Hyderabad,Royal Challengers Bangalore,155,145,10,6,127,2014,7.32
734023,2014-05-20,Eden Gardens,1,Chennai Super Kings,Kolkata Knight Riders,154,151,3,4,123,2014,7.51
734035,2014-05-24,M Chinnaswamy Stadium,1,Royal Challengers Bangalore,Chennai Super Kings,154,148,6,6,124,2014,7.45
734017,2014-05-19,"Sardar Patel Stadium, Motera",2,Rajasthan Royals,Mumbai Indians,153,145,8,8,127,2014,7.23
729315,2014-04-29,Sheikh Zayed Stadium,1,Rajasthan Royals,Kolkata Knight Riders,152,147,5,5,123,2014,7.41
729315,2014-04-29,Sheikh Zayed Stadium,2,Kolkata Knight Riders,Rajasthan Royals,152,141,11,8,127,2014,7.18
733975,2014-05-03,Feroz Shah Kotla,1,Delhi Daredevils,Rajasthan Royals,152,148,4,5,121,2014,7.54
729299,2014-04-24,Sharjah Cricket Stadium,1,Kolkata Knight Riders,Royal Challengers Bangalore,150,143,7,7,124,2014,7.26
733997,2014-05-11,Barabati Stadium,2,Kolkata Knight Riders,Kings XI Punjab,150,145,5,1,111,2014,8.11
733997,2014-05-11,Barabati Stadium,1,Kings XI Punjab,Kolkata Knight Riders,149,145,4,8,122,2014,7.33
734003,2014-05-13,JSCA International Stadium Complex,2,Chennai Super Kings,Rajasthan Royals,149,141,8,5,123,2014,7.27
729299,2014-04-24,Sharjah Cricket Stadium,2,Royal Challengers Bangalore,Kolkata Knight Riders,148,140,8,5,123,2014,7.22
733971,2014-05-02,JSCA International Stadium Complex,1,Chennai Super Kings,Kolkata Knight Riders,148,142,6,3,103,2014,8.62
734003,2014-05-13,JSCA International Stadium Complex,1,Rajasthan Royals,Chennai Super Kings,148,136,12,8,123,2014,7.22
729281,2014-04-17,Sharjah Cricket Stadium,2,Royal Challengers Bangalore,Delhi Daredevils,146,142,4,2,104,2014,8.42
729311,2014-04-27,Sharjah Cricket Stadium,2,Chennai Super Kings,Sunrisers Hyderabad,146,142,4,5,117,2014,7.49
734015,2014-05-18,"Rajiv Gandhi International Stadium, Uppal",2,Kolkata Knight Riders,Sunrisers Hyderabad,146,145,1,3,118,2014,7.42
729281,2014-04-17,Sharjah Cricket Stadium,1,Delhi Daredevils,Royal Challengers Bangalore,145,135,10,4,126,2014,6.9
729311,2014-04-27,Sharjah Cricket Stadium,1,Sunrisers Hyderabad,Chennai Super Kings,145,129,16,5,123,2014,7.07
733993,2014-05-10,Feroz Shah Kotla,1,Delhi Daredevils,Sunrisers Hyderabad,143,138,5,7,121,2014,7.09
729303,2014-04-25,Dubai International Cricket Stadium,2,Chennai Super Kings,Mumbai Indians,142,135,7,3,117,2014,7.28
734009,2014-05-14,Barabati Stadium,2,Kolkata Knight Riders,Mumbai Indians,142,137,5,4,116,2014,7.34
734013,2014-05-18,JSCA International Stadium Complex,2,Royal Challengers Bangalore,Chennai Super Kings,142,129,13,5,122,2014,6.98
734015,2014-05-18,"Rajiv Gandhi International Stadium, Uppal",1,Sunrisers Hyderabad,Kolkata Knight Riders,142,132,10,8,126,2014,6.76
729303,2014-04-25,Dubai International Cricket Stadium,1,Mumbai Indians,Chennai Super Kings,141,140,1,7,120,2014,7.05
734009,2014-05-14,Barabati Stadium,1,Mumbai Indians,Kolkata Knight Riders,141,134,7,5,125,2014,6.77
729297,2014-04-23,Dubai International Cricket Stadium,1,Chennai Super Kings,Rajasthan Royals,140,127,13,6,127,2014,6.61
734011,2014-05-15,"Sardar Patel Stadium, Motera",2,Delhi Daredevils,Rajasthan Royals,139,130,9,9,126,2014,6.62
734013,2014-05-18,JSCA International Stadium Complex,1,Chennai Super Kings,Royal Challengers Bangalore,138,132,6,4,123,2014,6.73
729285,2014-04-18,Sheikh Zayed Stadium,2,Rajasthan Royals,Sunrisers Hyderabad,135,130,5,6,119,2014,6.81
734043,2014-05-27,Eden Gardens,2,Kings XI Punjab,Kolkata Knight Riders,135,130,5,8,122,2014,6.64
733989,2014-05-08,"Sardar Patel Stadium, Motera",1,Sunrisers Hyderabad,Rajasthan Royals,134,122,12,9,122,2014,6.59
729285,2014-04-18,Sheikh Zayed Stadium,1,Sunrisers Hyderabad,Rajasthan Royals,133,118,15,6,125,2014,6.38
729297,2014-04-23,Dubai International Cricket Stadium,2,Rajasthan Royals,Chennai Super Kings,133,131,2,10,121,2014,6.6
729307,2014-04-26,Sheikh Zayed Stadium,1,Kings XI Punjab,Kolkata Knight Riders,132,127,5,9,122,2014,6.49
729313,2014-04-28,Dubai International Cricket Stadium,2,Kings XI Punjab,Royal Challengers Bangalore,127,115,12,5,119,2014,6.4
729309,2014-04-27,Sharjah Cricket Stadium,2,Delhi Daredevils,Mumbai Indians,126,117,9,4,114,2014,6.63
729309,2014-04-27,Sharjah Cricket Stadium,1,Mumbai Indians,Delhi Daredevils,125,114,11,7,124,2014,6.05
729313,2014-04-28,Dubai International Cricket Stadium,1,Royal Challengers Bangalore,Kings XI Punjab,124,114,10,8,121,2014,6.15
729279,2014-04-16,Sheikh Zayed Stadium,2,Mumbai Indians,Kolkata Knight Riders,122,117,5,7,121,2014,6.05
729295,2014-04-22,Sharjah Cricket Stadium,2,Sunrisers Hyderabad,Kings XI Punjab,121,113,8,10,121,2014,6.0
734039,2014-05-25,"Punjab Cricket Association Stadium, Mohali",2,Kings XI Punjab,Delhi Daredevils,119,104,15,3,89,2014,8.02
729287,2014-04-19,Dubai International Cricket Stadium,2,Royal Challengers Bangalore,Mumbai Indians,116,114,2,3,106,2014,6.57
729287,2014-04-19,Dubai International Cricket Stadium,1,Mumbai Indians,Royal Challengers Bangalore,115,103,12,9,124,2014,5.56
734039,2014-05-25,"Punjab Cricket Association Stadium, Mohali",1,Delhi Daredevils,Kings XI Punjab,115,108,7,10,111,2014,6.22
733971,2014-05-02,JSCA International Stadium Complex,2,Kolkata Knight Riders,Chennai Super Kings,114,110,4,9,103,2014,6.64
729307,2014-04-26,Sheikh Zayed Stadium,2,Kolkata Knight Riders,Kings XI Punjab,109,99,10,10,115,2014,5.69
733989,2014-05-08,"Sardar Patel Stadium, Motera",2,Rajasthan Royals,Sunrisers Hyderabad,102,92,10,10,124,2014,4.94
729293,2014-04-21,Sheikh Zayed Stadium,2,Delhi Daredevils,Chennai Super Kings,84,82,2,9,96,2014,5.25
729305,2014-04-26,Sheikh Zayed Stadium,2,Rajasthan Royals,Royal Challengers Bangalore,71,68,3,4,80,2014,5.32
729305,2014-04-26,Sheikh Zayed Stadium,1,Royal Challengers Bangalore,Rajasthan Royals,70,66,4,10,91,2014,4.62
733993,2014-05-10,Feroz Shah Kotla,2,Sunrisers Hyderabad,Delhi Daredevils,44,33,11,2,30,2014,8.8
729315,2014-04-29,Sheikh Zayed Stadium,3,Kolkata Knight Riders,Rajasthan Royals,11,10,1,2,6,2014,11.0
729315,2014-04-29,Sheikh Zayed Stadium,4,Rajasthan Royals,Kolkata Knight Riders,11,11,0,0,6,2014,11.0
829795,2015-05-10,Wankhede Stadium,1,Royal Challengers Bangalore,Mumbai Indians,235,228,7,1,125,2015,11.28
829785,2015-05-06,M Chinnaswamy Stadium,1,Royal Challengers Bangalore,Kings XI Punjab,226,215,11,3,128,2015,10.59
829711,2015-04-11,"MA Chidambaram Stadium, Chepauk",1,Chennai Super Kings,Sunrisers Hyderabad,209,194,15,4,128,2015,9.8
829737,2015-04-19,M Chinnaswamy Stadium,1,Mumbai Indians,Royal Challengers Bangalore,209,192,17,7,128,2015,9.8
829823,2015-05-24,Eden Gardens,1,Mumbai Indians,Chennai Super Kings,202,196,6,5,121,2015,10.02
829787,2015-05-07,Brabourne Stadium,1,Sunrisers Hyderabad,Rajasthan Royals,201,186,15,4,126,2015,9.57
829763,2015-04-29,M Chinnaswamy Stadium,1,Royal Challengers Bangalore,Rajasthan Royals,200,184,16,7,128,2015,9.38
829811,2015-05-16,Brabourne Stadium,1,Rajasthan Royals,Kolkata Knight Riders,199,189,10,6,125,2015,9.55
829795,2015-05-10,Wankhede Stadium,2,Mumbai Indians,Royal Challengers Bangalore,196,192,4,7,123,2015,9.56
829787,2015-05-07,Brabourne Stadium,2,Rajasthan Royals,Sunrisers Hyderabad,194,187,7,7,121,2015,9.62
829753,2015-04-25,"MA Chidambaram Stadium, Chepauk",1,Chennai Super Kings,Kings XI Punjab,192,180,12,3,126,2015,9.14
829773,2015-05-02,"Rajiv Gandhi International Stadium, Uppal",1,Sunrisers Hyderabad,Chennai Super Kings,192,187,5,7,124,2015,9.29
829737,2015-04-19,M Chinnaswamy Stadium,2,Royal Challengers Bangalore,Mumbai Indians,191,175,16,7,134,2015,8.55
829741,2015-04-21,"Sardar Patel Stadium, Motera",1,Rajasthan Royals,Kings XI Punjab,191,181,10,6,126,2015,9.1
829741,2015-04-21,"Sardar Patel Stadium, Motera",2,Kings XI Punjab,Rajasthan Royals,191,186,5,6,121,2015,9.47
829747,2015-04-23,Feroz Shah Kotla,1,Delhi Daredevils,Mumbai Indians,190,182,8,4,127,2015,8.98
829811,2015-05-16,Brabourne Stadium,2,Kolkata Knight Riders,Rajasthan Royals,190,164,26,9,134,2015,8.51
829729,2015-04-17,Wankhede Stadium,2,Chennai Super Kings,Mumbai Indians,189,178,11,4,111,2015,10.22
829777,2015-05-03,Brabourne Stadium,1,Rajasthan Royals,Delhi Daredevils,189,181,8,2,124,2015,9.15
829769,2015-05-01,Wankhede Stadium,1,Mumbai Indians,Rajasthan Royals,187,178,9,5,125,2015,8.98
829813,2015-05-17,M Chinnaswamy Stadium,1,Delhi Daredevils,Royal Challengers Bangalore,187,181,6,5,123,2015,9.12
829817,2015-05-19,Wankhede Stadium,1,Mumbai Indians,Chennai Super Kings,187,178,9,6,129,2015,8.7
829715,2015-04-12,Feroz Shah Kotla,2,Rajasthan Royals,Delhi Daredevils,186,180,6,7,125,2015,8.93
829799,2015-05-11,"Rajiv Gandhi International Stadium, Uppal",1,Sunrisers Hyderabad,Kings XI Punjab,185,180,5,5,124,2015,8.95
829715,2015-04-12,Feroz Shah Kotla,1,Delhi Daredevils,Rajasthan Royals,184,175,9,3,127,2015,8.69
829791,2015-05-09,Eden Gardens,2,Kolkata Knight Riders,Kings XI Punjab,184,177,7,9,123,2015,8.98
829729,2015-04-17,Wankhede Stadium,1,Mumbai Indians,Chennai Super Kings,183,176,7,7,124,2015,8.85
829791,2015-05-09,Eden Gardens,1,Kings XI Punjab,Kolkata Knight Riders,183,174,9,5,123,2015,8.93
829745,2015-04-22,M Chinnaswamy Stadium,1,Chennai Super Kings,Royal Challengers Bangalore,181,171,10,8,123,2015,8.83
829799,2015-05-11,"Rajiv Gandhi International Stadium, Uppal",2,Kings XI Punjab,Sunrisers Hyderabad,180,173,7,7,124,2015,8.71
829819,2015-05-20,Maharashtra Cricket Association Stadium,1,Royal Challengers Bangalore,Rajasthan Royals,180,168,12,4,125,2015,8.64
829713,2015-04-11,Eden Gardens,2,Royal Challengers Bangalore,Kolkata Knight Riders,179,171,8,7,115,2015,9.34
829769,2015-05-01,Wankhede Stadium,2,Rajasthan Royals,Mumbai Indians,179,167,12,7,128,2015,8.39
829713,2015-04-11,Eden Gardens,1,Kolkata Knight Riders,Royal Challengers Bangalore,177,171,6,6,123,2015,8.63
829717,2015-04-12,Wankhede Stadium,1,Kings XI Punjab,Mumbai Indians,177,171,6,5,123,2015,8.63
829743,2015-04-22,Dr. Y.S. Rajasekhara Reddy ACA-VDCA Cricket Stadium,1,Sunrisers Hyderabad,Kolkata Knight Riders,176,172,4,4,122,2015,8.66
829777,2015-05-03,Brabourne Stadium,2,Delhi Daredevils,Rajasthan Royals,175,160,15,7,131,2015,8.02
829719,2015-04-13,M Chinnaswamy Stadium,2,Sunrisers Hyderabad,Royal Challengers Bangalore,172,156,16,2,111,2015,9.3
829775,2015-05-03,"Punjab Cricket Association Stadium, Mohali",1,Mumbai Indians,Kings XI Punjab,172,167,5,3,122,2015,8.46
829761,2015-05-07,Eden Gardens,1,Kolkata Knight Riders,Delhi Daredevils,171,159,12,7,125,2015,8.21
829805,2015-05-14,Wankhede Stadium,1,Mumbai Indians,Kolkata Knight Riders,171,161,10,4,129,2015,7.95
829705,2015-04-08,Eden Gardens,2,Kolkata Knight Riders,Mumbai Indians,170,166,4,3,113,2015,9.03
829773,2015-05-02,"Rajiv Gandhi International Stadium, Uppal",2,Chennai Super Kings,Sunrisers Hyderabad,170,163,7,6,124,2015,8.23
829723,2015-04-30,Eden Gardens,2,Kolkata Knight Riders,Chennai Super Kings,169,159,10,3,124,2015,8.18
829725,2015-04-15,Maharashtra Cricket Association Stadium,2,Delhi Daredevils,Kings XI Punjab,169,158,11,5,127,2015,7.98
829705,2015-04-08,Eden Gardens,1,Mumbai Indians,Kolkata Knight Riders,168,165,3,3,122,2015,8.26
829731,2015-04-18,Dr. Y.S. Rajasekhara Reddy ACA-VDCA Cricket Stadium,1,Delhi Daredevils,Sunrisers Hyderabad,167,158,9,4,126,2015,7.95
829781,2015-05-04,Eden Gardens,1,Kolkata Knight Riders,Sunrisers Hyderabad,167,160,7,7,121,2015,8.28
829719,2015-04-13,M Chinnaswamy Stadium,1,Royal Challengers Bangalore,Sunrisers Hyderabad,166,150,16,10,126,2015,7.9
829805,2015-05-14,Wankhede Stadium,2,Kolkata Knight Riders,Mumbai Indians,166,158,8,7,127,2015,7.84
829721,2015-04-14,"Sardar Patel Stadium, Motera",2,Rajasthan Royals,Mumbai Indians,165,161,4,3,119,2015,8.32
829723,2015-04-30,Eden Gardens,1,Chennai Super Kings,Kolkata Knight Riders,165,145,20,9,122,2015,8.11
829725,2015-04-15,Maharashtra Cricket Association Stadium,1,Kings XI Punjab,Delhi Daredevils,165,157,8,7,126,2015,7.86
829711,2015-04-11,"MA Chidambaram Stadium, Chepauk",2,Sunrisers Hyderabad,Chennai Super Kings,164,153,11,6,124,2015,7.94
829721,2015-04-14,"Sardar Patel Stadium, Motera",1,Mumbai Indians,Rajasthan Royals,164,159,5,6,121,2015,8.13
829731,2015-04-18,Dr. Y.S. Rajasekhara Reddy ACA-VDCA Cricket Stadium,2,Sunrisers Hyderabad,Delhi Daredevils,163,159,4,8,121,2015,8.08
829793,2015-05-09,Shaheed Veer Narayan Singh International Stadium,1,Sunrisers Hyderabad,Delhi Daredevils,163,159,4,4,123,2015,7.95
829709,2015-04-10,Maharashtra Cricket Association Stadium,1,Rajasthan Royals,Kings XI Punjab,162,141,21,7,128,2015,7.59
829817,2015-05-19,Wankhede Stadium,2,Chennai Super Kings,Mumbai Indians,162,154,8,10,119,2015,8.17
829823,2015-05-24,Eden Gardens,2,Chennai Super Kings,Mumbai Indians,161,154,7,8,125,2015,7.73
829717,2015-04-12,Wankhede Stadium,2,Mumbai Indians,Kings XI Punjab,159,151,8,7,125,2015,7.63
829733,2015-04-18,Maharashtra Cricket Association Stadium,2,Kolkata Knight Riders,Kings XI Punjab,159,157,2,6,108,2015,8.83
829789,2015-05-08,"MA Chidambaram Stadium, Chepauk",2,Mumbai Indians,Chennai Super Kings,159,157,2,4,117,2015,8.15
829761,2015-05-07,Eden Gardens,2,Delhi Daredevils,Kolkata Knight Riders,158,151,7,6,125,2015,7.58
829789,2015-05-08,"MA Chidambaram Stadium, Chepauk",1,Chennai Super Kings,Mumbai Indians,158,152,6,5,122,2015,7.77
829735,2015-04-19,"Sardar Patel Stadium, Motera",2,Rajasthan Royals,Chennai Super Kings,157,156,1,2,111,2015,8.49
829751,2015-04-25,Wankhede Stadium,1,Mumbai Indians,Sunrisers Hyderabad,157,147,10,8,129,2015,7.3
829793,2015-05-09,Shaheed Veer Narayan Singh International Stadium,2,Delhi Daredevils,Sunrisers Hyderabad,157,153,4,4,121,2015,7.79
829797,2015-05-10,"MA Chidambaram Stadium, Chepauk",1,Chennai Super Kings,Rajasthan Royals,157,149,8,5,123,2015,7.66
829735,2015-04-19,"Sardar Patel Stadium, Motera",1,Chennai Super Kings,Rajasthan Royals,156,150,6,4,123,2015,7.61
829733,2015-04-18,Maharashtra Cricket Association Stadium,1,Kings XI Punjab,Kolkata Knight Riders,155,142,13,9,123,2015,7.56
829745,2015-04-22,M Chinnaswamy Stadium,2,Royal Challengers Bangalore,Chennai Super Kings,154,148,6,8,121,2015,7.64
829747,2015-04-23,Feroz Shah Kotla,2,Mumbai Indians,Delhi Daredevils,153,142,11,9,128,2015,7.17
829783,2015-05-05,Wankhede Stadium,2,Mumbai Indians,Delhi Daredevils,153,144,9,5,123,2015,7.46
829783,2015-05-05,Wankhede Stadium,1,Delhi Daredevils,Mumbai Indians,152,148,4,6,121,2015,7.54
829707,2015-04-09,"MA Chidambaram Stadium, Chepauk",1,Chennai Super Kings,Delhi Daredevils,150,136,14,7,123,2015,7.32
829759,2015-04-27,"Punjab Cricket Association Stadium, Mohali",1,Sunrisers Hyderabad,Kings XI Punjab,150,149,1,6,120,2015,7.5
829707,2015-04-09,"MA Chidambaram Stadium, Chepauk",2,Delhi Daredevils,Chennai Super Kings,149,144,5,9,125,2015,7.15
829775,2015-05-03,"Punjab Cricket Association Stadium, Mohali",2,Kings XI Punjab,Mumbai Indians,149,137,12,7,123,2015,7.27
829779,2015-05-04,"MA Chidambaram Stadium, Chepauk",1,Chennai Super Kings,Royal Challengers Bangalore,148,143,5,9,125,2015,7.1
829739,2015-04-20,Feroz Shah Kotla,2,Kolkata Knight Riders,Delhi Daredevils,147,140,7,4,112,2015,7.88
829739,2015-04-20,Feroz Shah Kotla,1,Delhi Daredevils,Kolkata Knight Riders,146,133,13,8,126,2015,6.95
829797,2015-05-10,"MA Chidambaram Stadium, Chepauk",2,Rajasthan Royals,Chennai Super Kings,145,139,6,9,124,2015,7.02
829821,2015-05-22,JSCA International Stadium Complex,2,Chennai Super Kings,Royal Challengers Bangalore,140,133,7,7,122,2015,6.89
829821,2015-05-22,JSCA International Stadium Complex,1,Royal Challengers Bangalore,Chennai Super Kings,139,132,7,8,125,2015,6.67
829751,2015-04-25,Wankhede Stadium,2,Sunrisers Hyderabad,Mumbai Indians,137,132,5,8,123,2015,6.68
829709,2015-04-10,Maharashtra Cricket Association Stadium,2,Kings XI Punjab,Rajasthan Royals,136,127,9,8,127,2015,6.43
829807,2015-05-15,"Rajiv Gandhi International Stadium, Uppal",1,Sunrisers Hyderabad,Royal Challengers Bangalore,135,128,7,3,70,2015,11.57
829749,2015-04-24,"Sardar Patel Stadium, Motera",2,Royal Challengers Bangalore,Rajasthan Royals,134,129,5,1,97,2015,8.29
829765,2015-04-28,"MA Chidambaram Stadium, Chepauk",1,Chennai Super Kings,Kolkata Knight Riders,134,122,12,6,127,2015,6.33
829809,2015-05-16,"Punjab Cricket Association Stadium, Mohali",2,Chennai Super Kings,Kings XI Punjab,134,128,6,3,106,2015,7.58
829765,2015-04-28,"MA Chidambaram Stadium, Chepauk",2,Kolkata Knight Riders,Chennai Super Kings,132,127,5,9,123,2015,6.44
829781,2015-05-04,Eden Gardens,2,Sunrisers Hyderabad,Kolkata Knight Riders,132,128,4,9,124,2015,6.39
829727,2015-04-16,Dr. Y.S. Rajasekhara Reddy ACA-VDCA Cricket Stadium,2,Rajasthan Royals,Sunrisers Hyderabad,131,124,7,4,124,2015,6.34
829749,2015-04-24,"Sardar Patel Stadium, Motera",1,Rajasthan Royals,Royal Challengers Bangalore,130,126,4,9,123,2015,6.34
829759,2015-04-27,"Punjab Cricket Association Stadium, Mohali",2,Kings XI Punjab,Sunrisers Hyderabad,130,123,7,9,125,2015,6.24
829809,2015-05-16,"Punjab Cricket Association Stadium, Mohali",1,Kings XI Punjab,Chennai Super Kings,130,121,9,7,123,2015,6.34
829727,2015-04-16,Dr. Y.S. Rajasekhara Reddy ACA-VDCA Cricket Stadium,1,Sunrisers Hyderabad,Rajasthan Royals,127,121,6,5,125,2015,6.1
829779,2015-05-04,"MA Chidambaram Stadium, Chepauk",2,Royal Challengers Bangalore,Chennai Super Kings,124,122,2,10,119,2015,6.25
829801,2015-05-12,Shaheed Veer Narayan Singh International Stadium,2,Delhi Daredevils,Chennai Super Kings,120,120,0,4,100,2015,7.2
829767,2015-05-01,Feroz Shah Kotla,2,Delhi Daredevils,Kings XI Punjab,119,111,8,1,89,2015,8.02
829801,2015-05-12,Shaheed Veer Narayan Singh International Stadium,1,Chennai Super Kings,Delhi Daredevils,119,112,7,6,120,2015,5.95
829767,2015-05-01,Feroz Shah Kotla,1,Kings XI Punjab,Delhi Daredevils,118,110,8,8,123,2015,5.76
829771,2015-05-02,M Chinnaswamy Stadium,2,Royal Challengers Bangalore,Kolkata Knight Riders,115,111,4,3,62,2015,11.13
829815,2015-05-17,"Rajiv Gandhi International Stadium, Uppal",2,Mumbai Indians,Sunrisers Hyderabad,114,106,8,1,88,2015,7.77
829815,2015-05-17,"Rajiv Gandhi International Stadium, Uppal",1,Sunrisers Hyderabad,Mumbai Indians,113,107,6,10,124,2015,5.47
829771,2015-05-02,M Chinnaswamy Stadium,1,Kolkata Knight Riders,Royal Challengers Bangalore,111,103,8,4,65,2015,10.25
829819,2015-05-20,Maharashtra Cricket Association Stadium,2,Rajasthan Royals,Royal Challengers Bangalore,109,106,3,10,117,2015,5.59
829803,2015-05-13,"Punjab Cricket Association Stadium, Mohali",1,Kings XI Punjab,Royal Challengers Bangalore,106,102,4,6,63,2015,10.1
829743,2015-04-22,Dr. Y.S. Rajasekhara Reddy ACA-VDCA Cricket Stadium,2,Kolkata Knight Riders,Sunrisers Hyderabad,101,98,3,4,74,2015,8.19
829757,2015-04-26,Feroz Shah Kotla,2,Royal Challengers Bangalore,Delhi Daredevils,99,97,2,0,65,2015,9.14
829753,2015-04-25,"MA Chidambaram Stadium, Chepauk",2,Kings XI Punjab,Chennai Super Kings,95,87,8,9,122,2015,4.67
829757,2015-04-26,Feroz Shah Kotla,1,Delhi Daredevils,Royal Challengers Bangalore,95,87,8,10,116,2015,4.91
829785,2015-05-06,M Chinnaswamy Stadium,2,Kings XI Punjab,Royal Challengers Bangalore,88,79,9,10,84,2015,6.29
829803,2015-05-13,"Punjab Cricket Association Stadium, Mohali",2,Royal Challengers Bangalore,Kings XI Punjab,84,76,8,6,63,2015,8.0
829807,2015-05-15,"Rajiv Gandhi International Stadium, Uppal",2,Royal Challengers Bangalore,Sunrisers Hyderabad,83,82,1,4,36,2015,13.83
829741,2015-04-21,"Sardar Patel Stadium, Motera",3,Kings XI Punjab,Rajasthan Royals,15,13,2,2,7,2015,12.86
829741,2015-04-21,"Sardar Patel Stadium, Motera",4,Rajasthan Royals,Kings XI Punjab,6,5,1,2,4,2015,9.0
829813,2015-05-17,M Chinnaswamy Stadium,2,Royal Challengers Bangalore,Delhi Daredevils,2,2,0,0,7,2015,1.71
980987,2016-05-14,M Chinnaswamy Stadium,1,Royal Challengers Bangalore,Gujarat Lions,248,244,4,3,122,2016,12.2
980907,2016-04-12,M Chinnaswamy Stadium,1,Royal Challengers Bangalore,Sunrisers Hyderabad,227,220,7,4,125,2016,10.9
980999,2016-05-18,M Chinnaswamy Stadium,1,Royal Challengers Bangalore,Kings XI Punjab,211,203,8,3,97,2016,13.05
981019,2016-05-29,M Chinnaswamy Stadium,1,Sunrisers Hyderabad,Royal Challengers Bangalore,208,194,14,7,126,2016,9.9
980993,2016-05-15,Dr. Y.S. Rajasekhara Reddy ACA-VDCA Cricket Stadium,1,Mumbai Indians,Delhi Daredevils,206,199,7,4,121,2016,10.21
981019,2016-05-29,M Chinnaswamy Stadium,2,Royal Challengers Bangalore,Sunrisers Hyderabad,200,191,9,7,124,2016,9.68
980949,2016-04-29,Maharashtra Cricket Association Stadium,2,Gujarat Lions,Rising Pune Supergiants,196,189,7,7,127,2016,9.26
980949,2016-04-29,Maharashtra Cricket Association Stadium,1,Rising Pune Supergiants,Gujarat Lions,195,188,7,3,125,2016,9.36
980969,2016-05-07,M Chinnaswamy Stadium,2,Royal Challengers Bangalore,Rising Pune Supergiants,195,189,6,3,118,2016,9.92
980953,2016-04-30,"Rajiv Gandhi International Stadium, Uppal",1,Sunrisers Hyderabad,Royal Challengers Bangalore,194,189,5,5,124,2016,9.39
980921,2016-04-17,M Chinnaswamy Stadium,2,Delhi Daredevils,Royal Challengers Bangalore,192,178,14,3,122,2016,9.44
980921,2016-04-17,M Chinnaswamy Stadium,1,Royal Challengers Bangalore,Delhi Daredevils,191,182,9,5,121,2016,9.47
980969,2016-05-07,M Chinnaswamy Stadium,1,Rising Pune Supergiants,Royal Challengers Bangalore,191,184,7,6,126,2016,9.1
980941,2016-04-25,"Punjab Cricket Association IS Bindra Stadium, Mohali",1,Mumbai Indians,Kings XI Punjab,189,184,5,6,124,2016,9.15
980959,2016-05-02,M Chinnaswamy Stadium,2,Kolkata Knight Riders,Royal Challengers Bangalore,189,170,19,5,124,2016,9.15
980909,2016-04-13,Eden Gardens,2,Mumbai Indians,Kolkata Knight Riders,188,178,10,4,119,2016,9.48
980909,2016-04-13,Eden Gardens,1,Kolkata Knight Riders,Mumbai Indians,187,177,10,5,127,2016,8.83
980951,2016-04-30,Feroz Shah Kotla,1,Delhi Daredevils,Kolkata Knight Riders,186,176,10,8,123,2016,9.07
980995,2016-05-16,Eden Gardens,2,Royal Challengers Bangalore,Kolkata Knight Riders,186,183,3,1,114,2016,9.79
980931,2016-04-22,Maharashtra Cricket Association Stadium,1,Royal Challengers Bangalore,Rising Pune Supergiants,185,173,12,3,128,2016,8.67
980959,2016-05-02,M Chinnaswamy Stadium,1,Royal Challengers Bangalore,Kolkata Knight Riders,185,181,4,7,124,2016,8.95
980995,2016-05-16,Eden Gardens,1,Kolkata Knight Riders,Royal Challengers Bangalore,183,171,12,5,125,2016,8.78
980907,2016-04-12,M Chinnaswamy Stadium,2,Sunrisers Hyderabad,Royal Challengers Bangalore,182,171,11,6,125,2016,8.74
980937,2016-04-24,Saurashtra Cricket Association Stadium,2,Gujarat Lions,Royal Challengers Bangalore,182,168,14,4,124,2016,8.81
980971,2016-05-07,"Punjab Cricket Association IS Bindra Stadium, Mohali",1,Kings XI Punjab,Delhi Daredevils,181,173,8,5,123,2016,8.83
980937,2016-04-24,Saurashtra Cricket Association Stadium,1,Royal Challengers Bangalore,Gujarat Lions,180,177,3,2,122,2016,8.85
980991,2016-05-15,"Punjab Cricket Association IS Bindra Stadium, Mohali",2,Sunrisers Hyderabad,Kings XI Punjab,180,171,9,3,123,2016,8.78
980953,2016-04-30,"Rajiv Gandhi International Stadium, Uppal",2,Royal Challengers Bangalore,Sunrisers Hyderabad,179,176,3,6,122,2016,8.8
980991,2016-05-15,"Punjab Cricket Association IS Bindra Stadium, Mohali",1,Kings XI Punjab,Sunrisers Hyderabad,179,176,3,4,120,2016,8.95
980947,2016-04-28,Wankhede Stadium,2,Mumbai Indians,Kolkata Knight Riders,178,173,5,4,113,2016,9.45
980973,2016-05-08,Dr. Y.S. Rajasekhara Reddy ACA-VDCA Cricket Stadium,1,Sunrisers Hyderabad,Mumbai Indians,177,172,5,3,123,2016,8.63
980977,2016-05-09,"Punjab Cricket Association IS Bindra Stadium, Mohali",1,Royal Challengers Bangalore,Kings XI Punjab,175,171,4,6,124,2016,8.47
980947,2016-04-28,Wankhede Stadium,1,Kolkata Knight Riders,Mumbai Indians,174,173,1,5,120,2016,8.7
980977,2016-05-09,"Punjab Cricket Association IS Bindra Stadium, Mohali",2,Kings XI Punjab,Royal Challengers Bangalore,174,169,5,4,122,2016,8.56
981005,2016-05-21,Dr. Y.S. Rajasekhara Reddy ACA-VDCA Cricket Stadium,2,Rising Pune Supergiants,Kings XI Punjab,173,165,8,6,127,2016,8.17
981007,2016-05-21,Green Park,2,Gujarat Lions,Mumbai Indians,173,167,6,4,111,2016,9.35
980931,2016-04-22,Maharashtra Cricket Association Stadium,2,Rising Pune Supergiants,Royal Challengers Bangalore,172,165,7,9,126,2016,8.19
980945,2016-04-27,Feroz Shah Kotla,1,Gujarat Lions,Delhi Daredevils,172,169,3,6,121,2016,8.53
980971,2016-05-07,"Punjab Cricket Association IS Bindra Stadium, Mohali",2,Delhi Daredevils,Kings XI Punjab,172,163,9,5,122,2016,8.46
981005,2016-05-21,Dr. Y.S. Rajasekhara Reddy ACA-VDCA Cricket Stadium,1,Kings XI Punjab,Rising Pune Supergiants,172,168,4,7,123,2016,8.39
981007,2016-05-21,Green Park,1,Mumbai Indians,Gujarat Lions,172,164,8,8,125,2016,8.26
980927,2016-04-20,Wankhede Stadium,2,Mumbai Indians,Royal Challengers Bangalore,171,167,4,4,111,2016,9.24
980945,2016-04-27,Feroz Shah Kotla,2,Delhi Daredevils,Gujarat Lions,171,168,3,5,121,2016,8.48
981009,2016-05-22,Eden Gardens,1,Kolkata Knight Riders,Sunrisers Hyderabad,171,167,4,6,123,2016,8.34
980927,2016-04-20,Wankhede Stadium,1,Royal Challengers Bangalore,Mumbai Indians,170,157,13,7,126,2016,8.1
980965,2016-05-05,Feroz Shah Kotla,2,Rising Pune Supergiants,Delhi Daredevils,166,155,11,3,121,2016,8.23
980911,2016-04-14,Saurashtra Cricket Association Stadium,2,Gujarat Lions,Rising Pune Supergiants,164,149,15,3,113,2016,8.71
980933,2016-04-23,Feroz Shah Kotla,1,Delhi Daredevils,Mumbai Indians,164,152,12,4,129,2016,7.63
980941,2016-04-25,"Punjab Cricket Association IS Bindra Stadium, Mohali",2,Kings XI Punjab,Mumbai Indians,164,159,5,7,123,2016,8.0
980963,2016-05-04,Eden Gardens,1,Kolkata Knight Riders,Kings XI Punjab,164,159,5,3,123,2016,8.0
980975,2016-05-08,Eden Gardens,2,Gujarat Lions,Kolkata Knight Riders,164,159,5,5,109,2016,9.03
980911,2016-04-14,Saurashtra Cricket Association Stadium,1,Rising Pune Supergiants,Gujarat Lions,163,161,2,5,120,2016,8.15
981017,2016-05-27,Feroz Shah Kotla,2,Sunrisers Hyderabad,Gujarat Lions,163,161,2,6,117,2016,8.36
980905,2016-04-11,"Punjab Cricket Association IS Bindra Stadium, Mohali",2,Gujarat Lions,Kings XI Punjab,162,156,6,5,109,2016,8.92
980939,2016-04-24,Maharashtra Cricket Association Stadium,2,Kolkata Knight Riders,Rising Pune Supergiants,162,152,10,8,124,2016,7.84
980965,2016-05-05,Feroz Shah Kotla,1,Delhi Daredevils,Rising Pune Supergiants,162,154,8,7,127,2016,7.65
981015,2016-05-25,Feroz Shah Kotla,1,Sunrisers Hyderabad,Kolkata Knight Riders,162,156,6,8,124,2016,7.84
981017,2016-05-27,Feroz Shah Kotla,1,Gujarat Lions,Sunrisers Hyderabad,162,157,5,7,125,2016,7.78
980905,2016-04-11,"Punjab Cricket Association IS Bindra Stadium, Mohali",1,Kings XI Punjab,Gujarat Lions,161,154,7,6,124,2016,7.79
980957,2016-05-01,Maharashtra Cricket Association Stadium,2,Mumbai Indians,Rising Pune Supergiants,161,155,6,2,113,2016,8.55
981003,2016-05-20,Shaheed Veer Narayan Singh International Stadium,2,Delhi Daredevils,Sunrisers Hyderabad,161,147,14,4,126,2016,7.67
980939,2016-04-24,Maharashtra Cricket Association Stadium,1,Rising Pune Supergiants,Kolkata Knight Riders,160,154,6,5,120,2016,8.0
980951,2016-04-30,Feroz Shah Kotla,2,Kolkata Knight Riders,Delhi Daredevils,159,146,13,10,117,2016,8.15
980957,2016-05-01,Maharashtra Cricket Association Stadium,1,Rising Pune Supergiants,Mumbai Indians,159,151,8,5,127,2016,7.51
981013,2016-05-24,M Chinnaswamy Stadium,2,Royal Challengers Bangalore,Gujarat Lions,159,143,16,6,115,2016,8.3
980975,2016-05-08,Eden Gardens,1,Kolkata Knight Riders,Gujarat Lions,158,152,6,4,123,2016,7.71
981003,2016-05-20,Shaheed Veer Narayan Singh International Stadium,1,Sunrisers Hyderabad,Delhi Daredevils,158,155,3,7,121,2016,7.83
981013,2016-05-24,M Chinnaswamy Stadium,1,Gujarat Lions,Royal Challengers Bangalore,158,147,11,10,125,2016,7.58
980963,2016-05-04,Eden Gardens,2,Kings XI Punjab,Kolkata Knight Riders,157,145,12,9,124,2016,7.6
980933,2016-04-23,Feroz Shah Kotla,2,Mumbai Indians,Delhi Daredevils,154,151,3,7,122,2016,7.57
980955,2016-05-01,Saurashtra Cricket Association Stadium,1,Kings XI Punjab,Gujarat Lions,154,150,4,10,122,2016,7.57
980919,2016-04-17,"Punjab Cricket Association IS Bindra Stadium, Mohali",2,Kings XI Punjab,Rising Pune Supergiants,153,151,2,4,114,2016,8.05
980981,2016-05-11,M Chinnaswamy Stadium,2,Mumbai Indians,Royal Challengers Bangalore,153,143,10,4,122,2016,7.52
980919,2016-04-17,"Punjab Cricket Association IS Bindra Stadium, Mohali",1,Rising Pune Supergiants,Kings XI Punjab,152,141,11,7,123,2016,7.41
980981,2016-05-11,M Chinnaswamy Stadium,1,Royal Challengers Bangalore,Mumbai Indians,151,144,7,4,122,2016,7.43
980961,2016-05-03,Saurashtra Cricket Association Stadium,2,Delhi Daredevils,Gujarat Lions,150,147,3,2,106,2016,8.49
980983,2016-05-12,"Rajiv Gandhi International Stadium, Uppal",2,Delhi Daredevils,Sunrisers Hyderabad,150,147,3,3,112,2016,8.04
980961,2016-05-03,Saurashtra Cricket Association Stadium,1,Gujarat Lions,Delhi Daredevils,149,143,6,7,123,2016,7.27
981009,2016-05-22,Eden Gardens,2,Sunrisers Hyderabad,Kolkata Knight Riders,149,138,11,8,124,2016,7.21
980917,2016-04-16,Wankhede Stadium,2,Gujarat Lions,Mumbai Indians,147,136,11,7,124,2016,7.11
980915,2016-04-16,"Rajiv Gandhi International Stadium, Uppal",2,Kolkata Knight Riders,Sunrisers Hyderabad,146,141,5,2,115,2016,7.62
980935,2016-04-23,"Rajiv Gandhi International Stadium, Uppal",2,Sunrisers Hyderabad,Kings XI Punjab,146,141,5,5,112,2016,7.82
980983,2016-05-12,"Rajiv Gandhi International Stadium, Uppal",1,Sunrisers Hyderabad,Delhi Daredevils,146,135,11,8,125,2016,7.01
980923,2016-04-18,"Rajiv Gandhi International Stadium, Uppal",2,Sunrisers Hyderabad,Mumbai Indians,145,140,5,3,108,2016,8.06
980917,2016-04-16,Wankhede Stadium,1,Mumbai Indians,Gujarat Lions,143,133,10,8,127,2016,6.76
980935,2016-04-23,"Rajiv Gandhi International Stadium, Uppal",1,Kings XI Punjab,Sunrisers Hyderabad,143,138,5,6,123,2016,6.98
980915,2016-04-16,"Rajiv Gandhi International Stadium, Uppal",1,Sunrisers Hyderabad,Kolkata Knight Riders,142,134,8,7,125,2016,6.82
980923,2016-04-18,"Rajiv Gandhi International Stadium, Uppal",1,Mumbai Indians,Sunrisers Hyderabad,142,134,8,6,126,2016,6.76
980925,2016-04-19,"Punjab Cricket Association IS Bindra Stadium, Mohali",2,Kolkata Knight Riders,Kings XI Punjab,141,133,8,4,106,2016,7.98
981015,2016-05-25,Feroz Shah Kotla,2,Kolkata Knight Riders,Sunrisers Hyderabad,140,131,9,8,120,2016,7.0
981011,2016-05-22,Shaheed Veer Narayan Singh International Stadium,2,Royal Challengers Bangalore,Delhi Daredevils,139,129,10,4,111,2016,7.51
980925,2016-04-19,"Punjab Cricket Association IS Bindra Stadium, Mohali",1,Kings XI Punjab,Kolkata Knight Riders,138,131,7,8,125,2016,6.62
981011,2016-05-22,Shaheed Veer Narayan Singh International Stadium,1,Delhi Daredevils,Royal Challengers Bangalore,138,132,6,8,125,2016,6.62
980929,2016-04-21,Saurashtra Cricket Association Stadium,2,Sunrisers Hyderabad,Gujarat Lions,137,127,10,0,94,2016,8.74
980979,2016-05-10,Dr. Y.S. Rajasekhara Reddy ACA-VDCA Cricket Stadium,1,Sunrisers Hyderabad,Rising Pune Supergiants,137,132,5,8,123,2016,6.68
980929,2016-04-21,Saurashtra Cricket Association Stadium,1,Gujarat Lions,Sunrisers Hyderabad,135,130,5,8,123,2016,6.59
980979,2016-05-10,Dr. Y.S. Rajasekhara Reddy ACA-VDCA Cricket Stadium,2,Rising Pune Supergiants,Sunrisers Hyderabad,133,130,3,8,121,2016,6.6
980955,2016-05-01,Saurashtra Cricket Association Stadium,2,Gujarat Lions,Kings XI Punjab,131,127,4,9,123,2016,6.39
980967,2016-05-06,"Rajiv Gandhi International Stadium, Uppal",2,Sunrisers Hyderabad,Gujarat Lions,129,123,6,5,117,2016,6.62
980985,2016-05-13,Dr. Y.S. Rajasekhara Reddy ACA-VDCA Cricket Stadium,2,Kings XI Punjab,Mumbai Indians,127,116,11,3,106,2016,7.19
980901,2016-04-09,Wankhede Stadium,2,Rising Pune Supergiants,Mumbai Indians,126,121,5,1,92,2016,8.22
980967,2016-05-06,"Rajiv Gandhi International Stadium, Uppal",1,Gujarat Lions,Sunrisers Hyderabad,126,121,5,6,125,2016,6.05
980993,2016-05-15,Dr. Y.S. Rajasekhara Reddy ACA-VDCA Cricket Stadium,2,Delhi Daredevils,Mumbai Indians,126,123,3,10,116,2016,6.52
981001,2016-05-19,Green Park,2,Gujarat Lions,Kolkata Knight Riders,125,108,17,4,89,2016,8.43
980985,2016-05-13,Dr. Y.S. Rajasekhara Reddy ACA-VDCA Cricket Stadium,1,Mumbai Indians,Kings XI Punjab,124,116,8,9,122,2016,6.1
981001,2016-05-19,Green Park,1,Kolkata Knight Riders,Gujarat Lions,124,117,7,8,125,2016,5.95
980901,2016-04-09,Wankhede Stadium,1,Mumbai Indians,Rising Pune Supergiants,121,108,13,8,126,2016,5.76
980997,2016-05-17,Dr. Y.S. Rajasekhara Reddy ACA-VDCA Cricket Stadium,1,Delhi Daredevils,Rising Pune Supergiants,121,119,2,6,122,2016,5.95
980999,2016-05-18,M Chinnaswamy Stadium,2,Kings XI Punjab,Royal Challengers Bangalore,120,114,6,9,89,2016,8.09
980943,2016-04-26,"Rajiv Gandhi International Stadium, Uppal",1,Sunrisers Hyderabad,Rising Pune Supergiants,118,110,8,8,123,2016,5.76
980913,2016-04-15,Feroz Shah Kotla,2,Delhi Daredevils,Kings XI Punjab,113,103,10,2,84,2016,8.07
980913,2016-04-15,Feroz Shah Kotla,1,Kings XI Punjab,Delhi Daredevils,111,107,4,9,123,2016,5.41
980987,2016-05-14,M Chinnaswamy Stadium,2,Gujarat Lions,Royal Challengers Bangalore,104,92,12,10,120,2016,5.2
980989,2016-05-14,Eden Gardens,1,Rising Pune Supergiants,Kolkata Knight Riders,103,97,6,6,108,2016,5.72
980903,2016-04-10,Eden Gardens,2,Kolkata Knight Riders,Delhi Daredevils,99,88,11,1,90,2016,6.6
980903,2016-04-10,Eden Gardens,1,Delhi Daredevils,Kolkata Knight Riders,98,86,12,10,110,2016,5.35
980943,2016-04-26,"Rajiv Gandhi International Stadium, Uppal",2,Rising Pune Supergiants,Sunrisers Hyderabad,94,81,13,3,73,2016,7.73
980973,2016-05-08,Dr. Y.S. Rajasekhara Reddy ACA-VDCA Cricket Stadium,2,Mumbai Indians,Sunrisers Hyderabad,92,86,6,10,103,2016,5.36
980997,2016-05-17,Dr. Y.S. Rajasekhara Reddy ACA-VDCA Cricket Stadium,2,Rising Pune Supergiants,Delhi Daredevils,76,69,7,1,71,2016,6.42
980989,2016-05-14,Eden Gardens,2,Kolkata Knight Riders,Rising Pune Supergiants,66,56,10,2,34,2016,11.65
1082641,2017-05-11,Wankhede Stadium,1,Kings XI Punjab,Mumbai Indians,230,220,10,3,129,2017,10.7
1082641,2017-05-11,Wankhede Stadium,2,Mumbai Indians,Kings XI Punjab,223,215,8,6,126,2017,10.62
1082632,2017-05-04,Feroz Shah Kotla,2,Delhi Daredevils,Gujarat Lions,214,202,12,3,110,2017,11.67
1082610,2017-04-18,Saurashtra Cricket Association Stadium,1,Royal Challengers Bangalore,Gujarat Lions,213,209,4,2,123,2017,10.39
1082635,2017-05-06,Feroz Shah Kotla,1,Mumbai Indians,Delhi Daredevils,212,193,19,3,128,2017,9.94
1082627,2017-04-30,"Rajiv Gandhi International Stadium, Uppal",1,Sunrisers Hyderabad,Kolkata Knight Riders,209,201,8,3,125,2017,10.03
1082632,2017-05-04,Feroz Shah Kotla,1,Gujarat Lions,Delhi Daredevils,208,203,5,7,124,2017,10.06
1082591,2017-04-05,"Rajiv Gandhi International Stadium, Uppal",1,Sunrisers Hyderabad,Royal Challengers Bangalore,207,200,7,4,125,2017,9.94
1082623,2017-04-28,"Punjab Cricket Association IS Bindra Stadium, Mohali",1,Sunrisers Hyderabad,Kings XI Punjab,207,204,3,3,122,2017,10.18
1082599,2017-04-11,Maharashtra Cricket Association Stadium,1,Delhi Daredevils,Rising Pune Supergiant,205,197,8,4,125,2017,9.84
1082612,2017-04-20,Holkar Cricket Stadium,2,Mumbai Indians,Kings XI Punjab,199,191,8,2,98,2017,12.18
1082612,2017-04-20,Holkar Cricket Stadium,1,Kings XI Punjab,Mumbai Indians,198,186,12,4,127,2017,9.35
1082640,2017-05-10,Green Park,2,Delhi Daredevils,Gujarat Lions,197,194,3,8,119,2017,9.93
1082640,2017-05-10,Green Park,1,Gujarat Lions,Delhi Daredevils,195,184,11,5,124,2017,9.44
1082610,2017-04-18,Saurashtra Cricket Association Stadium,2,Gujarat Lions,Royal Challengers Bangalore,192,184,8,7,126,2017,9.14
1082637,2017-05-07,"Punjab Cricket Association IS Bindra Stadium, Mohali",2,Gujarat Lions,Kings XI Punjab,192,186,6,4,121,2017,9.52
1082611,2017-04-19,"Rajiv Gandhi International Stadium, Uppal",1,Sunrisers Hyderabad,Delhi Daredevils,191,187,4,4,123,2017,9.32
1082630,2017-05-02,Feroz Shah Kotla,2,Delhi Daredevils,Sunrisers Hyderabad,189,186,3,4,117,2017,9.69
1082637,2017-05-07,"Punjab Cricket Association IS Bindra Stadium, Mohali",1,Kings XI Punjab,Gujarat Lions,189,186,3,3,123,2017,9.22
1082605,2017-04-15,Feroz Shah Kotla,1,Delhi Daredevils,Kings XI Punjab,188,178,10,6,127,2017,8.88
1082613,2017-04-21,Eden Gardens,2,Gujarat Lions,Kolkata Knight Riders,188,183,5,6,111,2017,10.16
1082616,2017-04-23,Saurashtra Cricket Association Stadium,1,Kings XI Punjab,Gujarat Lions,188,183,5,7,121,2017,9.32
1082592,2017-04-06,Maharashtra Cricket Association Stadium,2,Rising Pune Supergiant,Mumbai Indians,187,183,4,3,122,2017,9.2
1082613,2017-04-21,Eden Gardens,1,Kolkata Knight Riders,Gujarat Lions,187,184,3,5,121,2017,9.27
1082630,2017-05-02,Feroz Shah Kotla,1,Sunrisers Hyderabad,Delhi Daredevils,185,177,8,3,123,2017,9.02
1082592,2017-04-06,Maharashtra Cricket Association Stadium,1,Mumbai Indians,Rising Pune Supergiant,184,176,8,8,125,2017,8.83
1082593,2017-04-07,Saurashtra Cricket Association Stadium,2,Kolkata Knight Riders,Gujarat Lions,184,169,15,0,96,2017,11.5
1082620,2017-04-26,Maharashtra Cricket Association Stadium,2,Kolkata Knight Riders,Rising Pune Supergiant,184,171,13,3,114,2017,9.68
1082593,2017-04-07,Saurashtra Cricket Association Stadium,1,Gujarat Lions,Kolkata Knight Riders,183,179,4,4,122,2017,9.0
1082620,2017-04-26,Maharashtra Cricket Association Stadium,1,Rising Pune Supergiant,Kolkata Knight Riders,182,175,7,5,125,2017,8.74
1082623,2017-04-28,"Punjab Cricket Association IS Bindra Stadium, Mohali",2,Kings XI Punjab,Sunrisers Hyderabad,181,176,5,9,121,2017,8.98
1082597,2017-04-09,Wankhede Stadium,2,Mumbai Indians,Kolkata Knight Riders,180,168,12,6,126,2017,8.57
1082615,2017-04-22,Maharashtra Cricket Association Stadium,2,Rising Pune Supergiant,Sunrisers Hyderabad,179,176,3,4,121,2017,8.88
1082597,2017-04-09,Wankhede Stadium,1,Kolkata Knight Riders,Mumbai Indians,178,169,9,7,128,2017,8.34
1082606,2017-04-16,Wankhede Stadium,2,Mumbai Indians,Gujarat Lions,177,164,13,4,125,2017,8.5
1082606,2017-04-16,Wankhede Stadium,1,Gujarat Lions,Mumbai Indians,176,165,11,4,126,2017,8.38
1082611,2017-04-19,"Rajiv Gandhi International Stadium, Uppal",2,Delhi Daredevils,Sunrisers Hyderabad,176,169,7,5,122,2017,8.66
1082615,2017-04-22,Maharashtra Cricket Association Stadium,1,Sunrisers Hyderabad,Rising Pune Supergiant,176,168,8,3,124,2017,8.52
1082644,2017-05-13,Eden Gardens,1,Mumbai Indians,Kolkata Knight Riders,173,156,17,5,125,2017,8.3
1082591,2017-04-05,"Rajiv Gandhi International Stadium, Uppal",2,Royal Challengers Bangalore,Sunrisers Hyderabad,172,166,6,10,123,2017,8.39
1082603,2017-04-14,Saurashtra Cricket Association Stadium,2,Gujarat Lions,Rising Pune Supergiant,172,167,5,3,112,2017,9.21
1082604,2017-04-15,Eden Gardens,1,Kolkata Knight Riders,Sunrisers Hyderabad,172,161,11,6,126,2017,8.19
1082601,2017-04-13,Eden Gardens,2,Kolkata Knight Riders,Kings XI Punjab,171,160,11,2,104,2017,9.87
1082603,2017-04-14,Saurashtra Cricket Association Stadium,1,Rising Pune Supergiant,Gujarat Lions,171,166,5,8,124,2017,8.27
1082601,2017-04-13,Eden Gardens,1,Kings XI Punjab,Kolkata Knight Riders,170,154,16,9,130,2017,7.85
1082608,2017-04-17,Feroz Shah Kotla,2,Kolkata Knight Riders,Delhi Daredevils,169,158,11,6,123,2017,8.24
1082608,2017-04-17,Feroz Shah Kotla,1,Delhi Daredevils,Kolkata Knight Riders,168,165,3,7,122,2017,8.26
1082642,2017-05-12,Feroz Shah Kotla,1,Delhi Daredevils,Rising Pune Supergiant,168,161,7,8,124,2017,8.13
1082629,2017-05-01,Maharashtra Cricket Association Stadium,2,Rising Pune Supergiant,Gujarat Lions,167,160,7,5,123,2017,8.15
1082639,2017-05-09,"Punjab Cricket Association IS Bindra Stadium, Mohali",1,Kings XI Punjab,Kolkata Knight Riders,167,155,12,6,126,2017,7.95
1082628,2017-05-01,Wankhede Stadium,2,Mumbai Indians,Royal Challengers Bangalore,165,158,7,6,123,2017,8.05
1082594,2017-04-08,Holkar Cricket Stadium,2,Kings XI Punjab,Rising Pune Supergiant,164,154,10,4,122,2017,8.07
1082644,2017-05-13,Eden Gardens,2,Kolkata Knight Riders,Mumbai Indians,164,156,8,8,125,2017,7.87
1082594,2017-04-08,Holkar Cricket Stadium,1,Rising Pune Supergiant,Kings XI Punjab,163,157,6,6,125,2017,7.82
1082616,2017-04-23,Saurashtra Cricket Association Stadium,2,Gujarat Lions,Kings XI Punjab,162,155,7,7,124,2017,7.84
1082628,2017-05-01,Wankhede Stadium,1,Royal Challengers Bangalore,Mumbai Indians,162,158,4,8,122,2017,7.97
1082647,2017-05-16,Wankhede Stadium,1,Rising Pune Supergiant,Mumbai Indians,162,155,7,4,125,2017,7.78
1082607,2017-04-16,M Chinnaswamy Stadium,1,Rising Pune Supergiant,Royal Challengers Bangalore,161,148,13,8,126,2017,7.67
1082622,2017-04-28,Eden Gardens,2,Kolkata Knight Riders,Delhi Daredevils,161,151,10,3,99,2017,9.76
1082627,2017-04-30,"Rajiv Gandhi International Stadium, Uppal",2,Kolkata Knight Riders,Sunrisers Hyderabad,161,156,5,7,122,2017,7.92
1082629,2017-05-01,Maharashtra Cricket Association Stadium,1,Gujarat Lions,Rising Pune Supergiant,161,154,7,10,121,2017,7.98
1082642,2017-05-12,Feroz Shah Kotla,2,Rising Pune Supergiant,Delhi Daredevils,161,151,10,7,125,2017,7.73
1082646,2017-05-14,Feroz Shah Kotla,1,Royal Challengers Bangalore,Delhi Daredevils,161,152,9,6,127,2017,7.61
1082618,2017-04-24,Wankhede Stadium,1,Rising Pune Supergiant,Mumbai Indians,160,156,4,6,122,2017,7.87
1082622,2017-04-28,Eden Gardens,1,Delhi Daredevils,Kolkata Knight Riders,160,153,7,6,122,2017,7.87
1082600,2017-04-12,Wankhede Stadium,2,Mumbai Indians,Sunrisers Hyderabad,159,155,4,6,113,2017,8.44
1082609,2017-04-17,"Rajiv Gandhi International Stadium, Uppal",1,Sunrisers Hyderabad,Kings XI Punjab,159,148,11,6,125,2017,7.63
1082636,2017-05-07,M Chinnaswamy Stadium,2,Kolkata Knight Riders,Royal Challengers Bangalore,159,153,6,4,94,2017,10.15
1082600,2017-04-12,Wankhede Stadium,1,Sunrisers Hyderabad,Mumbai Indians,158,147,11,8,126,2017,7.52
1082631,2017-05-03,Eden Gardens,2,Rising Pune Supergiant,Kolkata Knight Riders,158,150,8,6,118,2017,8.03
1082636,2017-05-07,M Chinnaswamy Stadium,1,Royal Challengers Bangalore,Kolkata Knight Riders,158,155,3,6,122,2017,7.77
1082643,2017-05-13,Green Park,2,Sunrisers Hyderabad,Gujarat Lions,158,154,4,2,110,2017,8.62
1082595,2017-04-08,M.Chinnaswamy Stadium,1,Royal Challengers Bangalore,Delhi Daredevils,157,151,6,8,124,2017,7.6
1082618,2017-04-24,Wankhede Stadium,2,Mumbai Indians,Rising Pune Supergiant,157,151,6,8,123,2017,7.66
1082624,2017-04-29,Maharashtra Cricket Association Stadium,1,Rising Pune Supergiant,Royal Challengers Bangalore,157,153,4,3,123,2017,7.66
1082604,2017-04-15,Eden Gardens,2,Sunrisers Hyderabad,Kolkata Knight Riders,155,148,7,6,124,2017,7.5
1082631,2017-05-03,Eden Gardens,1,Kolkata Knight Riders,Rising Pune Supergiant,155,150,5,8,120,2017,7.75
1082609,2017-04-17,"Rajiv Gandhi International Stadium, Uppal",2,Kings XI Punjab,Sunrisers Hyderabad,154,144,10,10,124,2017,7.45
1082643,2017-05-13,Green Park,1,Gujarat Lions,Sunrisers Hyderabad,154,148,6,10,118,2017,7.83
1082625,2017-04-29,Saurashtra Cricket Association Stadium,1,Gujarat Lions,Mumbai Indians,153,142,11,9,129,2017,7.12
1082625,2017-04-29,Saurashtra Cricket Association Stadium,2,Mumbai Indians,Gujarat Lions,153,152,1,10,121,2017,7.59
1082639,2017-05-09,"Punjab Cricket Association IS Bindra Stadium, Mohali",2,Kolkata Knight Riders,Kings XI Punjab,153,149,4,6,122,2017,7.52
1082646,2017-05-14,Feroz Shah Kotla,2,Delhi Daredevils,Royal Challengers Bangalore,151,144,7,10,122,2017,7.43
1082598,2017-04-10,Holkar Cricket Stadium,2,Kings XI Punjab,Royal Challengers Bangalore,150,144,6,2,89,2017,10.11
1082598,2017-04-10,Holkar Cricket Stadium,1,Royal Challengers Bangalore,Kings XI Punjab,148,144,4,4,123,2017,7.22
1082634,2017-05-06,"Rajiv Gandhi International Stadium, Uppal",1,Rising Pune Supergiant,Sunrisers Hyderabad,148,141,7,8,124,2017,7.16
1082602,2017-04-14,M Chinnaswamy Stadium,2,Mumbai Indians,Royal Challengers Bangalore,145,132,13,6,119,2017,7.31
1082595,2017-04-08,M.Chinnaswamy Stadium,2,Delhi Daredevils,Royal Challengers Bangalore,142,137,5,9,124,2017,6.87
1082602,2017-04-14,M Chinnaswamy Stadium,1,Royal Challengers Bangalore,Mumbai Indians,142,131,11,5,124,2017,6.87
1082614,2017-04-22,Wankhede Stadium,1,Mumbai Indians,Delhi Daredevils,142,126,16,8,127,2017,6.71
1082647,2017-05-16,Wankhede Stadium,2,Mumbai Indians,Rising Pune Supergiant,142,133,9,9,127,2017,6.71
1082596,2017-04-09,"Rajiv Gandhi International Stadium, Uppal",2,Sunrisers Hyderabad,Gujarat Lions,140,137,3,1,96,2017,8.75
1082638,2017-05-08,"Rajiv Gandhi International Stadium, Uppal",2,Sunrisers Hyderabad,Mumbai Indians,140,136,4,3,112,2017,7.5
1082633,2017-05-05,M Chinnaswamy Stadium,1,Kings XI Punjab,Royal Challengers Bangalore,138,126,12,7,123,2017,6.73
1082638,2017-05-08,"Rajiv Gandhi International Stadium, Uppal",1,Mumbai Indians,Sunrisers Hyderabad,138,128,10,7,126,2017,6.57
1082605,2017-04-15,Feroz Shah Kotla,2,Kings XI Punjab,Delhi Daredevils,137,135,2,9,121,2017,6.79
1082634,2017-05-06,"Rajiv Gandhi International Stadium, Uppal",2,Sunrisers Hyderabad,Rising Pune Supergiant,136,134,2,9,122,2017,6.69
1082596,2017-04-09,"Rajiv Gandhi International Stadium, Uppal",1,Gujarat Lions,Sunrisers Hyderabad,135,132,3,7,120,2017,6.75
1082621,2017-04-27,M Chinnaswamy Stadium,2,Gujarat Lions,Royal Challengers Bangalore,135,127,8,3,89,2017,9.1
1082607,2017-04-16,M Chinnaswamy Stadium,2,Royal Challengers Bangalore,Rising Pune Supergiant,134,126,8,9,124,2017,6.48
1082621,2017-04-27,M Chinnaswamy Stadium,1,Royal Challengers Bangalore,Gujarat Lions,134,122,12,10,123,2017,6.54
1082617,2017-04-23,Eden Gardens,1,Kolkata Knight Riders,Royal Challengers Bangalore,131,123,8,10,121,2017,6.5
1082650,2017-05-21,"Rajiv Gandhi International Stadium, Uppal",1,Mumbai Indians,Rising Pune Supergiant,129,121,8,8,125,2017,6.19
1082614,2017-04-22,Wankhede Stadium,2,Delhi Daredevils,Mumbai Indians,128,120,8,7,125,2017,6.14
1082648,2017-05-17,M Chinnaswamy Stadium,1,Sunrisers Hyderabad,Kolkata Knight Riders,128,121,7,7,122,2017,6.3
1082650,2017-05-21,"Rajiv Gandhi International Stadium, Uppal",2,Rising Pune Supergiant,Mumbai Indians,128,119,9,6,123,2017,6.24
1082633,2017-05-05,M Chinnaswamy Stadium,2,Royal Challengers Bangalore,Kings XI Punjab,119,112,7,10,117,2017,6.1
1082649,2017-05-19,M Chinnaswamy Stadium,2,Mumbai Indians,Kolkata Knight Riders,111,103,8,4,91,2017,7.32
1082599,2017-04-11,Maharashtra Cricket Association Stadium,2,Rising Pune Supergiant,Delhi Daredevils,108,103,5,10,101,2017,6.42
1082649,2017-05-19,M Chinnaswamy Stadium,1,Kolkata Knight Riders,Mumbai Indians,107,100,7,10,116,2017,5.53
1082624,2017-04-29,Maharashtra Cricket Association Stadium,2,Royal Challengers Bangalore,Rising Pune Supergiant,96,92,4,9,122,2017,4.72
1082645,2017-05-14,Maharashtra Cricket Association Stadium,2,Rising Pune Supergiant,Kings XI Punjab,78,77,1,1,73,2017,6.41
1082645,2017-05-14,Maharashtra Cricket Association Stadium,1,Kings XI Punjab,Rising Pune Supergiant,73,70,3,10,98,2017,4.47
1082626,2017-04-30,"Punjab Cricket Association IS Bindra Stadium, Mohali",2,Kings XI Punjab,Delhi Daredevils,68,66,2,0,49,2017,8.33
1082626,2017-04-30,"Punjab Cricket Association IS Bindra Stadium, Mohali",1,Delhi Daredevils,Kings XI Punjab,67,62,5,10,108,2017,3.72
1082635,2017-05-06,Feroz Shah Kotla,2,Delhi Daredevils,Mumbai Indians,66,63,3,10,83,2017,4.77
1082617,2017-04-23,Eden Gardens,2,Royal Challengers Bangalore,Kolkata Knight Riders,49,42,7,10,62,2017,4.74
1082648,2017-05-17,M Chinnaswamy Stadium,2,Kolkata Knight Riders,Sunrisers Hyderabad,48,44,4,3,35,2017,8.23
1082625,2017-04-29,Saurashtra Cricket Association Stadium,3,Mumbai Indians,Gujarat Lions,11,11,0,2,5,2017,13.2
1082625,2017-04-29,Saurashtra Cricket Association Stadium,4,Gujarat Lions,Mumbai Indians,6,2,4,0,8,2017,4.5
1136604,2018-05-12,Holkar Cricket Stadium,1,Kolkata Knight Riders,Kings XI Punjab,245,240,5,6,125,2018,11.76
1136586,2018-04-27,Arun Jaitley Stadium,1,Delhi Daredevils,Kolkata Knight Riders,219,215,4,4,123,2018,10.68
1136611,2018-05-17,M.Chinnaswamy Stadium,1,Royal Challengers Bangalore,Sunrisers Hyderabad,218,214,4,6,122,2018,10.72
1136571,2018-04-15,M.Chinnaswamy Stadium,1,Rajasthan Royals,Royal Challengers Bangalore,217,203,14,4,128,2018,10.17
1136604,2018-05-12,Holkar Cricket Stadium,2,Kings XI Punjab,Kolkata Knight Riders,214,207,7,8,126,2018,10.19
1136574,2018-04-17,Wankhede Stadium,1,Mumbai Indians,Royal Challengers Bangalore,213,196,17,6,127,2018,10.06
1136590,2018-04-30,Maharashtra Cricket Association Stadium,1,Chennai Super Kings,Delhi Daredevils,211,204,7,4,124,2018,10.21
1136601,2018-05-09,Eden Gardens,1,Mumbai Indians,Kolkata Knight Riders,210,203,7,6,125,2018,10.08
1136584,2018-04-25,M.Chinnaswamy Stadium,2,Chennai Super Kings,Royal Challengers Bangalore,207,196,11,5,127,2018,9.78
1136565,2018-04-10,MA Chidambaram Stadium,2,Chennai Super Kings,Kolkata Knight Riders,205,198,7,5,123,2018,10.0
1136584,2018-04-25,M.Chinnaswamy Stadium,1,Royal Challengers Bangalore,Chennai Super Kings,205,197,8,8,124,2018,9.92
1136577,2018-04-20,Maharashtra Cricket Association Stadium,1,Chennai Super Kings,Rajasthan Royals,204,198,6,5,126,2018,9.71
1136611,2018-05-17,M.Chinnaswamy Stadium,2,Sunrisers Hyderabad,Royal Challengers Bangalore,204,199,5,3,123,2018,9.95
1136565,2018-04-10,MA Chidambaram Stadium,1,Kolkata Knight Riders,Chennai Super Kings,202,197,5,6,123,2018,9.85
1136573,2018-04-16,Eden Gardens,1,Kolkata Knight Riders,Delhi Daredevils,200,194,6,9,122,2018,9.84
1136571,2018-04-15,M.Chinnaswamy Stadium,2,Royal Challengers Bangalore,Rajasthan Royals,198,192,6,6,123,2018,9.66
1136590,2018-04-30,Maharashtra Cricket Association Stadium,2,Delhi Daredevils,Chennai Super Kings,198,190,8,5,126,2018,9.43
1136572,2018-04-15,Punjab Cricket Association IS Bindra Stadium,1,Kings XI Punjab,Chennai Super Kings,197,196,1,7,121,2018,9.77
1136592,2018-05-02,Arun Jaitley Stadium,1,Delhi Daredevils,Rajasthan Royals,196,189,7,6,109,2018,10.79
1136569,2018-04-14,Wankhede Stadium,2,Delhi Daredevils,Mumbai Indians,195,193,2,3,121,2018,9.67
1136569,2018-04-14,Wankhede Stadium,1,Mumbai Indians,Delhi Daredevils,194,184,10,7,125,2018,9.31
1136572,2018-04-15,Punjab Cricket Association IS Bindra Stadium,2,Chennai Super Kings,Kings XI Punjab,193,180,13,5,129,2018,8.98
1136576,2018-04-19,Punjab Cricket Association IS Bindra Stadium,1,Kings XI Punjab,Sunrisers Hyderabad,193,185,8,3,123,2018,9.41
1136578,2018-04-21,Eden Gardens,1,Kolkata Knight Riders,Kings XI Punjab,191,182,9,7,128,2018,8.95
1136602,2018-05-10,Arun Jaitley Stadium,2,Sunrisers Hyderabad,Delhi Daredevils,191,189,2,1,114,2018,10.05
1136602,2018-05-10,Arun Jaitley Stadium,1,Delhi Daredevils,Sunrisers Hyderabad,187,184,3,5,121,2018,9.27
1136605,2018-05-12,Arun Jaitley Stadium,2,Royal Challengers Bangalore,Delhi Daredevils,187,176,11,5,119,2018,9.43
1136610,2018-05-16,Wankhede Stadium,1,Mumbai Indians,Kings XI Punjab,186,175,11,8,126,2018,8.86
1136610,2018-05-16,Wankhede Stadium,2,Kings XI Punjab,Mumbai Indians,183,174,9,5,125,2018,8.78
1136580,2018-04-22,Rajiv Gandhi International Stadium,1,Chennai Super Kings,Sunrisers Hyderabad,182,178,4,3,124,2018,8.81
1136597,2018-05-06,Wankhede Stadium,1,Mumbai Indians,Kolkata Knight Riders,181,175,6,4,125,2018,8.69
1136605,2018-05-12,Arun Jaitley Stadium,1,Delhi Daredevils,Royal Challengers Bangalore,181,174,7,4,126,2018,8.62
1136620,2018-05-27,Wankhede Stadium,2,Chennai Super Kings,Sunrisers Hyderabad,181,175,6,2,114,2018,9.53
1136593,2018-05-03,Eden Gardens,2,Kolkata Knight Riders,Chennai Super Kings,180,168,12,4,113,2018,9.56
1136606,2018-05-13,Maharashtra Cricket Association Stadium,2,Chennai Super Kings,Sunrisers Hyderabad,180,179,1,2,115,2018,9.39
1136606,2018-05-13,Maharashtra Cricket Association Stadium,1,Sunrisers Hyderabad,Chennai Super Kings,179,166,13,4,130,2018,8.26
1136576,2018-04-19,Punjab Cricket Association IS Bindra Stadium,2,Sunrisers Hyderabad,Kings XI Punjab,178,165,13,5,130,2018,8.22
1136580,2018-04-22,Rajiv Gandhi International Stadium,2,Sunrisers Hyderabad,Chennai Super Kings,178,176,2,6,122,2018,8.75
1136620,2018-05-27,Wankhede Stadium,1,Sunrisers Hyderabad,Chennai Super Kings,178,170,8,6,127,2018,8.41
1136563,2018-04-08,Eden Gardens,2,Kolkata Knight Riders,Royal Challengers Bangalore,177,164,13,6,123,2018,8.63
1136593,2018-05-03,Eden Gardens,1,Chennai Super Kings,Kolkata Knight Riders,177,170,7,5,123,2018,8.63
1136603,2018-05-11,Sawai Mansingh Stadium,2,Rajasthan Royals,Chennai Super Kings,177,174,3,6,121,2018,8.78
1136563,2018-04-08,Eden Gardens,1,Royal Challengers Bangalore,Kolkata Knight Riders,176,170,6,7,121,2018,8.73
1136579,2018-04-21,M.Chinnaswamy Stadium,2,Royal Challengers Bangalore,Delhi Daredevils,176,172,4,4,111,2018,9.51
1136589,2018-04-29,M.Chinnaswamy Stadium,2,Kolkata Knight Riders,Royal Challengers Bangalore,176,168,8,5,122,2018,8.66
1136594,2018-05-04,Holkar Cricket Stadium,2,Mumbai Indians,Kings XI Punjab,176,170,6,4,116,2018,9.1
1136603,2018-05-11,Sawai Mansingh Stadium,1,Chennai Super Kings,Rajasthan Royals,176,164,12,4,131,2018,8.06
1136589,2018-04-29,M.Chinnaswamy Stadium,1,Royal Challengers Bangalore,Kolkata Knight Riders,175,165,10,4,124,2018,8.47
1136579,2018-04-21,M.Chinnaswamy Stadium,1,Delhi Daredevils,Royal Challengers Bangalore,174,162,12,5,123,2018,8.49
1136594,2018-05-04,Holkar Cricket Stadium,1,Kings XI Punjab,Mumbai Indians,174,164,10,6,125,2018,8.35
1136615,2018-05-20,Arun Jaitley Stadium,1,Delhi Daredevils,Mumbai Indians,174,162,12,4,125,2018,8.35
1136619,2018-05-25,Eden Gardens,1,Sunrisers Hyderabad,Kolkata Knight Riders,174,169,5,7,124,2018,8.42
1136614,2018-05-19,Rajiv Gandhi International Stadium,2,Kolkata Knight Riders,Sunrisers Hyderabad,173,166,7,5,123,2018,8.44
1136614,2018-05-19,Rajiv Gandhi International Stadium,1,Sunrisers Hyderabad,Kolkata Knight Riders,172,161,11,9,126,2018,8.19
1136607,2018-05-13,Wankhede Stadium,2,Rajasthan Royals,Mumbai Indians,171,161,10,3,112,2018,9.16
1136587,2018-04-28,Maharashtra Cricket Association Stadium,2,Mumbai Indians,Chennai Super Kings,170,160,10,2,123,2018,8.29
1136561,2018-04-07,Wankhede Stadium,2,Chennai Super Kings,Mumbai Indians,169,162,7,9,124,2018,8.18
1136587,2018-04-28,Maharashtra Cricket Association Stadium,1,Chennai Super Kings,Mumbai Indians,169,162,7,5,124,2018,8.18
1136618,2018-05-23,Eden Gardens,1,Kolkata Knight Riders,Rajasthan Royals,169,159,10,7,126,2018,8.05
1136581,2018-04-22,Sawai Mansingh Stadium,2,Rajasthan Royals,Mumbai Indians,168,162,6,7,124,2018,8.13
1136597,2018-05-06,Wankhede Stadium,2,Kolkata Knight Riders,Mumbai Indians,168,159,9,6,121,2018,8.33
1136607,2018-05-13,Wankhede Stadium,1,Mumbai Indians,Rajasthan Royals,168,159,9,6,127,2018,7.94
1136562,2018-04-08,Punjab Cricket Association IS Bindra Stadium,2,Kings XI Punjab,Delhi Daredevils,167,166,1,4,114,2018,8.79
1136574,2018-04-17,Wankhede Stadium,2,Royal Challengers Bangalore,Mumbai Indians,167,160,7,8,124,2018,8.08
1136581,2018-04-22,Sawai Mansingh Stadium,1,Mumbai Indians,Rajasthan Royals,167,162,5,7,124,2018,8.08
1136591,2018-05-01,M.Chinnaswamy Stadium,1,Royal Challengers Bangalore,Mumbai Indians,167,161,6,7,123,2018,8.15
1136562,2018-04-08,Punjab Cricket Association IS Bindra Stadium,1,Delhi Daredevils,Kings XI Punjab,166,160,6,7,124,2018,8.03
1136561,2018-04-07,Wankhede Stadium,1,Mumbai Indians,Chennai Super Kings,165,161,4,4,122,2018,8.11
1136586,2018-04-27,Arun Jaitley Stadium,2,Kolkata Knight Riders,Delhi Daredevils,164,160,4,9,123,2018,8.0
1136596,2018-05-05,Rajiv Gandhi International Stadium,2,Sunrisers Hyderabad,Delhi Daredevils,164,158,6,3,124,2018,7.94
1136613,2018-05-19,Sawai Mansingh Stadium,1,Rajasthan Royals,Royal Challengers Bangalore,164,159,5,5,124,2018,7.94
1136575,2018-04-18,Sawai Mansingh Stadium,2,Kolkata Knight Riders,Rajasthan Royals,163,160,3,3,115,2018,8.5
1136596,2018-05-05,Rajiv Gandhi International Stadium,1,Delhi Daredevils,Sunrisers Hyderabad,163,160,3,5,122,2018,8.02
1136615,2018-05-20,Arun Jaitley Stadium,2,Mumbai Indians,Delhi Daredevils,163,156,7,10,122,2018,8.02
1136612,2018-05-18,Arun Jaitley Stadium,1,Delhi Daredevils,Chennai Super Kings,162,153,9,5,126,2018,7.71
1136575,2018-04-18,Sawai Mansingh Stadium,1,Rajasthan Royals,Kolkata Knight Riders,160,155,5,8,124,2018,7.74
1136619,2018-05-25,Eden Gardens,2,Kolkata Knight Riders,Sunrisers Hyderabad,160,157,3,9,121,2018,7.93
1136568,2018-04-13,M.Chinnaswamy Stadium,2,Royal Challengers Bangalore,Kings XI Punjab,159,155,4,6,118,2018,8.08
1136616,2018-05-20,Maharashtra Cricket Association Stadium,2,Chennai Super Kings,Kings XI Punjab,159,150,9,5,123,2018,7.76
1136600,2018-05-08,Sawai Mansingh Stadium,1,Rajasthan Royals,Kings XI Punjab,158,155,3,8,122,2018,7.77
1136568,2018-04-13,M.Chinnaswamy Stadium,1,Kings XI Punjab,Royal Challengers Bangalore,155,149,6,10,119,2018,7.82
1136598,2018-05-06,Holkar Cricket Stadium,2,Kings XI Punjab,Rajasthan Royals,155,152,3,4,115,2018,8.09
1136566,2018-04-11,Sawai Mansingh Stadium,1,Rajasthan Royals,Delhi Daredevils,153,150,3,5,109,2018,8.42
1136591,2018-05-01,M.Chinnaswamy Stadium,2,Mumbai Indians,Royal Challengers Bangalore,153,130,23,7,130,2018,7.06
1136616,2018-05-20,Maharashtra Cricket Association Stadium,1,Kings XI Punjab,Chennai Super Kings,153,142,11,10,124,2018,7.4
1136598,2018-05-06,Holkar Cricket Stadium,1,Rajasthan Royals,Kings XI Punjab,152,144,8,9,121,2018,7.54
1136567,2018-04-12,Rajiv Gandhi International Stadium,2,Sunrisers Hyderabad,Mumbai Indians,151,147,4,9,121,2018,7.49
1136588,2018-04-29,Sawai Mansingh Stadium,1,Sunrisers Hyderabad,Rajasthan Royals,151,150,1,7,120,2018,7.55
1136567,2018-04-12,Rajiv Gandhi International Stadium,1,Mumbai Indians,Sunrisers Hyderabad,147,139,8,8,124,2018,7.11
1136592,2018-05-02,Arun Jaitley Stadium,2,Rajasthan Royals,Delhi Daredevils,146,142,4,5,75,2018,11.68
1136599,2018-05-07,Rajiv Gandhi International Stadium,1,Sunrisers Hyderabad,Royal Challengers Bangalore,146,137,9,10,126,2018,6.95
1136609,2018-05-15,Eden Gardens,2,Kolkata Knight Riders,Rajasthan Royals,145,143,2,4,109,2018,7.98
1136618,2018-05-23,Eden Gardens,2,Rajasthan Royals,Kolkata Knight Riders,144,143,1,4,121,2018,7.14
1136582,2018-04-23,Arun Jaitley Stadium,1,Kings XI Punjab,Delhi Daredevils,143,129,14,8,124,2018,6.92
1136600,2018-05-08,Sawai Mansingh Stadium,2,Kings XI Punjab,Rajasthan Royals,143,136,7,7,122,2018,7.03
1136609,2018-05-15,Eden Gardens,1,Rajasthan Royals,Kolkata Knight Riders,142,140,2,10,115,2018,7.41
1136599,2018-05-07,Rajiv Gandhi International Stadium,2,Royal Challengers Bangalore,Sunrisers Hyderabad,141,136,5,6,123,2018,6.88
1136577,2018-04-20,Maharashtra Cricket Association Stadium,2,Rajasthan Royals,Chennai Super Kings,140,132,8,10,119,2018,7.06
1136588,2018-04-29,Sawai Mansingh Stadium,2,Rajasthan Royals,Sunrisers Hyderabad,140,139,1,6,120,2018,7.0
1136617,2018-05-22,Wankhede Stadium,2,Chennai Super Kings,Sunrisers Hyderabad,140,135,5,8,118,2018,7.12
1136570,2018-04-14,Eden Gardens,2,Sunrisers Hyderabad,Kolkata Knight Riders,139,134,5,5,119,2018,7.01
1136582,2018-04-23,Arun Jaitley Stadium,2,Delhi Daredevils,Kings XI Punjab,139,130,9,8,127,2018,6.57
1136617,2018-05-22,Wankhede Stadium,1,Sunrisers Hyderabad,Chennai Super Kings,139,130,9,7,129,2018,6.47
1136570,2018-04-14,Eden Gardens,1,Kolkata Knight Riders,Sunrisers Hyderabad,138,131,7,8,123,2018,6.73
1136613,2018-05-19,Sawai Mansingh Stadium,2,Royal Challengers Bangalore,Rajasthan Royals,134,131,3,10,117,2018,6.87
1136585,2018-04-26,Rajiv Gandhi International Stadium,1,Sunrisers Hyderabad,Kings XI Punjab,132,124,8,6,123,2018,6.44
1136573,2018-04-16,Eden Gardens,2,Delhi Daredevils,Kolkata Knight Riders,129,121,8,10,91,2018,8.51
1136595,2018-05-05,Maharashtra Cricket Association Stadium,2,Chennai Super Kings,Royal Challengers Bangalore,128,121,7,4,112,2018,6.86
1136612,2018-05-18,Arun Jaitley Stadium,2,Chennai Super Kings,Delhi Daredevils,128,126,2,6,120,2018,6.4
1136564,2018-04-09,Rajiv Gandhi International Stadium,2,Sunrisers Hyderabad,Rajasthan Royals,127,119,8,1,100,2018,7.62
1136595,2018-05-05,Maharashtra Cricket Association Stadium,1,Royal Challengers Bangalore,Chennai Super Kings,127,123,4,9,121,2018,6.3
1136578,2018-04-21,Eden Gardens,2,Kings XI Punjab,Kolkata Knight Riders,126,124,2,1,69,2018,10.96
1136564,2018-04-09,Rajiv Gandhi International Stadium,1,Rajasthan Royals,Sunrisers Hyderabad,125,117,8,9,125,2018,6.0
1136585,2018-04-26,Rajiv Gandhi International Stadium,2,Kings XI Punjab,Sunrisers Hyderabad,119,117,2,10,116,2018,6.16
1136583,2018-04-24,Wankhede Stadium,1,Sunrisers Hyderabad,Mumbai Indians,118,106,12,10,116,2018,6.1
1136601,2018-05-09,Eden Gardens,2,Kolkata Knight Riders,Mumbai Indians,108,107,1,10,109,2018,5.94
1136608,2018-05-14,Holkar Cricket Stadium,2,Royal Challengers Bangalore,Kings XI Punjab,92,88,4,0,51,2018,10.82
1136608,2018-05-14,Holkar Cricket Stadium,1,Kings XI Punjab,Royal Challengers Bangalore,88,83,5,10,94,2018,5.62
1136583,2018-04-24,Wankhede Stadium,2,Mumbai Indians,Sunrisers Hyderabad,87,85,2,10,114,2018,4.58
1136566,2018-04-11,Sawai Mansingh Stadium,2,Delhi Daredevils,Rajasthan Royals,60,57,3,4,37,2018,9.73
1178422,2019-04-28,Eden Gardens,1,Kolkata Knight Riders,Mumbai Indians,232,225,7,2,126,2019,11.05
1175366,2019-03-31,Rajiv Gandhi International Stadium,1,Sunrisers Hyderabad,Royal Challengers Bangalore,231,229,2,2,121,2019,11.45
1175361,2019-03-27,Eden Gardens,1,Kolkata Knight Riders,Kings XI Punjab,218,213,5,4,124,2019,10.55
1175358,2019-03-24,Wankhede Stadium,1,Delhi Capitals,Mumbai Indians,213,207,6,6,124,2019,10.31
1178410,2019-04-19,Eden Gardens,1,Royal Challengers Bangalore,Kolkata Knight Riders,213,207,6,4,125,2019,10.22
1178423,2019-04-29,Rajiv Gandhi International Stadium,1,Sunrisers Hyderabad,Kings XI Punjab,212,192,20,6,130,2019,9.78
1175372,2019-04-05,M.Chinnaswamy Stadium,2,Kolkata Knight Riders,Royal Challengers Bangalore,206,193,13,5,122,2019,10.13
1175372,2019-04-05,M.Chinnaswamy Stadium,1,Royal Challengers Bangalore,Kolkata Knight Riders,205,200,5,3,124,2019,9.92
1178410,2019-04-19,Eden Gardens,2,Kolkata Knight Riders,Royal Challengers Bangalore,203,187,16,5,128,2019,9.52
1178417,2019-04-24,M.Chinnaswamy Stadium,1,Royal Challengers Bangalore,Kings XI Punjab,202,191,11,4,125,2019,9.7
1175363,2019-03-29,Rajiv Gandhi International Stadium,2,Sunrisers Hyderabad,Rajasthan Royals,201,195,6,5,119,2019,10.13
1175363,2019-03-29,Rajiv Gandhi International Stadium,1,Rajasthan Royals,Sunrisers Hyderabad,198,193,5,2,124,2019,9.58
1178399,2019-04-10,Wankhede Stadium,2,Mumbai Indians,Kings XI Punjab,198,186,12,7,127,2019,9.35
1178422,2019-04-28,Eden Gardens,2,Mumbai Indians,Kolkata Knight Riders,198,192,6,7,120,2019,9.9
1178399,2019-04-10,Wankhede Stadium,1,Kings XI Punjab,Mumbai Indians,197,190,7,4,125,2019,9.46
1178415,2019-04-22,Sawai Mansingh Stadium,2,Delhi Capitals,Rajasthan Royals,193,192,1,4,117,2019,9.9
1178415,2019-04-22,Sawai Mansingh Stadium,1,Rajasthan Royals,Delhi Capitals,191,186,5,6,124,2019,9.24
1175361,2019-03-27,Eden Gardens,2,Kings XI Punjab,Kolkata Knight Riders,190,184,6,4,125,2019,9.12
1178402,2019-04-13,Wankhede Stadium,2,Rajasthan Royals,Mumbai Indians,188,184,4,6,119,2019,9.48
1175362,2019-03-28,M.Chinnaswamy Stadium,1,Mumbai Indians,Royal Challengers Bangalore,187,177,10,8,125,2019,8.98
1178402,2019-04-13,Wankhede Stadium,1,Mumbai Indians,Rajasthan Royals,187,183,4,5,123,2019,9.12
1178421,2019-04-28,Arun Jaitley Stadium,1,Delhi Capitals,Royal Challengers Bangalore,187,182,5,5,120,2019,9.35
1175365,2019-03-30,Arun Jaitley Stadium,1,Kolkata Knight Riders,Delhi Capitals,185,177,8,8,124,2019,8.95
1175365,2019-03-30,Arun Jaitley Stadium,2,Delhi Capitals,Kolkata Knight Riders,185,181,4,6,123,2019,9.02
1178417,2019-04-24,M.Chinnaswamy Stadium,2,Kings XI Punjab,Royal Challengers Bangalore,185,181,4,7,124,2019,8.95
1178427,2019-05-03,Punjab Cricket Association IS Bindra Stadium,2,Kolkata Knight Riders,Kings XI Punjab,185,178,7,3,113,2019,9.82
1175359,2019-03-25,Sawai Mansingh Stadium,1,Kings XI Punjab,Rajasthan Royals,184,168,16,4,128,2019,8.62
1175357,2019-03-24,Eden Gardens,2,Kolkata Knight Riders,Sunrisers Hyderabad,183,179,4,4,121,2019,9.07
1178427,2019-05-03,Punjab Cricket Association IS Bindra Stadium,1,Kings XI Punjab,Kolkata Knight Riders,183,180,3,6,121,2019,9.07
1178407,2019-04-16,Punjab Cricket Association IS Bindra Stadium,1,Kings XI Punjab,Rajasthan Royals,182,170,12,6,122,2019,8.95
1175357,2019-03-24,Eden Gardens,1,Sunrisers Hyderabad,Kolkata Knight Riders,181,173,8,3,123,2019,8.83
1175362,2019-03-28,M.Chinnaswamy Stadium,2,Royal Challengers Bangalore,Mumbai Indians,181,176,5,5,123,2019,8.83
1178401,2019-04-12,Eden Gardens,2,Delhi Capitals,Kolkata Knight Riders,180,177,3,3,115,2019,9.39
1178425,2019-05-01,MA Chidambaram Stadium,1,Chennai Super Kings,Delhi Capitals,179,172,7,4,125,2019,8.59
1178401,2019-04-12,Eden Gardens,1,Kolkata Knight Riders,Delhi Capitals,178,173,5,7,124,2019,8.61
1178429,2019-05-04,M.Chinnaswamy Stadium,2,Royal Challengers Bangalore,Sunrisers Hyderabad,178,169,9,6,123,2019,8.68
1175364,2019-03-30,Punjab Cricket Association IS Bindra Stadium,2,Kings XI Punjab,Mumbai Indians,177,169,8,2,119,2019,8.92
1178418,2019-04-25,Eden Gardens,2,Rajasthan Royals,Kolkata Knight Riders,177,172,5,7,121,2019,8.78
1175358,2019-03-24,Wankhede Stadium,2,Mumbai Indians,Delhi Capitals,176,167,9,9,122,2019,8.66
1175364,2019-03-30,Punjab Cricket Association IS Bindra Stadium,1,Mumbai Indians,Kings XI Punjab,176,169,7,7,124,2019,8.52
1178416,2019-04-23,MA Chidambaram Stadium,2,Chennai Super Kings,Sunrisers Hyderabad,176,167,9,4,121,2019,8.73
1175367,2019-03-31,MA Chidambaram Stadium,1,Chennai Super Kings,Rajasthan Royals,175,168,7,5,126,2019,8.33
1178416,2019-04-23,MA Chidambaram Stadium,1,Sunrisers Hyderabad,Chennai Super Kings,175,171,4,3,123,2019,8.54
1178418,2019-04-25,Eden Gardens,1,Kolkata Knight Riders,Rajasthan Royals,175,165,10,6,123,2019,8.54
1178429,2019-05-04,M.Chinnaswamy Stadium,1,Sunrisers Hyderabad,Royal Challengers Bangalore,175,171,4,7,123,2019,8.54
1178403,2019-04-13,Punjab Cricket Association IS Bindra Stadium,2,Royal Challengers Bangalore,Kings XI Punjab,174,173,1,2,117,2019,8.92
1178403,2019-04-13,Punjab Cricket Association IS Bindra Stadium,1,Kings XI Punjab,Royal Challengers Bangalore,173,166,7,4,125,2019,8.3
1178430,2019-05-05,Punjab Cricket Association IS Bindra Stadium,2,Kings XI Punjab,Chennai Super Kings,173,159,14,4,113,2019,9.19
1178406,2019-04-15,Wankhede Stadium,2,Mumbai Indians,Royal Challengers Bangalore,172,166,6,5,120,2019,8.6
1178406,2019-04-15,Wankhede Stadium,1,Royal Challengers Bangalore,Mumbai Indians,171,163,8,7,121,2019,8.48
1178421,2019-04-28,Arun Jaitley Stadium,2,Royal Challengers Bangalore,Delhi Capitals,171,166,5,7,122,2019,8.41
1175359,2019-03-25,Sawai Mansingh Stadium,2,Rajasthan Royals,Kings XI Punjab,170,165,5,9,124,2019,8.23
1175370,2019-04-03,Wankhede Stadium,1,Mumbai Indians,Chennai Super Kings,170,164,6,5,125,2019,8.16
1178407,2019-04-16,Punjab Cricket Association IS Bindra Stadium,2,Rajasthan Royals,Kings XI Punjab,170,160,10,7,126,2019,8.1
1178430,2019-05-05,Punjab Cricket Association IS Bindra Stadium,1,Chennai Super Kings,Kings XI Punjab,170,168,2,5,121,2019,8.43
1178409,2019-04-18,Arun Jaitley Stadium,1,Mumbai Indians,Delhi Capitals,168,162,6,5,124,2019,8.13
1175367,2019-03-31,MA Chidambaram Stadium,2,Rajasthan Royals,Chennai Super Kings,167,160,7,8,125,2019,8.02
1178423,2019-04-29,Rajiv Gandhi International Stadium,2,Kings XI Punjab,Sunrisers Hyderabad,167,160,7,8,127,2019,7.89
1175368,2019-04-01,Punjab Cricket Association IS Bindra Stadium,1,Kings XI Punjab,Delhi Capitals,166,157,9,9,124,2019,8.03
1178412,2019-04-20,Arun Jaitley Stadium,2,Delhi Capitals,Kings XI Punjab,166,155,11,5,126,2019,7.9
1181766,2019-05-08,Dr. Y.S. Rajasekhara Reddy ACA-VDCA Cricket Stadium,2,Delhi Capitals,Sunrisers Hyderabad,165,159,6,8,124,2019,7.98
1175369,2019-04-02,Sawai Mansingh Stadium,2,Rajasthan Royals,Royal Challengers Bangalore,164,154,10,3,124,2019,7.94
1178412,2019-04-20,Arun Jaitley Stadium,1,Kings XI Punjab,Delhi Capitals,163,158,5,7,122,2019,8.02
1178404,2019-04-14,Eden Gardens,2,Chennai Super Kings,Kolkata Knight Riders,162,160,2,5,120,2019,8.1
1178411,2019-04-20,Sawai Mansingh Stadium,2,Rajasthan Royals,Mumbai Indians,162,156,6,5,115,2019,8.45
1178426,2019-05-02,Wankhede Stadium,1,Mumbai Indians,Sunrisers Hyderabad,162,154,8,5,122,2019,7.97
1178426,2019-05-02,Wankhede Stadium,2,Sunrisers Hyderabad,Mumbai Indians,162,159,3,6,122,2019,7.97
1181766,2019-05-08,Dr. Y.S. Rajasekhara Reddy ACA-VDCA Cricket Stadium,1,Sunrisers Hyderabad,Delhi Capitals,162,152,10,8,128,2019,7.59
1178404,2019-04-14,Eden Gardens,1,Kolkata Knight Riders,Chennai Super Kings,161,152,9,8,125,2019,7.73
1178411,2019-04-20,Sawai Mansingh Stadium,1,Mumbai Indians,Rajasthan Royals,161,152,9,5,124,2019,7.79
1178413,2019-04-21,Rajiv Gandhi International Stadium,2,Sunrisers Hyderabad,Kolkata Knight Riders,161,155,6,1,94,2019,10.28
1178414,2019-04-21,M.Chinnaswamy Stadium,1,Royal Challengers Bangalore,Chennai Super Kings,161,157,4,7,122,2019,7.92
1178420,2019-04-27,Sawai Mansingh Stadium,2,Rajasthan Royals,Sunrisers Hyderabad,161,156,5,3,118,2019,8.19
1178393,2019-04-06,MA Chidambaram Stadium,1,Chennai Super Kings,Kings XI Punjab,160,155,5,3,125,2019,7.68
1178414,2019-04-21,M.Chinnaswamy Stadium,2,Chennai Super Kings,Royal Challengers Bangalore,160,148,12,8,123,2019,7.8
1178420,2019-04-27,Sawai Mansingh Stadium,1,Sunrisers Hyderabad,Rajasthan Royals,160,151,9,8,123,2019,7.8
1178413,2019-04-21,Rajiv Gandhi International Stadium,1,Kolkata Knight Riders,Sunrisers Hyderabad,159,154,5,8,124,2019,7.69
1175369,2019-04-02,Sawai Mansingh Stadium,1,Royal Challengers Bangalore,Rajasthan Royals,158,153,5,4,122,2019,7.77
1178400,2019-04-11,Sawai Mansingh Stadium,2,Chennai Super Kings,Rajasthan Royals,155,146,9,6,124,2019,7.5
1178405,2019-04-14,Rajiv Gandhi International Stadium,1,Delhi Capitals,Sunrisers Hyderabad,155,146,9,7,124,2019,7.5
1178419,2019-04-26,MA Chidambaram Stadium,1,Mumbai Indians,Chennai Super Kings,155,151,4,4,123,2019,7.56
1175368,2019-04-01,Punjab Cricket Association IS Bindra Stadium,2,Delhi Capitals,Kings XI Punjab,152,141,11,10,121,2019,7.54
1178395,2019-04-07,M.Chinnaswamy Stadium,2,Delhi Capitals,Royal Challengers Bangalore,152,140,12,6,120,2019,7.6
1178397,2019-04-08,Punjab Cricket Association IS Bindra Stadium,2,Kings XI Punjab,Sunrisers Hyderabad,151,150,1,4,119,2019,7.61
1178400,2019-04-11,Sawai Mansingh Stadium,1,Rajasthan Royals,Chennai Super Kings,151,144,7,7,122,2019,7.43
1181767,2019-05-10,Dr. Y.S. Rajasekhara Reddy ACA-VDCA Cricket Stadium,2,Chennai Super Kings,Delhi Capitals,151,140,11,4,116,2019,7.81
1175360,2019-03-26,Arun Jaitley Stadium,2,Chennai Super Kings,Delhi Capitals,150,142,8,4,121,2019,7.44
1178397,2019-04-08,Punjab Cricket Association IS Bindra Stadium,1,Sunrisers Hyderabad,Kings XI Punjab,150,142,8,4,123,2019,7.32
1178395,2019-04-07,M.Chinnaswamy Stadium,1,Royal Challengers Bangalore,Delhi Capitals,149,144,5,8,124,2019,7.21
1181768,2019-05-12,Rajiv Gandhi International Stadium,1,Mumbai Indians,Chennai Super Kings,149,146,3,8,123,2019,7.27
1181768,2019-05-12,Rajiv Gandhi International Stadium,2,Chennai Super Kings,Mumbai Indians,148,139,9,7,124,2019,7.16
1175360,2019-03-26,Arun Jaitley Stadium,1,Delhi Capitals,Chennai Super Kings,147,140,7,6,125,2019,7.06
1181767,2019-05-10,Dr. Y.S. Rajasekhara Reddy ACA-VDCA Cricket Stadium,1,Delhi Capitals,Chennai Super Kings,147,139,8,9,123,2019,7.17
1178396,2019-04-07,Sawai Mansingh Stadium,2,Kolkata Knight Riders,Rajasthan Royals,140,129,11,2,86,2019,9.77
1178396,2019-04-07,Sawai Mansingh Stadium,1,Rajasthan Royals,Kolkata Knight Riders,139,128,11,3,125,2019,6.67
1178393,2019-04-06,MA Chidambaram Stadium,2,Kings XI Punjab,Chennai Super Kings,138,134,4,5,124,2019,6.68
1178408,2019-04-17,Rajiv Gandhi International Stadium,2,Sunrisers Hyderabad,Chennai Super Kings,137,134,3,4,104,2019,7.9
1178394,2019-04-06,Rajiv Gandhi International Stadium,1,Mumbai Indians,Sunrisers Hyderabad,136,130,6,7,124,2019,6.58
1178431,2019-05-05,Wankhede Stadium,2,Mumbai Indians,Kolkata Knight Riders,134,131,3,1,100,2019,8.04
1175370,2019-04-03,Wankhede Stadium,2,Chennai Super Kings,Mumbai Indians,133,119,14,8,127,2019,6.28
1178431,2019-05-05,Wankhede Stadium,1,Kolkata Knight Riders,Mumbai Indians,133,123,10,7,128,2019,6.23
1178408,2019-04-17,Rajiv Gandhi International Stadium,1,Chennai Super Kings,Sunrisers Hyderabad,132,125,7,5,123,2019,6.44
1181764,2019-05-07,MA Chidambaram Stadium,2,Mumbai Indians,Chennai Super Kings,132,124,8,4,113,2019,7.01
1175371,2019-04-04,Arun Jaitley Stadium,2,Sunrisers Hyderabad,Delhi Capitals,131,120,11,5,114,2019,6.89
1181764,2019-05-07,MA Chidambaram Stadium,1,Chennai Super Kings,Mumbai Indians,131,126,5,4,124,2019,6.34
1175371,2019-04-04,Arun Jaitley Stadium,1,Delhi Capitals,Sunrisers Hyderabad,129,124,5,8,122,2019,6.34
1178409,2019-04-18,Arun Jaitley Stadium,2,Delhi Capitals,Mumbai Indians,128,120,8,9,123,2019,6.24
1178428,2019-05-04,Arun Jaitley Stadium,2,Delhi Capitals,Rajasthan Royals,121,116,5,5,98,2019,7.41
1178405,2019-04-14,Rajiv Gandhi International Stadium,2,Sunrisers Hyderabad,Delhi Capitals,116,111,5,10,117,2019,5.95
1178428,2019-05-04,Arun Jaitley Stadium,1,Rajasthan Royals,Delhi Capitals,115,106,9,9,126,2019,5.48
1175366,2019-03-31,Rajiv Gandhi International Stadium,2,Royal Challengers Bangalore,Sunrisers Hyderabad,113,105,8,10,123,2019,5.51
1178398,2019-04-09,MA Chidambaram Stadium,2,Chennai Super Kings,Kolkata Knight Riders,111,103,8,3,108,2019,6.17
1178419,2019-04-26,MA Chidambaram Stadium,2,Chennai Super Kings,Mumbai Indians,109,102,7,10,112,2019,5.84
1178398,2019-04-09,MA Chidambaram Stadium,1,Kolkata Knight Riders,Chennai Super Kings,108,104,4,9,123,2019,5.27
1178425,2019-05-01,MA Chidambaram Stadium,2,Delhi Capitals,Chennai Super Kings,99,99,0,10,98,2019,6.06
1178394,2019-04-06,Rajiv Gandhi International Stadium,2,Sunrisers Hyderabad,Mumbai Indians,96,90,6,10,109,2019,5.28
1175356,2019-03-23,MA Chidambaram Stadium,2,Chennai Super Kings,Royal Challengers Bangalore,71,66,5,3,110,2019,3.87
1175356,2019-03-23,MA Chidambaram Stadium,1,Royal Challengers Bangalore,Chennai Super Kings,70,66,4,10,104,2019,4.04
1178424,2019-04-30,M.Chinnaswamy Stadium,1,Royal Challengers Bangalore,Rajasthan Royals,62,59,3,7,31,2019,12.0
1178424,2019-04-30,M.Chinnaswamy Stadium,2,Rajasthan Royals,Royal Challengers Bangalore,41,39,2,1,20,2019,12.3
1175365,2019-03-30,Arun Jaitley Stadium,3,Delhi Capitals,Kolkata Knight Riders,10,10,0,1,6,2019,10.0
1178426,2019-05-02,Wankhede Stadium,4,Mumbai Indians,Sunrisers Hyderabad,9,9,0,0,3,2019,18.0
1178426,2019-05-02,Wankhede Stadium,3,Sunrisers Hyderabad,Mumbai Indians,8,8,0,2,4,2019,12.0
1175365,2019-03-30,Arun Jaitley Stadium,4,Kolkata Knight Riders,Delhi Capitals,7,7,0,1,6,2019,7.0
1216515,2020-10-03,Sharjah Cricket Stadium,1,Delhi Capitals,Kolkata Knight Riders,228,226,2,4,122,2020,11.21
1216527,2020-09-27,Sharjah Cricket Stadium,2,Rajasthan Royals,Kings XI Punjab,226,218,8,6,123,2020,11.02
1216527,2020-09-27,Sharjah Cricket Stadium,1,Kings XI Punjab,Rajasthan Royals,223,213,10,2,127,2020,10.54
1216524,2020-10-27,Dubai International Cricket Stadium,1,Sunrisers Hyderabad,Delhi Capitals,219,208,11,2,124,2020,10.6
1216496,2020-09-22,Sharjah Cricket Stadium,1,Rajasthan Royals,Chennai Super Kings,216,207,9,7,128,2020,10.12
1216515,2020-10-03,Sharjah Cricket Stadium,2,Kolkata Knight Riders,Delhi Capitals,210,197,13,8,127,2020,9.92
1216538,2020-10-04,Sharjah Cricket Stadium,1,Mumbai Indians,Sunrisers Hyderabad,208,204,4,5,123,2020,10.15
1216510,2020-09-24,Dubai International Cricket Stadium,1,Kings XI Punjab,Royal Challengers Bangalore,206,195,11,3,125,2020,9.89
1216542,2020-10-08,Dubai International Cricket Stadium,1,Sunrisers Hyderabad,Kings XI Punjab,201,190,11,6,125,2020,9.65
1216547,2020-09-28,Dubai International Cricket Stadium,1,Royal Challengers Bangalore,Mumbai Indians,201,191,10,3,123,2020,9.8
1216547,2020-09-28,Dubai International Cricket Stadium,2,Mumbai Indians,Royal Challengers Bangalore,201,196,5,5,125,2020,9.65
1216496,2020-09-22,Sharjah Cricket Stadium,2,Chennai Super Kings,Rajasthan Royals,200,195,5,6,124,2020,9.68
1237177,2020-11-05,Dubai International Cricket Stadium,1,Mumbai Indians,Delhi Capitals,200,196,4,5,121,2020,9.92
1216519,2020-10-05,Dubai International Cricket Stadium,1,Delhi Capitals,Royal Challengers Bangalore,196,186,10,4,126,2020,9.33
1216541,2020-10-25,Sheikh Zayed Stadium,2,Rajasthan Royals,Mumbai Indians,196,185,11,2,117,2020,10.05
1216508,2020-09-23,Sheikh Zayed Stadium,1,Mumbai Indians,Kolkata Knight Riders,195,181,14,5,131,2020,8.93
1216541,2020-10-25,Sheikh Zayed Stadium,1,Mumbai Indians,Rajasthan Royals,195,186,9,5,125,2020,9.36
1216497,2020-10-24,Sheikh Zayed Stadium,1,Kolkata Knight Riders,Delhi Capitals,194,187,7,6,125,2020,9.31
1216540,2020-10-12,Sharjah Cricket Stadium,1,Royal Challengers Bangalore,Kolkata Knight Riders,194,185,9,2,125,2020,9.31
1216511,2020-10-06,Sheikh Zayed Stadium,1,Mumbai Indians,Rajasthan Royals,193,179,14,4,127,2020,9.12
1216503,2020-10-01,Sheikh Zayed Stadium,1,Mumbai Indians,Kings XI Punjab,191,185,6,4,125,2020,9.17
1216530,2020-11-01,Dubai International Cricket Stadium,1,Kolkata Knight Riders,Rajasthan Royals,191,184,7,7,122,2020,9.39
1237180,2020-11-08,Sheikh Zayed Stadium,1,Delhi Capitals,Sunrisers Hyderabad,189,181,8,3,125,2020,9.07
1216537,2020-10-30,Sheikh Zayed Stadium,2,Rajasthan Royals,Kings XI Punjab,186,181,5,3,108,2020,10.33
1216509,2020-10-17,Sharjah Cricket Stadium,2,Delhi Capitals,Chennai Super Kings,185,181,4,5,122,2020,9.1
1216537,2020-10-30,Sheikh Zayed Stadium,1,Kings XI Punjab,Rajasthan Royals,185,174,11,4,129,2020,8.6
1216500,2020-10-09,Sharjah Cricket Stadium,1,Delhi Capitals,Rajasthan Royals,184,170,14,8,127,2020,8.69
1216513,2020-10-04,Dubai International Cricket Stadium,2,Chennai Super Kings,Kings XI Punjab,181,170,11,0,113,2020,9.61
1216509,2020-10-17,Sharjah Cricket Stadium,1,Chennai Super Kings,Delhi Capitals,179,175,4,4,124,2020,8.66
1216522,2020-10-17,Dubai International Cricket Stadium,2,Royal Challengers Bangalore,Rajasthan Royals,179,166,13,3,130,2020,8.26
1216513,2020-10-04,Dubai International Cricket Stadium,1,Kings XI Punjab,Chennai Super Kings,178,174,4,4,123,2020,8.68
1216536,2020-10-29,Dubai International Cricket Stadium,2,Chennai Super Kings,Kolkata Knight Riders,178,169,9,4,125,2020,8.54
1216522,2020-10-17,Dubai International Cricket Stadium,1,Rajasthan Royals,Royal Challengers Bangalore,177,167,10,6,129,2020,8.23
1216531,2020-10-15,Sharjah Cricket Stadium,2,Kings XI Punjab,Royal Challengers Bangalore,177,165,12,2,126,2020,8.43
1216517,2020-10-18,Dubai International Cricket Stadium,1,Mumbai Indians,Kings XI Punjab,176,169,7,6,121,2020,8.73
1216517,2020-10-18,Dubai International Cricket Stadium,2,Kings XI Punjab,Mumbai Indians,176,172,4,6,124,2020,8.52
1216539,2020-09-25,Dubai International Cricket Stadium,1,Delhi Capitals,Chennai Super Kings,175,167,8,3,123,2020,8.54
1216504,2020-09-30,Dubai International Cricket Stadium,1,Kolkata Knight Riders,Rajasthan Royals,174,163,11,6,128,2020,8.16
1216538,2020-10-04,Sharjah Cricket Stadium,2,Sunrisers Hyderabad,Mumbai Indians,174,159,15,7,129,2020,8.09
1216536,2020-10-29,Dubai International Cricket Stadium,1,Kolkata Knight Riders,Chennai Super Kings,172,170,2,5,121,2020,8.53
1237180,2020-11-08,Sheikh Zayed Stadium,2,Sunrisers Hyderabad,Delhi Capitals,172,166,6,8,125,2020,8.26
1216531,2020-10-15,Sharjah Cricket Stadium,1,Royal Challengers Bangalore,Kings XI Punjab,171,159,12,6,125,2020,8.21
1216525,2020-10-10,Dubai International Cricket Stadium,1,Royal Challengers Bangalore,Chennai Super Kings,169,157,12,4,131,2020,7.74
1216501,2020-10-07,Sheikh Zayed Stadium,1,Kolkata Knight Riders,Chennai Super Kings,167,157,10,10,126,2020,7.95
1216528,2020-10-13,Dubai International Cricket Stadium,1,Chennai Super Kings,Sunrisers Hyderabad,167,162,5,6,122,2020,8.21
1216546,2020-10-20,Dubai International Cricket Stadium,2,Kings XI Punjab,Delhi Capitals,167,159,8,5,120,2020,8.35
1216492,2020-09-19,Sheikh Zayed Stadium,2,Chennai Super Kings,Mumbai Indians,166,162,4,5,120,2020,8.3
1216499,2020-10-28,Sheikh Zayed Stadium,2,Mumbai Indians,Royal Challengers Bangalore,166,158,8,5,121,2020,8.23
1216529,2020-10-11,Sheikh Zayed Stadium,2,Mumbai Indians,Delhi Capitals,166,162,4,5,122,2020,8.16
1216499,2020-10-28,Sheikh Zayed Stadium,1,Royal Challengers Bangalore,Mumbai Indians,164,161,3,6,123,2020,8.0
1216516,2020-10-02,Dubai International Cricket Stadium,1,Sunrisers Hyderabad,Chennai Super Kings,164,156,8,5,128,2020,7.69
1216523,2020-10-10,Sheikh Zayed Stadium,1,Kolkata Knight Riders,Kings XI Punjab,164,155,9,6,124,2020,7.94
1216546,2020-10-20,Dubai International Cricket Stadium,1,Delhi Capitals,Kings XI Punjab,164,160,4,5,123,2020,8.0
1216507,2020-10-11,Dubai International Cricket Stadium,2,Rajasthan Royals,Sunrisers Hyderabad,163,157,6,5,121,2020,8.08
1216512,2020-10-18,Sheikh Zayed Stadium,1,Kolkata Knight Riders,Sunrisers Hyderabad,163,160,3,5,121,2020,8.08
1216512,2020-10-18,Sheikh Zayed Stadium,2,Sunrisers Hyderabad,Kolkata Knight Riders,163,153,10,6,123,2020,7.95
1216534,2020-09-21,Dubai International Cricket Stadium,1,Royal Challengers Bangalore,Sunrisers Hyderabad,163,158,5,5,124,2020,7.89
1216492,2020-09-19,Sheikh Zayed Stadium,1,Mumbai Indians,Chennai Super Kings,162,157,5,9,124,2020,7.84
1216523,2020-10-10,Sheikh Zayed Stadium,2,Kings XI Punjab,Kolkata Knight Riders,162,160,2,5,120,2020,8.1
1216529,2020-10-11,Sheikh Zayed Stadium,1,Delhi Capitals,Mumbai Indians,162,157,5,4,125,2020,7.78
1216532,2020-09-29,Sheikh Zayed Stadium,1,Sunrisers Hyderabad,Delhi Capitals,162,155,7,4,123,2020,7.9
1216543,2020-10-14,Dubai International Cricket Stadium,1,Delhi Capitals,Rajasthan Royals,161,151,10,7,128,2020,7.55
1216507,2020-10-11,Dubai International Cricket Stadium,1,Sunrisers Hyderabad,Rajasthan Royals,158,155,3,4,123,2020,7.71
1216514,2020-10-03,Sheikh Zayed Stadium,2,Royal Challengers Bangalore,Rajasthan Royals,158,155,3,2,116,2020,8.17
1216493,2020-09-20,Dubai International Cricket Stadium,1,Delhi Capitals,Kings XI Punjab,157,148,9,8,128,2020,7.36
1216493,2020-09-20,Dubai International Cricket Stadium,2,Kings XI Punjab,Delhi Capitals,157,149,8,8,122,2020,7.72
1216501,2020-10-07,Sheikh Zayed Stadium,2,Chennai Super Kings,Kolkata Knight Riders,157,153,4,5,122,2020,7.72
1216516,2020-10-02,Dubai International Cricket Stadium,2,Chennai Super Kings,Sunrisers Hyderabad,157,146,11,5,124,2020,7.6
1237181,2020-11-10,Dubai International Cricket Stadium,2,Mumbai Indians,Delhi Capitals,157,153,4,5,112,2020,8.41
1216518,2020-10-22,Dubai International Cricket Stadium,2,Sunrisers Hyderabad,Rajasthan Royals,156,149,7,2,114,2020,8.21
1237181,2020-11-10,Dubai International Cricket Stadium,1,Delhi Capitals,Mumbai Indians,156,152,4,7,123,2020,7.61
1216505,2020-11-02,Sheikh Zayed Stadium,2,Delhi Capitals,Royal Challengers Bangalore,154,148,6,4,117,2020,7.9
1216506,2020-11-01,Sheikh Zayed Stadium,2,Chennai Super Kings,Kings XI Punjab,154,140,14,1,116,2020,7.97
1216514,2020-10-03,Sheikh Zayed Stadium,1,Rajasthan Royals,Royal Challengers Bangalore,154,151,3,6,122,2020,7.57
1216518,2020-10-22,Dubai International Cricket Stadium,1,Rajasthan Royals,Sunrisers Hyderabad,154,151,3,6,123,2020,7.51
1216506,2020-11-01,Sheikh Zayed Stadium,1,Kings XI Punjab,Chennai Super Kings,153,151,2,6,121,2020,7.59
1216534,2020-09-21,Dubai International Cricket Stadium,2,Sunrisers Hyderabad,Royal Challengers Bangalore,153,138,15,10,122,2020,7.52
1216505,2020-11-02,Sheikh Zayed Stadium,1,Royal Challengers Bangalore,Delhi Capitals,152,148,4,7,123,2020,7.41
1216495,2020-11-03,Sharjah Cricket Stadium,2,Sunrisers Hyderabad,Mumbai Indians,151,143,8,0,107,2020,8.47
1216520,2020-10-26,Sharjah Cricket Stadium,2,Kings XI Punjab,Kolkata Knight Riders,150,147,3,2,114,2020,7.89
1216544,2020-10-25,Dubai International Cricket Stadium,2,Chennai Super Kings,Royal Challengers Bangalore,150,148,2,2,113,2020,7.96
1216495,2020-11-03,Sharjah Cricket Stadium,1,Mumbai Indians,Sunrisers Hyderabad,149,148,1,8,120,2020,7.45
1216520,2020-10-26,Sharjah Cricket Stadium,1,Kolkata Knight Riders,Kings XI Punjab,149,143,6,9,123,2020,7.27
1216526,2020-10-16,Sheikh Zayed Stadium,2,Mumbai Indians,Kolkata Knight Riders,149,144,5,2,101,2020,8.85
1216526,2020-10-16,Sheikh Zayed Stadium,1,Kolkata Knight Riders,Mumbai Indians,148,141,7,5,125,2020,7.1
1216543,2020-10-14,Dubai International Cricket Stadium,2,Rajasthan Royals,Delhi Capitals,148,143,5,8,124,2020,7.16
1216528,2020-10-13,Dubai International Cricket Stadium,2,Sunrisers Hyderabad,Chennai Super Kings,147,141,6,8,126,2020,7.0
1216532,2020-09-29,Sheikh Zayed Stadium,2,Delhi Capitals,Sunrisers Hyderabad,147,136,11,7,124,2020,7.11
1216508,2020-09-23,Sheikh Zayed Stadium,2,Kolkata Knight Riders,Mumbai Indians,146,141,5,9,123,2020,7.12
1216544,2020-10-25,Dubai International Cricket Stadium,1,Royal Challengers Bangalore,Chennai Super Kings,145,136,9,6,127,2020,6.85
1216545,2020-09-26,Sheikh Zayed Stadium,2,Kolkata Knight Riders,Sunrisers Hyderabad,145,138,7,3,112,2020,7.77
1216503,2020-10-01,Sheikh Zayed Stadium,2,Kings XI Punjab,Mumbai Indians,143,136,7,8,125,2020,6.86
1237177,2020-11-05,Dubai International Cricket Stadium,2,Delhi Capitals,Mumbai Indians,143,137,6,8,126,2020,6.81
1216545,2020-09-26,Sheikh Zayed Stadium,1,Sunrisers Hyderabad,Kolkata Knight Riders,142,135,7,4,123,2020,6.93
1216500,2020-10-09,Sharjah Cricket Stadium,2,Rajasthan Royals,Delhi Capitals,138,128,10,10,126,2020,6.57
1216504,2020-09-30,Dubai International Cricket Stadium,2,Rajasthan Royals,Kolkata Knight Riders,137,130,7,9,121,2020,6.79
1216519,2020-10-05,Dubai International Cricket Stadium,2,Royal Challengers Bangalore,Delhi Capitals,137,126,11,9,126,2020,6.52
1216511,2020-10-06,Sheikh Zayed Stadium,2,Rajasthan Royals,Mumbai Indians,136,134,2,10,110,2020,7.42
1216497,2020-10-24,Sheikh Zayed Stadium,2,Delhi Capitals,Kolkata Knight Riders,135,129,6,9,125,2020,6.48
1216525,2020-10-10,Dubai International Cricket Stadium,2,Chennai Super Kings,Royal Challengers Bangalore,132,127,5,8,125,2020,6.34
1216542,2020-10-08,Dubai International Cricket Stadium,2,Kings XI Punjab,Sunrisers Hyderabad,132,128,4,10,103,2020,7.69
1237178,2020-11-06,Sheikh Zayed Stadium,2,Sunrisers Hyderabad,Royal Challengers Bangalore,132,122,10,4,123,2020,6.44
1216524,2020-10-27,Dubai International Cricket Stadium,2,Delhi Capitals,Sunrisers Hyderabad,131,122,9,10,119,2020,6.61
1216530,2020-11-01,Dubai International Cricket Stadium,2,Rajasthan Royals,Kolkata Knight Riders,131,126,5,9,123,2020,6.39
1216539,2020-09-25,Dubai International Cricket Stadium,2,Chennai Super Kings,Delhi Capitals,131,126,5,7,124,2020,6.34
1237178,2020-11-06,Sheikh Zayed Stadium,1,Royal Challengers Bangalore,Sunrisers Hyderabad,131,127,4,7,124,2020,6.34
1216498,2020-10-24,Dubai International Cricket Stadium,1,Kings XI Punjab,Sunrisers Hyderabad,126,119,7,7,125,2020,6.05
1216533,2020-10-19,Sheikh Zayed Stadium,2,Rajasthan Royals,Chennai Super Kings,126,119,7,3,106,2020,7.13
1216533,2020-10-19,Sheikh Zayed Stadium,1,Chennai Super Kings,Rajasthan Royals,125,120,5,5,122,2020,6.15
1216502,2020-10-31,Sharjah Cricket Stadium,2,Sunrisers Hyderabad,Royal Challengers Bangalore,121,115,6,5,90,2020,8.07
1216502,2020-10-31,Sharjah Cricket Stadium,1,Royal Challengers Bangalore,Sunrisers Hyderabad,120,109,11,7,124,2020,5.81
1216521,2020-10-23,Sharjah Cricket Stadium,2,Mumbai Indians,Chennai Super Kings,116,114,2,0,74,2020,9.41
1216498,2020-10-24,Dubai International Cricket Stadium,2,Sunrisers Hyderabad,Kings XI Punjab,114,110,4,10,123,2020,5.56
1216521,2020-10-23,Sharjah Cricket Stadium,1,Chennai Super Kings,Mumbai Indians,114,102,12,9,125,2020,5.47
1216540,2020-10-12,Sharjah Cricket Stadium,2,Kolkata Knight Riders,Royal Challengers Bangalore,112,106,6,9,123,2020,5.46
1216535,2020-10-31,Dubai International Cricket Stadium,2,Mumbai Indians,Delhi Capitals,111,110,1,1,87,2020,7.66
1216535,2020-10-31,Dubai International Cricket Stadium,1,Delhi Capitals,Mumbai Indians,110,105,5,9,122,2020,5.41
1216510,2020-09-24,Dubai International Cricket Stadium,2,Royal Challengers Bangalore,Kings XI Punjab,109,100,9,10,108,2020,6.06
1216494,2020-10-21,Sheikh Zayed Stadium,2,Royal Challengers Bangalore,Kolkata Knight Riders,85,80,5,2,84,2020,6.07
1216494,2020-10-21,Sheikh Zayed Stadium,1,Kolkata Knight Riders,Royal Challengers Bangalore,84,81,3,8,121,2020,4.17
1216517,2020-10-18,Dubai International Cricket Stadium,6,Kings XI Punjab,Mumbai Indians,15,15,0,0,4,2020,22.5
1216517,2020-10-18,Dubai International Cricket Stadium,5,Mumbai Indians,Kings XI Punjab,11,9,2,1,8,2020,8.25
1216547,2020-09-28,Dubai International Cricket Stadium,4,Royal Challengers Bangalore,Mumbai Indians,11,11,0,0,6,2020,11.0
1216547,2020-09-28,Dubai International Cricket Stadium,3,Mumbai Indians,Royal Challengers Bangalore,7,6,1,1,6,2020,7.0
1216517,2020-10-18,Dubai International Cricket Stadium,3,Kings XI Punjab,Mumbai Indians,5,5,0,2,6,2020,5.0
1216517,2020-10-18,Dubai International Cricket Stadium,4,Mumbai Indians,Kings XI Punjab,5,5,0,1,6,2020,5.0
1216493,2020-09-20,Dubai International Cricket Stadium,4,Delhi Capitals,Kings XI Punjab,3,2,1,0,3,2020,6.0
1216512,2020-10-18,Sheikh Zayed Stadium,4,Kolkata Knight Riders,Sunrisers Hyderabad,3,1,2,0,4,2020,4.5
1216493,2020-09-20,Dubai International Cricket Stadium,3,Kings XI Punjab,Delhi Capitals,2,2,0,2,3,2020,4.0
1216512,2020-10-18,Sheikh Zayed Stadium,3,Sunrisers Hyderabad,Kolkata Knight Riders,2,2,0,2,3,2020,4.0
1254088,2021-10-08,"Zayed Cricket Stadium, Abu Dhabi",1,Mumbai Indians,Sunrisers Hyderabad,235,224,11,9,125,2021,11.28
1254061,2021-04-12,"Wankhede Stadium, Mumbai",1,Punjab Kings,Rajasthan Royals,221,215,6,6,126,2021,10.52
1254072,2021-04-21,"Wankhede Stadium, Mumbai",1,Chennai Super Kings,Kolkata Knight Riders,220,207,13,3,129,2021,10.23
1254085,2021-05-02,"Arun Jaitley Stadium, Delhi",1,Rajasthan Royals,Sunrisers Hyderabad,220,206,14,3,128,2021,10.31
1254084,2021-05-01,"Arun Jaitley Stadium, Delhi",2,Mumbai Indians,Chennai Super Kings,219,211,8,6,128,2021,10.27
1254084,2021-05-01,"Arun Jaitley Stadium, Delhi",1,Chennai Super Kings,Mumbai Indians,218,208,10,4,128,2021,10.22
1254061,2021-04-12,"Wankhede Stadium, Mumbai",2,Rajasthan Royals,Punjab Kings,217,208,9,7,127,2021,10.25
1254067,2021-04-18,"MA Chidambaram Stadium, Chepauk, Chennai",1,Royal Challengers Bangalore,Kolkata Knight Riders,204,196,8,4,128,2021,9.56
1254072,2021-04-21,"Wankhede Stadium, Mumbai",2,Kolkata Knight Riders,Chennai Super Kings,202,188,14,10,123,2021,9.85
1254068,2021-04-18,"Wankhede Stadium, Mumbai",2,Delhi Capitals,Punjab Kings,198,187,11,4,115,2021,10.33
1254068,2021-04-18,"Wankhede Stadium, Mumbai",1,Punjab Kings,Delhi Capitals,195,187,8,4,122,2021,9.59
1254088,2021-10-08,"Zayed Cricket Stadium, Abu Dhabi",2,Sunrisers Hyderabad,Mumbai Indians,193,183,10,8,124,2021,9.34
1254117,2021-10-15,Dubai International Cricket Stadium,1,Chennai Super Kings,Kolkata Knight Riders,192,186,6,3,124,2021,9.29
1254076,2021-04-25,"Wankhede Stadium, Mumbai",1,Chennai Super Kings,Royal Challengers Bangalore,191,185,6,4,125,2021,9.17
1254059,2021-04-10,"Wankhede Stadium, Mumbai",2,Delhi Capitals,Chennai Super Kings,190,186,4,3,116,2021,9.83
1254089,2021-10-02,"Zayed Cricket Stadium, Abu Dhabi",2,Rajasthan Royals,Chennai Super Kings,190,183,7,3,111,2021,10.27
1254089,2021-10-02,"Zayed Cricket Stadium, Abu Dhabi",1,Chennai Super Kings,Rajasthan Royals,189,184,5,4,125,2021,9.07
1254059,2021-04-10,"Wankhede Stadium, Mumbai",1,Chennai Super Kings,Delhi Capitals,188,178,10,7,123,2021,9.17
1254069,2021-04-19,"Wankhede Stadium, Mumbai",1,Chennai Super Kings,Rajasthan Royals,188,174,14,9,129,2021,8.74
1254060,2021-04-11,"MA Chidambaram Stadium, Chepauk, Chennai",1,Kolkata Knight Riders,Sunrisers Hyderabad,187,180,7,6,123,2021,9.12
1254111,2021-09-21,Dubai International Cricket Stadium,1,Rajasthan Royals,Punjab Kings,185,176,9,10,125,2021,8.88
1254111,2021-09-21,Dubai International Cricket Stadium,2,Punjab Kings,Rajasthan Royals,183,174,9,4,128,2021,8.58
1254073,2021-04-22,"Wankhede Stadium, Mumbai",2,Royal Challengers Bangalore,Rajasthan Royals,181,173,8,0,101,2021,10.75
1254083,2021-04-30,"Narendra Modi Stadium, Ahmedabad",1,Punjab Kings,Royal Challengers Bangalore,179,174,5,5,124,2021,8.66
1254060,2021-04-11,"MA Chidambaram Stadium, Chepauk, Chennai",2,Sunrisers Hyderabad,Kolkata Knight Riders,177,170,7,5,125,2021,8.5
1254073,2021-04-22,"Wankhede Stadium, Mumbai",1,Rajasthan Royals,Royal Challengers Bangalore,177,164,13,9,128,2021,8.3
1254080,2021-04-28,"Arun Jaitley Stadium, Delhi",2,Chennai Super Kings,Sunrisers Hyderabad,173,170,3,3,114,2021,9.11
1254114,2021-10-10,Dubai International Cricket Stadium,2,Chennai Super Kings,Delhi Capitals,173,169,4,6,121,2021,8.58
1254081,2021-04-29,"Arun Jaitley Stadium, Delhi",2,Mumbai Indians,Rajasthan Royals,172,155,17,3,113,2021,9.13
1254098,2021-09-26,"Zayed Cricket Stadium, Abu Dhabi",2,Chennai Super Kings,Kolkata Knight Riders,172,167,5,8,123,2021,8.39
1254114,2021-10-10,Dubai International Cricket Stadium,1,Delhi Capitals,Chennai Super Kings,172,166,6,5,126,2021,8.19
1254079,2021-04-27,"Narendra Modi Stadium, Ahmedabad",1,Royal Challengers Bangalore,Delhi Capitals,171,169,2,5,122,2021,8.41
1254080,2021-04-28,"Arun Jaitley Stadium, Delhi",1,Sunrisers Hyderabad,Chennai Super Kings,171,163,8,3,126,2021,8.14
1254081,2021-04-29,"Arun Jaitley Stadium, Delhi",1,Rajasthan Royals,Mumbai Indians,171,165,6,4,124,2021,8.27
1254098,2021-09-26,"Zayed Cricket Stadium, Abu Dhabi",1,Kolkata Knight Riders,Chennai Super Kings,171,163,8,6,126,2021,8.14
1254106,2021-10-07,Sharjah Cricket Stadium,1,Kolkata Knight Riders,Rajasthan Royals,171,154,17,4,127,2021,8.08
1254079,2021-04-27,"Narendra Modi Stadium, Ahmedabad",2,Delhi Capitals,Royal Challengers Bangalore,170,164,6,4,122,2021,8.36
1254102,2021-10-01,Dubai International Cricket Stadium,2,Punjab Kings,Kolkata Knight Riders,168,162,6,5,121,2021,8.33
1254086,2021-05-02,"Narendra Modi Stadium, Ahmedabad",2,Delhi Capitals,Punjab Kings,167,162,5,3,109,2021,9.19
1254100,2021-09-27,Dubai International Cricket Stadium,2,Sunrisers Hyderabad,Rajasthan Royals,167,150,17,3,119,2021,8.42
1254067,2021-04-18,"MA Chidambaram Stadium, Chepauk, Chennai",2,Kolkata Knight Riders,Royal Challengers Bangalore,166,162,4,8,123,2021,8.1
1254086,2021-05-02,"Narendra Modi Stadium, Ahmedabad",1,Punjab Kings,Delhi Capitals,166,161,5,6,122,2021,8.16
1254101,2021-10-08,Dubai International Cricket Stadium,2,Royal Challengers Bangalore,Delhi Capitals,166,159,7,3,125,2021,7.97
1254085,2021-05-02,"Arun Jaitley Stadium, Delhi",2,Sunrisers Hyderabad,Rajasthan Royals,165,157,8,8,127,2021,7.8
1254102,2021-10-01,Dubai International Cricket Stadium,1,Kolkata Knight Riders,Punjab Kings,165,157,8,7,124,2021,7.98
1254108,2021-09-26,Dubai International Cricket Stadium,1,Royal Challengers Bangalore,Mumbai Indians,165,154,11,6,127,2021,7.8
1254117,2021-10-15,Dubai International Cricket Stadium,2,Kolkata Knight Riders,Chennai Super Kings,165,156,9,9,129,2021,7.67
1254090,2021-10-03,Sharjah Cricket Stadium,1,Royal Challengers Bangalore,Punjab Kings,164,154,10,7,125,2021,7.87
1254100,2021-09-27,Dubai International Cricket Stadium,1,Rajasthan Royals,Sunrisers Hyderabad,164,157,7,5,123,2021,8.0
1254101,2021-10-08,Dubai International Cricket Stadium,1,Delhi Capitals,Royal Challengers Bangalore,164,155,9,5,126,2021,7.81
1254058,2021-04-09,"MA Chidambaram Stadium, Chepauk, Chennai",2,Royal Challengers Bangalore,Mumbai Indians,160,148,12,8,126,2021,7.62
1254058,2021-04-09,"MA Chidambaram Stadium, Chepauk, Chennai",1,Mumbai Indians,Royal Challengers Bangalore,159,155,4,9,124,2021,7.69
1254077,2021-04-25,"MA Chidambaram Stadium, Chepauk, Chennai",1,Delhi Capitals,Sunrisers Hyderabad,159,155,4,4,123,2021,7.76
1254077,2021-04-25,"MA Chidambaram Stadium, Chepauk, Chennai",2,Sunrisers Hyderabad,Delhi Capitals,159,150,9,7,125,2021,7.63
1254096,2021-09-23,"Zayed Cricket Stadium, Abu Dhabi",2,Kolkata Knight Riders,Mumbai Indians,159,152,7,3,93,2021,10.26
1254090,2021-10-03,Sharjah Cricket Stadium,2,Punjab Kings,Royal Challengers Bangalore,158,150,8,6,126,2021,7.52
1254113,2021-09-24,Sharjah Cricket Stadium,2,Chennai Super Kings,Royal Challengers Bangalore,157,152,5,4,113,2021,8.34
1254082,2021-04-29,"Narendra Modi Stadium, Ahmedabad",2,Delhi Capitals,Kolkata Knight Riders,156,150,6,3,104,2021,9.0
1254104,2021-09-19,Dubai International Cricket Stadium,1,Chennai Super Kings,Mumbai Indians,156,145,11,7,125,2021,7.49
1254113,2021-09-24,Sharjah Cricket Stadium,1,Royal Challengers Bangalore,Chennai Super Kings,156,151,5,6,122,2021,7.67
1254096,2021-09-23,"Zayed Cricket Stadium, Abu Dhabi",1,Mumbai Indians,Kolkata Knight Riders,155,146,9,6,128,2021,7.27
1254082,2021-04-29,"Narendra Modi Stadium, Ahmedabad",1,Kolkata Knight Riders,Delhi Capitals,154,147,7,6,121,2021,7.64
1254097,2021-09-25,"Zayed Cricket Stadium, Abu Dhabi",1,Delhi Capitals,Rajasthan Royals,154,145,9,6,126,2021,7.33
1254103,2021-09-29,Dubai International Cricket Stadium,2,Royal Challengers Bangalore,Rajasthan Royals,153,145,8,3,107,2021,8.58
1254062,2021-04-13,"MA Chidambaram Stadium, Chepauk, Chennai",1,Mumbai Indians,Kolkata Knight Riders,152,145,7,10,123,2021,7.41
1254064,2021-04-15,"Wankhede Stadium, Mumbai",2,Rajasthan Royals,Delhi Capitals,150,147,3,7,119,2021,7.56
1254066,2021-04-17,"MA Chidambaram Stadium, Chepauk, Chennai",1,Mumbai Indians,Sunrisers Hyderabad,150,139,11,5,125,2021,7.2
1254063,2021-04-14,"MA Chidambaram Stadium, Chepauk, Chennai",1,Royal Challengers Bangalore,Sunrisers Hyderabad,149,139,10,8,127,2021,7.04
1254103,2021-09-29,Dubai International Cricket Stadium,1,Rajasthan Royals,Royal Challengers Bangalore,149,145,4,9,123,2021,7.27
1254064,2021-04-15,"Wankhede Stadium, Mumbai",1,Delhi Capitals,Rajasthan Royals,147,142,5,8,124,2021,7.11
1254083,2021-04-30,"Narendra Modi Stadium, Ahmedabad",2,Royal Challengers Bangalore,Punjab Kings,145,134,11,8,122,2021,7.13
1254063,2021-04-14,"MA Chidambaram Stadium, Chepauk, Chennai",2,Sunrisers Hyderabad,Royal Challengers Bangalore,143,131,12,9,126,2021,6.81
1254069,2021-04-19,"Wankhede Stadium, Mumbai",2,Rajasthan Royals,Chennai Super Kings,143,130,13,9,129,2021,6.65
1254062,2021-04-13,"MA Chidambaram Stadium, Chepauk, Chennai",2,Kolkata Knight Riders,Mumbai Indians,142,130,12,7,122,2021,6.98
1254095,2021-10-06,"Zayed Cricket Stadium, Abu Dhabi",1,Sunrisers Hyderabad,Royal Challengers Bangalore,141,137,4,7,124,2021,6.82
1254091,2021-09-30,Sharjah Cricket Stadium,2,Chennai Super Kings,Sunrisers Hyderabad,139,136,3,4,121,2021,6.89
1254094,2021-10-07,Dubai International Cricket Stadium,2,Punjab Kings,Chennai Super Kings,139,134,5,4,83,2021,10.05
1254105,2021-09-22,Dubai International Cricket Stadium,2,Delhi Capitals,Sunrisers Hyderabad,139,135,4,2,111,2021,7.51
1254110,2021-10-04,Dubai International Cricket Stadium,2,Delhi Capitals,Chennai Super Kings,139,131,8,7,124,2021,6.73
1254115,2021-10-11,Sharjah Cricket Stadium,2,Kolkata Knight Riders,Royal Challengers Bangalore,139,134,5,6,121,2021,6.89
1254070,2021-04-20,"MA Chidambaram Stadium, Chepauk, Chennai",2,Delhi Capitals,Mumbai Indians,138,128,10,4,121,2021,6.84
1254115,2021-10-11,Sharjah Cricket Stadium,1,Royal Challengers Bangalore,Kolkata Knight Riders,138,125,13,7,126,2021,6.57
1254066,2021-04-17,"MA Chidambaram Stadium, Chepauk, Chennai",2,Sunrisers Hyderabad,Mumbai Indians,137,132,5,10,120,2021,6.85
1254070,2021-04-20,"MA Chidambaram Stadium, Chepauk, Chennai",1,Mumbai Indians,Delhi Capitals,137,132,5,9,120,2021,6.85
1254095,2021-10-06,"Zayed Cricket Stadium, Abu Dhabi",2,Royal Challengers Bangalore,Sunrisers Hyderabad,137,134,3,6,122,2021,6.74
1254099,2021-09-28,"Zayed Cricket Stadium, Abu Dhabi",2,Mumbai Indians,Punjab Kings,137,135,2,4,116,2021,7.09
1254104,2021-09-19,Dubai International Cricket Stadium,2,Mumbai Indians,Chennai Super Kings,136,132,4,8,124,2021,6.58
1254110,2021-10-04,Dubai International Cricket Stadium,1,Chennai Super Kings,Delhi Capitals,136,121,15,5,126,2021,6.48
1254116,2021-10-13,Sharjah Cricket Stadium,2,Kolkata Knight Riders,Delhi Capitals,136,126,10,7,124,2021,6.58
1254099,2021-09-28,"Zayed Cricket Stadium, Abu Dhabi",1,Punjab Kings,Mumbai Indians,135,129,6,6,123,2021,6.59
1254116,2021-10-13,Sharjah Cricket Stadium,1,Delhi Capitals,Kolkata Knight Riders,135,129,6,5,124,2021,6.53
1254075,2021-04-24,"Wankhede Stadium, Mumbai",2,Rajasthan Royals,Kolkata Knight Riders,134,120,14,4,120,2021,6.7
1254091,2021-09-30,Sharjah Cricket Stadium,1,Sunrisers Hyderabad,Chennai Super Kings,134,124,10,7,125,2021,6.43
1254094,2021-10-07,Dubai International Cricket Stadium,1,Chennai Super Kings,Punjab Kings,134,125,9,6,127,2021,6.33
1254105,2021-09-22,Dubai International Cricket Stadium,1,Sunrisers Hyderabad,Delhi Capitals,134,121,13,9,126,2021,6.38
1254075,2021-04-24,"Wankhede Stadium, Mumbai",1,Kolkata Knight Riders,Rajasthan Royals,133,124,9,9,126,2021,6.33
1254074,2021-04-23,"MA Chidambaram Stadium, Chepauk, Chennai",2,Punjab Kings,Mumbai Indians,132,128,4,1,110,2021,7.2
1254112,2021-10-02,Sharjah Cricket Stadium,2,Delhi Capitals,Mumbai Indians,132,126,6,6,119,2021,6.66
1254074,2021-04-23,"MA Chidambaram Stadium, Chepauk, Chennai",1,Mumbai Indians,Punjab Kings,131,125,6,6,122,2021,6.44
1254092,2021-09-28,Sharjah Cricket Stadium,2,Kolkata Knight Riders,Delhi Capitals,130,125,5,7,113,2021,6.9
1254112,2021-10-02,Sharjah Cricket Stadium,1,Mumbai Indians,Delhi Capitals,129,123,6,8,126,2021,6.14
1254092,2021-09-28,Sharjah Cricket Stadium,1,Delhi Capitals,Kolkata Knight Riders,127,121,6,9,124,2021,6.15
1254078,2021-04-26,"Narendra Modi Stadium, Ahmedabad",2,Kolkata Knight Riders,Punjab Kings,126,119,7,5,101,2021,7.49
1254107,2021-09-25,Sharjah Cricket Stadium,1,Punjab Kings,Sunrisers Hyderabad,125,118,7,7,123,2021,6.1
1254078,2021-04-26,"Narendra Modi Stadium, Ahmedabad",1,Punjab Kings,Kolkata Knight Riders,123,118,5,9,124,2021,5.95
1254076,2021-04-25,"Wankhede Stadium, Mumbai",2,Royal Challengers Bangalore,Chennai Super Kings,122,114,8,9,125,2021,5.86
1254071,2021-04-21,"MA Chidambaram Stadium, Chepauk, Chennai",2,Sunrisers Hyderabad,Punjab Kings,121,116,5,1,116,2021,6.26
1254097,2021-09-25,"Zayed Cricket Stadium, Abu Dhabi",2,Rajasthan Royals,Delhi Capitals,121,115,6,6,125,2021,5.81
1254071,2021-04-21,"MA Chidambaram Stadium, Chepauk, Chennai",1,Punjab Kings,Sunrisers Hyderabad,120,109,11,10,120,2021,6.0
1254107,2021-09-25,Sharjah Cricket Stadium,2,Sunrisers Hyderabad,Punjab Kings,120,113,7,7,123,2021,5.85
1254109,2021-10-03,Dubai International Cricket Stadium,2,Kolkata Knight Riders,Sunrisers Hyderabad,119,117,2,4,120,2021,5.95
1254109,2021-10-03,Dubai International Cricket Stadium,1,Sunrisers Hyderabad,Kolkata Knight Riders,115,112,3,8,121,2021,5.7
1254108,2021-09-26,Dubai International Cricket Stadium,2,Mumbai Indians,Royal Challengers Bangalore,111,104,7,10,114,2021,5.84
1254065,2021-04-16,"Wankhede Stadium, Mumbai",2,Chennai Super Kings,Punjab Kings,107,100,7,4,96,2021,6.69
1254065,2021-04-16,"Wankhede Stadium, Mumbai",1,Punjab Kings,Chennai Super Kings,106,102,4,8,124,2021,5.13
1254087,2021-09-20,"Zayed Cricket Stadium, Abu Dhabi",2,Kolkata Knight Riders,Royal Challengers Bangalore,94,89,5,1,65,2021,8.68
1254093,2021-10-05,Sharjah Cricket Stadium,2,Mumbai Indians,Rajasthan Royals,94,90,4,2,53,2021,10.64
1254087,2021-09-20,"Zayed Cricket Stadium, Abu Dhabi",1,Royal Challengers Bangalore,Kolkata Knight Riders,92,86,6,10,118,2021,4.68
1254093,2021-10-05,Sharjah Cricket Stadium,1,Rajasthan Royals,Mumbai Indians,90,87,3,9,123,2021,4.39
1254106,2021-10-07,Sharjah Cricket Stadium,2,Rajasthan Royals,Kolkata Knight Riders,85,84,1,10,97,2021,5.26
1254077,2021-04-25,"MA Chidambaram Stadium, Chepauk, Chennai",4,Delhi Capitals,Sunrisers Hyderabad,8,5,3,0,6,2021,8.0
1254077,2021-04-25,"MA Chidambaram Stadium, Chepauk, Chennai",3,Sunrisers Hyderabad,Delhi Capitals,7,6,1,0,6,2021,7.0
1304080,2022-04-22,"Wankhede Stadium, Mumbai",1,Rajasthan Royals,Delhi Capitals,222,217,5,2,124,2022,10.74
1304076,2022-04-18,"Brabourne Stadium, Mumbai",1,Rajasthan Royals,Kolkata Knight Riders,217,201,16,5,127,2022,10.25
1304068,2022-04-12,"Dr DY Patil Sports Academy, Mumbai",1,Chennai Super Kings,Royal Challengers Bangalore,216,203,13,4,127,2022,10.2
1304065,2022-04-10,"Brabourne Stadium, Mumbai",1,Delhi Capitals,Kolkata Knight Riders,215,199,16,5,125,2022,10.32
1304053,2022-03-31,"Brabourne Stadium, Mumbai",2,Lucknow Super Giants,Chennai Super Kings,211,193,18,4,129,2022,9.81
1304051,2022-03-29,"Maharashtra Cricket Association Stadium, Pune",1,Rajasthan Royals,Sunrisers Hyderabad,210,196,14,6,130,2022,9.69
1304053,2022-03-31,"Brabourne Stadium, Mumbai",1,Chennai Super Kings,Lucknow Super Giants,210,196,14,7,123,2022,10.24
1304076,2022-04-18,"Brabourne Stadium, Mumbai",2,Kolkata Knight Riders,Rajasthan Royals,210,197,13,10,131,2022,9.62
1304112,2022-05-18,"Dr DY Patil Sports Academy, Mumbai",1,Lucknow Super Giants,Kolkata Knight Riders,210,208,2,0,122,2022,10.33
1304106,2022-05-13,"Brabourne Stadium, Mumbai",1,Punjab Kings,Royal Challengers Bangalore,209,202,7,9,124,2022,10.11
1304049,2022-03-27,"Dr DY Patil Sports Academy, Mumbai",2,Punjab Kings,Royal Challengers Bangalore,208,186,22,5,126,2022,9.9
1304101,2022-05-08,"Dr DY Patil Sports Academy, Mumbai",1,Chennai Super Kings,Delhi Capitals,208,196,12,6,131,2022,9.53
1304112,2022-05-18,"Dr DY Patil Sports Academy, Mumbai",2,Kolkata Knight Riders,Lucknow Super Giants,208,198,10,8,127,2022,9.83
1304080,2022-04-22,"Wankhede Stadium, Mumbai",2,Delhi Capitals,Rajasthan Royals,207,194,13,8,128,2022,9.7
1304096,2022-05-05,"Brabourne Stadium, Mumbai",1,Delhi Capitals,Sunrisers Hyderabad,207,195,12,3,127,2022,9.78
1312198,2022-05-25,"Eden Gardens, Kolkata",1,Royal Challengers Bangalore,Lucknow Super Giants,207,197,10,4,126,2022,9.86
1304049,2022-03-27,"Dr DY Patil Sports Academy, Mumbai",1,Royal Challengers Bangalore,Punjab Kings,205,182,23,2,127,2022,9.69
1304092,2022-05-01,"Maharashtra Cricket Association Stadium, Pune",1,Chennai Super Kings,Sunrisers Hyderabad,202,193,9,2,123,2022,9.85
1304072,2022-04-16,"Brabourne Stadium, Mumbai",1,Lucknow Super Giants,Mumbai Indians,199,191,8,4,124,2022,9.63
1304086,2022-04-27,"Wankhede Stadium, Mumbai",2,Gujarat Titans,Sunrisers Hyderabad,199,188,11,5,125,2022,9.55
1304069,2022-04-13,"Maharashtra Cricket Association Stadium, Pune",1,Punjab Kings,Mumbai Indians,198,182,16,5,127,2022,9.35
1304086,2022-04-27,"Wankhede Stadium, Mumbai",1,Sunrisers Hyderabad,Gujarat Titans,195,181,14,6,126,2022,9.29
1304091,2022-05-01,"Wankhede Stadium, Mumbai",1,Lucknow Super Giants,Delhi Capitals,195,178,17,3,132,2022,8.86
1304055,2022-04-02,"Dr DY Patil Sports Academy, Mumbai",1,Rajasthan Royals,Mumbai Indians,193,182,11,8,126,2022,9.19
1304068,2022-04-12,"Dr DY Patil Sports Academy, Mumbai",2,Royal Challengers Bangalore,Chennai Super Kings,193,184,9,9,129,2022,8.98
1304111,2022-05-17,"Wankhede Stadium, Mumbai",1,Sunrisers Hyderabad,Mumbai Indians,193,184,9,6,125,2022,9.26
1312198,2022-05-25,"Eden Gardens, Kolkata",2,Lucknow Super Giants,Royal Challengers Bangalore,193,171,22,6,130,2022,8.91
1304070,2022-04-14,"Dr DY Patil Sports Academy, Mumbai",1,Gujarat Titans,Rajasthan Royals,192,188,4,4,124,2022,9.29
1304100,2022-05-08,"Wankhede Stadium, Mumbai",1,Royal Challengers Bangalore,Sunrisers Hyderabad,192,184,8,3,126,2022,9.14
1312197,2022-05-24,"Eden Gardens, Kolkata",2,Gujarat Titans,Rajasthan Royals,191,178,13,3,125,2022,9.17
1304062,2022-04-08,"Brabourne Stadium, Mumbai",2,Gujarat Titans,Punjab Kings,190,183,7,4,124,2022,9.19
1304098,2022-05-07,"Wankhede Stadium, Mumbai",2,Rajasthan Royals,Punjab Kings,190,183,7,4,124,2022,9.19
1304111,2022-05-17,"Wankhede Stadium, Mumbai",2,Mumbai Indians,Sunrisers Hyderabad,190,176,14,7,130,2022,8.77
1304062,2022-04-08,"Brabourne Stadium, Mumbai",1,Punjab Kings,Gujarat Titans,189,185,4,9,123,2022,9.22
1304073,2022-04-16,"Wankhede Stadium, Mumbai",1,Royal Challengers Bangalore,Delhi Capitals,189,179,10,5,126,2022,9.0
1304091,2022-05-01,"Wankhede Stadium, Mumbai",2,Delhi Capitals,Lucknow Super Giants,189,186,3,7,123,2022,9.22
1304092,2022-05-01,"Maharashtra Cricket Association Stadium, Pune",2,Sunrisers Hyderabad,Chennai Super Kings,189,184,5,6,123,2022,9.22
1304098,2022-05-07,"Wankhede Stadium, Mumbai",1,Punjab Kings,Rajasthan Royals,189,175,14,5,131,2022,8.66
1312197,2022-05-24,"Eden Gardens, Kolkata",1,Rajasthan Royals,Gujarat Titans,188,177,11,6,127,2022,8.88
1304084,2022-04-25,"Wankhede Stadium, Mumbai",1,Punjab Kings,Chennai Super Kings,187,173,14,4,133,2022,8.44
1304069,2022-04-13,"Maharashtra Cricket Association Stadium, Pune",2,Mumbai Indians,Punjab Kings,186,181,5,9,125,2022,8.93
1304096,2022-05-05,"Brabourne Stadium, Mumbai",2,Sunrisers Hyderabad,Delhi Capitals,186,175,11,8,126,2022,8.86
1304072,2022-04-16,"Brabourne Stadium, Mumbai",2,Mumbai Indians,Lucknow Super Giants,181,166,15,9,125,2022,8.69
1304077,2022-04-19,"Dr DY Patil Sports Academy, Mumbai",1,Royal Challengers Bangalore,Lucknow Super Giants,181,172,9,6,127,2022,8.55
1304057,2022-04-03,"Brabourne Stadium, Mumbai",1,Punjab Kings,Chennai Super Kings,180,166,14,8,133,2022,8.12
1304048,2022-03-27,"Brabourne Stadium, Mumbai",2,Delhi Capitals,Mumbai Indians,179,168,11,6,117,2022,9.18
1304109,2022-05-15,"Brabourne Stadium, Mumbai",1,Rajasthan Royals,Lucknow Super Giants,178,174,4,6,123,2022,8.68
1304048,2022-03-27,"Brabourne Stadium, Mumbai",1,Mumbai Indians,Delhi Capitals,177,174,3,5,122,2022,8.7
1304097,2022-05-06,"Brabourne Stadium, Mumbai",1,Mumbai Indians,Gujarat Titans,177,170,7,6,125,2022,8.5
1304107,2022-05-14,"Maharashtra Cricket Association Stadium, Pune",1,Kolkata Knight Riders,Sunrisers Hyderabad,177,165,12,6,128,2022,8.3
1304071,2022-04-15,"Brabourne Stadium, Mumbai",2,Sunrisers Hyderabad,Kolkata Knight Riders,176,164,12,3,111,2022,9.51
1304084,2022-04-25,"Wankhede Stadium, Mumbai",2,Chennai Super Kings,Punjab Kings,176,160,16,6,126,2022,8.38
1304099,2022-05-07,"Maharashtra Cricket Association Stadium, Pune",1,Lucknow Super Giants,Kolkata Knight Riders,176,172,4,7,122,2022,8.66
1304071,2022-04-15,"Brabourne Stadium, Mumbai",1,Kolkata Knight Riders,Sunrisers Hyderabad,175,166,9,8,123,2022,8.54
1304089,2022-04-30,"Brabourne Stadium, Mumbai",2,Gujarat Titans,Royal Challengers Bangalore,174,165,9,4,122,2022,8.56
1304059,2022-04-05,"Wankhede Stadium, Mumbai",2,Royal Challengers Bangalore,Rajasthan Royals,173,163,10,6,122,2022,8.51
1304073,2022-04-16,"Wankhede Stadium, Mumbai",2,Delhi Capitals,Royal Challengers Bangalore,173,168,5,7,124,2022,8.37
1304095,2022-05-04,"Maharashtra Cricket Association Stadium, Pune",1,Royal Challengers Bangalore,Chennai Super Kings,173,161,12,8,127,2022,8.17
1304097,2022-05-06,"Brabourne Stadium, Mumbai",2,Gujarat Titans,Mumbai Indians,172,168,4,5,121,2022,8.53
1304056,2022-04-02,"Maharashtra Cricket Association Stadium, Pune",1,Gujarat Titans,Delhi Capitals,171,164,7,6,124,2022,8.27
1304065,2022-04-10,"Brabourne Stadium, Mumbai",2,Kolkata Knight Riders,Delhi Capitals,171,165,6,10,121,2022,8.48
1304055,2022-04-02,"Dr DY Patil Sports Academy, Mumbai",2,Mumbai Indians,Rajasthan Royals,170,159,11,8,130,2022,7.85
1304075,2022-04-17,"Maharashtra Cricket Association Stadium, Pune",2,Gujarat Titans,Chennai Super Kings,170,163,7,7,121,2022,8.43
1304089,2022-04-30,"Brabourne Stadium, Mumbai",1,Royal Challengers Bangalore,Gujarat Titans,170,163,7,6,122,2022,8.36
1304113,2022-05-19,"Wankhede Stadium, Mumbai",2,Royal Challengers Bangalore,Gujarat Titans,170,159,11,2,115,2022,8.87
1304058,2022-04-04,"Dr DY Patil Sports Academy, Mumbai",1,Lucknow Super Giants,Sunrisers Hyderabad,169,165,4,7,121,2022,8.38
1304059,2022-04-05,"Wankhede Stadium, Mumbai",1,Rajasthan Royals,Royal Challengers Bangalore,169,161,8,3,125,2022,8.11
1304075,2022-04-17,"Maharashtra Cricket Association Stadium, Pune",1,Chennai Super Kings,Gujarat Titans,169,164,5,5,125,2022,8.11
1304067,2022-04-11,"Dr DY Patil Sports Academy, Mumbai",2,Sunrisers Hyderabad,Gujarat Titans,168,162,6,3,118,2022,8.54
1304083,2022-04-24,"Wankhede Stadium, Mumbai",1,Lucknow Super Giants,Mumbai Indians,168,160,8,6,125,2022,8.06
1304113,2022-05-19,"Wankhede Stadium, Mumbai",1,Gujarat Titans,Royal Challengers Bangalore,168,165,3,5,122,2022,8.26
1304066,2022-04-10,"Wankhede Stadium, Mumbai",1,Rajasthan Royals,Lucknow Super Giants,165,156,9,6,126,2022,7.86
1304102,2022-05-09,"Dr DY Patil Sports Academy, Mumbai",1,Kolkata Knight Riders,Mumbai Indians,165,154,11,9,126,2022,7.86
1304077,2022-04-19,"Dr DY Patil Sports Academy, Mumbai",2,Lucknow Super Giants,Royal Challengers Bangalore,163,148,15,8,127,2022,7.7
1304060,2022-04-06,"Maharashtra Cricket Association Stadium, Pune",2,Kolkata Knight Riders,Mumbai Indians,162,159,3,5,97,2022,10.02
1304066,2022-04-10,"Wankhede Stadium, Mumbai",2,Lucknow Super Giants,Rajasthan Royals,162,157,5,8,124,2022,7.84
1304067,2022-04-11,"Dr DY Patil Sports Academy, Mumbai",1,Gujarat Titans,Sunrisers Hyderabad,162,140,22,7,128,2022,7.59
1304050,2022-03-28,"Wankhede Stadium, Mumbai",2,Gujarat Titans,Lucknow Super Giants,161,152,9,5,121,2022,7.98
1304060,2022-04-06,"Maharashtra Cricket Association Stadium, Pune",1,Mumbai Indians,Kolkata Knight Riders,161,158,3,4,121,2022,7.98
1304090,2022-04-30,"Dr DY Patil Sports Academy, Mumbai",2,Mumbai Indians,Rajasthan Royals,161,150,11,5,120,2022,8.05
1304104,2022-05-11,"Dr DY Patil Sports Academy, Mumbai",2,Delhi Capitals,Rajasthan Royals,161,154,7,2,114,2022,8.47
1312199,2022-05-27,"Narendra Modi Stadium, Ahmedabad",2,Rajasthan Royals,Royal Challengers Bangalore,161,161,0,3,109,2022,8.86
1304095,2022-05-04,"Maharashtra Cricket Association Stadium, Pune",2,Chennai Super Kings,Royal Challengers Bangalore,160,156,4,8,120,2022,8.0
1304104,2022-05-11,"Dr DY Patil Sports Academy, Mumbai",1,Rajasthan Royals,Delhi Capitals,160,154,6,6,125,2022,7.68
1304115,2022-05-21,"Wankhede Stadium, Mumbai",2,Mumbai Indians,Delhi Capitals,160,155,5,5,119,2022,8.07
1304116,2022-05-22,"Wankhede Stadium, Mumbai",2,Punjab Kings,Sunrisers Hyderabad,160,154,6,5,95,2022,10.11
1304110,2022-05-16,"Dr DY Patil Sports Academy, Mumbai",1,Delhi Capitals,Punjab Kings,159,150,9,7,123,2022,7.76
1304115,2022-05-21,"Wankhede Stadium, Mumbai",1,Delhi Capitals,Mumbai Indians,159,145,14,7,128,2022,7.45
1304050,2022-03-28,"Wankhede Stadium, Mumbai",1,Lucknow Super Giants,Gujarat Titans,158,154,4,6,124,2022,7.65
1304090,2022-04-30,"Dr DY Patil Sports Academy, Mumbai",1,Rajasthan Royals,Mumbai Indians,158,146,12,6,127,2022,7.46
1304093,2022-05-02,"Wankhede Stadium, Mumbai",2,Kolkata Knight Riders,Rajasthan Royals,158,143,15,3,124,2022,7.65
1304056,2022-04-02,"Maharashtra Cricket Association Stadium, Pune",2,Delhi Capitals,Gujarat Titans,157,146,11,9,123,2022,7.66
1304058,2022-04-04,"Dr DY Patil Sports Academy, Mumbai",2,Sunrisers Hyderabad,Lucknow Super Giants,157,147,10,9,126,2022,7.48
1304116,2022-05-22,"Wankhede Stadium, Mumbai",1,Sunrisers Hyderabad,Punjab Kings,157,145,12,8,125,2022,7.54
1312199,2022-05-27,"Narendra Modi Stadium, Ahmedabad",1,Royal Challengers Bangalore,Rajasthan Royals,157,142,15,8,127,2022,7.42
1304079,2022-04-21,"Dr DY Patil Sports Academy, Mumbai",2,Chennai Super Kings,Mumbai Indians,156,148,8,7,127,2022,7.37
1304081,2022-04-23,"Dr DY Patil Sports Academy, Mumbai",1,Gujarat Titans,Kolkata Knight Riders,156,146,10,9,127,2022,7.37
1304061,2022-04-07,"Dr DY Patil Sports Academy, Mumbai",2,Lucknow Super Giants,Delhi Capitals,155,149,6,4,122,2022,7.62
1304063,2022-04-09,"Dr DY Patil Sports Academy, Mumbai",2,Sunrisers Hyderabad,Chennai Super Kings,155,151,4,2,110,2022,8.45
1304070,2022-04-14,"Dr DY Patil Sports Academy, Mumbai",2,Rajasthan Royals,Gujarat Titans,155,152,3,9,122,2022,7.62
1304079,2022-04-21,"Dr DY Patil Sports Academy, Mumbai",1,Mumbai Indians,Chennai Super Kings,155,150,5,7,123,2022,7.56
1304106,2022-05-13,"Brabourne Stadium, Mumbai",2,Royal Challengers Bangalore,Punjab Kings,155,145,10,9,128,2022,7.27
1304063,2022-04-09,"Dr DY Patil Sports Academy, Mumbai",1,Chennai Super Kings,Sunrisers Hyderabad,154,149,5,7,125,2022,7.39
1304109,2022-05-15,"Brabourne Stadium, Mumbai",2,Lucknow Super Giants,Rajasthan Royals,154,139,15,8,128,2022,7.22
1304088,2022-04-29,"Maharashtra Cricket Association Stadium, Pune",1,Lucknow Super Giants,Punjab Kings,153,141,12,8,124,2022,7.4
1304064,2022-04-09,"Maharashtra Cricket Association Stadium, Pune",2,Royal Challengers Bangalore,Mumbai Indians,152,145,7,3,114,2022,8.0
1304074,2022-04-17,"Dr DY Patil Sports Academy, Mumbai",2,Sunrisers Hyderabad,Punjab Kings,152,144,8,3,116,2022,7.86
1304093,2022-05-02,"Wankhede Stadium, Mumbai",1,Rajasthan Royals,Kolkata Knight Riders,152,143,9,5,127,2022,7.18
1304064,2022-04-09,"Maharashtra Cricket Association Stadium, Pune",1,Mumbai Indians,Royal Challengers Bangalore,151,147,4,6,122,2022,7.43
1304074,2022-04-17,"Dr DY Patil Sports Academy, Mumbai",1,Punjab Kings,Sunrisers Hyderabad,151,144,7,10,126,2022,7.19
1304114,2022-05-20,"Brabourne Stadium, Mumbai",2,Rajasthan Royals,Chennai Super Kings,151,135,16,5,122,2022,7.43
1304087,2022-04-28,"Wankhede Stadium, Mumbai",2,Delhi Capitals,Kolkata Knight Riders,150,144,6,6,117,2022,7.69
1304114,2022-05-20,"Brabourne Stadium, Mumbai",1,Chennai Super Kings,Rajasthan Royals,150,145,5,6,125,2022,7.2
1304051,2022-03-29,"Maharashtra Cricket Association Stadium, Pune",2,Sunrisers Hyderabad,Rajasthan Royals,149,139,10,7,125,2022,7.15
1304061,2022-04-07,"Dr DY Patil Sports Academy, Mumbai",1,Delhi Capitals,Lucknow Super Giants,149,143,6,3,124,2022,7.21
1304081,2022-04-23,"Dr DY Patil Sports Academy, Mumbai",2,Kolkata Knight Riders,Gujarat Titans,148,141,7,8,126,2022,7.05
1304087,2022-04-28,"Wankhede Stadium, Mumbai",1,Kolkata Knight Riders,Delhi Capitals,146,137,9,9,124,2022,7.06
1304094,2022-05-03,"Dr DY Patil Sports Academy, Mumbai",2,Punjab Kings,Gujarat Titans,145,133,12,2,100,2022,8.7
1304085,2022-04-26,"Maharashtra Cricket Association Stadium, Pune",1,Rajasthan Royals,Royal Challengers Bangalore,144,141,3,8,123,2022,7.02
1304103,2022-05-10,"Maharashtra Cricket Association Stadium, Pune",1,Gujarat Titans,Lucknow Super Giants,144,137,7,4,126,2022,6.86
1304094,2022-05-03,"Dr DY Patil Sports Academy, Mumbai",1,Gujarat Titans,Punjab Kings,143,129,14,8,129,2022,6.65
1304110,2022-05-16,"Dr DY Patil Sports Academy, Mumbai",2,Punjab Kings,Delhi Capitals,142,136,6,9,126,2022,6.76
1304054,2022-04-01,"Wankhede Stadium, Mumbai",2,Kolkata Knight Riders,Punjab Kings,141,135,6,4,92,2022,9.2
1304054,2022-04-01,"Wankhede Stadium, Mumbai",1,Punjab Kings,Kolkata Knight Riders,137,126,11,10,118,2022,6.97
1304108,2022-05-15,"Wankhede Stadium, Mumbai",2,Gujarat Titans,Chennai Super Kings,137,127,10,3,119,2022,6.91
1304047,2022-03-26,"Wankhede Stadium, Mumbai",2,Kolkata Knight Riders,Chennai Super Kings,133,129,4,4,111,2022,7.19
1304088,2022-04-29,"Maharashtra Cricket Association Stadium, Pune",2,Punjab Kings,Lucknow Super Giants,133,118,15,8,129,2022,6.19
1304108,2022-05-15,"Wankhede Stadium, Mumbai",1,Chennai Super Kings,Gujarat Titans,133,126,7,5,125,2022,6.38
1312200,2022-05-29,"Narendra Modi Stadium, Ahmedabad",2,Gujarat Titans,Rajasthan Royals,133,124,9,3,113,2022,7.06
1304052,2022-03-30,"Dr DY Patil Sports Academy, Mumbai",2,Royal Challengers Bangalore,Kolkata Knight Riders,132,118,14,7,121,2022,6.55
1304083,2022-04-24,"Wankhede Stadium, Mumbai",2,Mumbai Indians,Lucknow Super Giants,132,118,14,8,128,2022,6.19
1304047,2022-03-26,"Wankhede Stadium, Mumbai",1,Chennai Super Kings,Kolkata Knight Riders,131,125,6,5,126,2022,6.24
1312200,2022-05-29,"Narendra Modi Stadium, Ahmedabad",1,Rajasthan Royals,Gujarat Titans,130,128,2,9,120,2022,6.5
1304052,2022-03-30,"Dr DY Patil Sports Academy, Mumbai",1,Kolkata Knight Riders,Royal Challengers Bangalore,128,122,6,10,115,2022,6.68
1304057,2022-04-03,"Brabourne Stadium, Mumbai",2,Chennai Super Kings,Punjab Kings,126,122,4,10,112,2022,6.75
1304100,2022-05-08,"Wankhede Stadium, Mumbai",2,Sunrisers Hyderabad,Royal Challengers Bangalore,125,118,7,10,120,2022,6.25
1304107,2022-05-14,"Maharashtra Cricket Association Stadium, Pune",2,Sunrisers Hyderabad,Kolkata Knight Riders,123,120,3,8,123,2022,6.0
1304078,2022-04-20,"Brabourne Stadium, Mumbai",2,Delhi Capitals,Punjab Kings,119,113,6,1,69,2022,10.35
1304101,2022-05-08,"Dr DY Patil Sports Academy, Mumbai",2,Delhi Capitals,Chennai Super Kings,117,113,4,10,108,2022,6.5
1304078,2022-04-20,"Brabourne Stadium, Mumbai",1,Punjab Kings,Delhi Capitals,115,113,2,10,121,2022,5.7
1304085,2022-04-26,"Maharashtra Cricket Association Stadium, Pune",2,Royal Challengers Bangalore,Rajasthan Royals,115,104,11,10,123,2022,5.61
1304102,2022-05-09,"Dr DY Patil Sports Academy, Mumbai",2,Mumbai Indians,Kolkata Knight Riders,113,103,10,10,107,2022,6.34
1304105,2022-05-12,"Wankhede Stadium, Mumbai",2,Mumbai Indians,Chennai Super Kings,103,93,10,5,94,2022,6.57
1304099,2022-05-07,"Maharashtra Cricket Association Stadium, Pune",2,Kolkata Knight Riders,Lucknow Super Giants,101,98,3,10,89,2022,6.81
1304105,2022-05-12,"Wankhede Stadium, Mumbai",1,Chennai Super Kings,Mumbai Indians,97,82,15,10,104,2022,5.6
1304103,2022-05-10,"Maharashtra Cricket Association Stadium, Pune",2,Lucknow Super Giants,Gujarat Titans,82,79,3,10,86,2022,5.72
1304082,2022-04-23,"Brabourne Stadium, Mumbai",2,Sunrisers Hyderabad,Royal Challengers Bangalore,72,70,2,1,49,2022,8.82
1304082,2022-04-23,"Brabourne Stadium, Mumbai",1,Royal Challengers Bangalore,Sunrisers Hyderabad,68,56,12,10,105,2022,3.89
1359512,2023-04-28,"Punjab Cricket Association IS Bindra Stadium, Mohali, Chandigarh",1,Lucknow Super Giants,Punjab Kings,257,242,15,5,129,2023,11.95
1359507,2023-04-23,"Eden Gardens, Kolkata",1,Chennai Super Kings,Kolkata Knight Riders,235,232,3,4,123,2023,11.46
1370352,2023-05-26,"Narendra Modi Stadium, Ahmedabad",1,Gujarat Titans,Mumbai Indians,233,223,10,3,127,2023,11.01
1359493,2023-04-14,"Eden Gardens, Kolkata",1,Sunrisers Hyderabad,Kolkata Knight Riders,228,216,12,4,128,2023,10.69
1359525,2023-05-07,"Narendra Modi Stadium, Ahmedabad",1,Gujarat Titans,Lucknow Super Giants,227,221,6,2,125,2023,10.9
1359498,2023-04-17,"M Chinnaswamy Stadium, Bengaluru",1,Chennai Super Kings,Royal Challengers Bangalore,226,219,7,6,126,2023,10.76
1359541,2023-05-20,"Arun Jaitley Stadium, Delhi",1,Chennai Super Kings,Delhi Capitals,223,213,10,3,129,2023,10.37
1359498,2023-04-17,"M Chinnaswamy Stadium, Bengaluru",2,Royal Challengers Bangalore,Chennai Super Kings,218,207,11,8,126,2023,10.38
1359531,2023-05-12,"Wankhede Stadium, Mumbai",1,Mumbai Indians,Gujarat Titans,218,216,2,5,120,2023,10.9
1359480,2023-04-03,"MA Chidambaram Stadium, Chepauk, Chennai",1,Chennai Super Kings,Lucknow Super Giants,217,201,16,7,124,2023,10.5
1359526,2023-05-07,"Sawai Mansingh Stadium, Jaipur",2,Sunrisers Hyderabad,Rajasthan Royals,217,212,5,6,125,2023,10.42
1359520,2023-05-03,"Punjab Cricket Association IS Bindra Stadium, Mohali, Chandigarh",2,Mumbai Indians,Punjab Kings,216,209,7,4,116,2023,11.17
1359505,2023-04-22,"Wankhede Stadium, Mumbai",1,Punjab Kings,Mumbai Indians,214,202,12,8,129,2023,9.95
1359516,2023-04-30,"Wankhede Stadium, Mumbai",2,Mumbai Indians,Rajasthan Royals,214,204,10,4,125,2023,10.27
1359520,2023-05-03,"Punjab Cricket Association IS Bindra Stadium, Mohali, Chandigarh",1,Punjab Kings,Mumbai Indians,214,197,17,3,128,2023,10.03
1359526,2023-05-07,"Sawai Mansingh Stadium, Jaipur",1,Rajasthan Royals,Sunrisers Hyderabad,214,203,11,2,125,2023,10.27
1370353,2023-05-29,"Narendra Modi Stadium, Ahmedabad",1,Gujarat Titans,Chennai Super Kings,214,210,4,4,122,2023,10.52
1359489,2023-04-10,"M Chinnaswamy Stadium, Bengaluru",2,Lucknow Super Giants,Royal Challengers Bangalore,213,197,16,9,129,2023,9.91
1359538,2023-05-17,"Himachal Pradesh Cricket Association Stadium, Dharamsala",1,Delhi Capitals,Punjab Kings,213,208,5,2,125,2023,10.22
1359489,2023-04-10,"M Chinnaswamy Stadium, Bengaluru",1,Royal Challengers Bangalore,Lucknow Super Giants,212,200,12,2,124,2023,10.26
1359516,2023-04-30,"Wankhede Stadium, Mumbai",1,Rajasthan Royals,Mumbai Indians,212,187,25,7,133,2023,9.56
1359487,2023-04-09,"Narendra Modi Stadium, Ahmedabad",2,Kolkata Knight Riders,Gujarat Titans,207,203,4,7,123,2023,10.1
1359509,2023-04-25,"Narendra Modi Stadium, Ahmedabad",1,Gujarat Titans,Mumbai Indians,207,202,5,6,125,2023,9.94
1359480,2023-04-03,"MA Chidambaram Stadium, Chepauk, Chennai",2,Lucknow Super Giants,Chennai Super Kings,205,187,18,7,136,2023,9.04
1359493,2023-04-14,"Eden Gardens, Kolkata",2,Kolkata Knight Riders,Sunrisers Hyderabad,205,195,10,7,128,2023,9.61
1359483,2023-04-06,"Eden Gardens, Kolkata",1,Kolkata Knight Riders,Royal Challengers Bangalore,204,181,23,7,129,2023,9.49
1359487,2023-04-09,"Narendra Modi Stadium, Ahmedabad",1,Gujarat Titans,Kolkata Knight Riders,204,188,16,4,127,2023,9.64
1359478,2023-04-02,"Rajiv Gandhi International Stadium, Uppal, Hyderabad",1,Rajasthan Royals,Sunrisers Hyderabad,203,195,8,5,122,2023,9.98
1359511,2023-04-27,"Sawai Mansingh Stadium, Jaipur",1,Rajasthan Royals,Chennai Super Kings,202,191,11,5,124,2023,9.77
1359505,2023-04-22,"Wankhede Stadium, Mumbai",2,Mumbai Indians,Punjab Kings,201,198,3,6,123,2023,9.8
1359512,2023-04-28,"Punjab Cricket Association IS Bindra Stadium, Mohali, Chandigarh",2,Punjab Kings,Lucknow Super Giants,201,188,13,10,128,2023,9.42
1359515,2023-04-30,"MA Chidambaram Stadium, Chepauk, Chennai",2,Punjab Kings,Chennai Super Kings,201,188,13,6,125,2023,9.65
1359543,2023-05-21,"Wankhede Stadium, Mumbai",2,Mumbai Indians,Sunrisers Hyderabad,201,195,6,2,113,2023,10.67
1359510,2023-04-26,"M Chinnaswamy Stadium, Bengaluru",1,Kolkata Knight Riders,Royal Challengers Bangalore,200,193,7,5,125,2023,9.6
1359515,2023-04-30,"MA Chidambaram Stadium, Chepauk, Chennai",1,Chennai Super Kings,Punjab Kings,200,192,8,4,127,2023,9.45
1359528,2023-05-09,"Wankhede Stadium, Mumbai",2,Mumbai Indians,Royal Challengers Bangalore,200,186,14,4,106,2023,11.32
1359543,2023-05-21,"Wankhede Stadium, Mumbai",1,Sunrisers Hyderabad,Mumbai Indians,200,188,12,5,126,2023,9.52
1359485,2023-04-08,"Barsapara Cricket Stadium, Guwahati",1,Rajasthan Royals,Delhi Capitals,199,193,6,4,124,2023,9.63
1359528,2023-05-09,"Wankhede Stadium, Mumbai",1,Royal Challengers Bangalore,Mumbai Indians,199,195,4,6,123,2023,9.71
1359538,2023-05-17,"Himachal Pradesh Cricket Association Stadium, Dharamsala",2,Punjab Kings,Delhi Capitals,198,188,10,8,124,2023,9.58
1359544,2023-05-21,"M Chinnaswamy Stadium, Bengaluru",2,Gujarat Titans,Royal Challengers Bangalore,198,179,19,4,123,2023,9.66
1359482,2023-04-05,"Barsapara Cricket Stadium, Guwahati",1,Punjab Kings,Rajasthan Royals,197,187,10,5,127,2023,9.31
1359514,2023-04-29,"Arun Jaitley Stadium, Delhi",1,Sunrisers Hyderabad,Delhi Capitals,197,187,10,6,129,2023,9.16
1359544,2023-05-21,"M Chinnaswamy Stadium, Bengaluru",1,Royal Challengers Bangalore,Gujarat Titans,197,190,7,5,125,2023,9.46
1359477,2023-04-01,"Bharat Ratna Shri Atal Bihari Vajpayee Ekana Cricket Stadium, Lucknow",1,Lucknow Super Giants,Delhi Capitals,193,185,8,6,125,2023,9.26
1359482,2023-04-05,"Barsapara Cricket Stadium, Guwahati",2,Rajasthan Royals,Punjab Kings,192,182,10,7,125,2023,9.22
1359499,2023-04-18,"Rajiv Gandhi International Stadium, Uppal, Hyderabad",1,Mumbai Indians,Sunrisers Hyderabad,192,190,2,5,122,2023,9.44
1359476,2023-04-01,"Punjab Cricket Association IS Bindra Stadium, Mohali, Chandigarh",1,Punjab Kings,Kolkata Knight Riders,191,187,4,5,123,2023,9.32
1359531,2023-05-12,"Wankhede Stadium, Mumbai",2,Gujarat Titans,Mumbai Indians,191,185,6,8,123,2023,9.32
1359506,2023-04-23,"M Chinnaswamy Stadium, Bengaluru",1,Royal Challengers Bangalore,Rajasthan Royals,189,176,13,9,125,2023,9.07
1359540,2023-05-19,"Himachal Pradesh Cricket Association Stadium, Dharamsala",2,Rajasthan Royals,Punjab Kings,189,180,9,6,126,2023,9.0
1359514,2023-04-29,"Arun Jaitley Stadium, Delhi",2,Delhi Capitals,Sunrisers Hyderabad,188,184,4,6,123,2023,9.17
1359536,2023-05-15,"Narendra Modi Stadium, Ahmedabad",1,Gujarat Titans,Sunrisers Hyderabad,188,175,13,9,128,2023,8.81
1359524,2023-05-06,"Arun Jaitley Stadium, Delhi",2,Delhi Capitals,Royal Challengers Bangalore,187,178,9,3,103,2023,10.89
1359539,2023-05-18,"Rajiv Gandhi International Stadium, Uppal, Hyderabad",2,Royal Challengers Bangalore,Sunrisers Hyderabad,187,180,7,2,121,2023,9.27
1359540,2023-05-19,"Himachal Pradesh Cricket Association Stadium, Dharamsala",1,Punjab Kings,Rajasthan Royals,187,181,6,5,126,2023,8.9
1359496,2023-04-16,"Wankhede Stadium, Mumbai",2,Mumbai Indians,Kolkata Knight Riders,186,182,4,5,109,2023,10.24
1359507,2023-04-23,"Eden Gardens, Kolkata",2,Kolkata Knight Riders,Chennai Super Kings,186,176,10,8,129,2023,8.65
1359539,2023-05-18,"Rajiv Gandhi International Stadium, Uppal, Hyderabad",1,Sunrisers Hyderabad,Royal Challengers Bangalore,186,180,6,5,124,2023,9.0
1359496,2023-04-16,"Wankhede Stadium, Mumbai",1,Kolkata Knight Riders,Mumbai Indians,185,171,14,6,128,2023,8.67
1359532,2023-05-13,"Rajiv Gandhi International Stadium, Uppal, Hyderabad",2,Lucknow Super Giants,Sunrisers Hyderabad,185,179,6,3,121,2023,9.17
1359475,2023-03-31,"Narendra Modi Stadium, Ahmedabad",2,Gujarat Titans,Chennai Super Kings,182,170,12,5,122,2023,8.95
1359506,2023-04-23,"M Chinnaswamy Stadium, Bengaluru",2,Rajasthan Royals,Royal Challengers Bangalore,182,171,11,6,126,2023,8.67
1359527,2023-05-08,"Eden Gardens, Kolkata",2,Kolkata Knight Riders,Punjab Kings,182,178,4,5,123,2023,8.88
1359532,2023-05-13,"Rajiv Gandhi International Stadium, Uppal, Hyderabad",1,Sunrisers Hyderabad,Lucknow Super Giants,182,177,5,6,123,2023,8.88
1370351,2023-05-24,"MA Chidambaram Stadium, Chepauk, Chennai",1,Mumbai Indians,Lucknow Super Giants,182,166,16,8,126,2023,8.67
1359524,2023-05-06,"Arun Jaitley Stadium, Delhi",1,Royal Challengers Bangalore,Delhi Capitals,181,173,8,4,125,2023,8.69
1359513,2023-04-29,"Eden Gardens, Kolkata",2,Gujarat Titans,Kolkata Knight Riders,180,168,12,3,110,2023,9.82
1359497,2023-04-16,"Narendra Modi Stadium, Ahmedabad",2,Rajasthan Royals,Gujarat Titans,179,176,3,7,118,2023,9.1
1359510,2023-04-26,"M Chinnaswamy Stadium, Bengaluru",2,Royal Challengers Bangalore,Kolkata Knight Riders,179,173,6,8,122,2023,8.8
1359513,2023-04-29,"Eden Gardens, Kolkata",1,Kolkata Knight Riders,Gujarat Titans,179,176,3,7,123,2023,8.73
1359527,2023-05-08,"Eden Gardens, Kolkata",1,Punjab Kings,Kolkata Knight Riders,179,166,13,7,126,2023,8.52
1359475,2023-03-31,"Narendra Modi Stadium, Ahmedabad",1,Chennai Super Kings,Gujarat Titans,178,170,8,7,121,2023,8.83
1359499,2023-04-18,"Rajiv Gandhi International Stadium, Uppal, Hyderabad",2,Sunrisers Hyderabad,Mumbai Indians,178,159,19,10,127,2023,8.41
1359497,2023-04-16,"Narendra Modi Stadium, Ahmedabad",1,Gujarat Titans,Rajasthan Royals,177,172,5,7,124,2023,8.56
1359537,2023-05-16,"Bharat Ratna Shri Atal Bihari Vajpayee Ekana Cricket Stadium, Lucknow",1,Lucknow Super Giants,Mumbai Indians,177,167,10,4,125,2023,8.5
1359542,2023-05-20,"Eden Gardens, Kolkata",1,Lucknow Super Giants,Kolkata Knight Riders,176,164,12,8,127,2023,8.31
1359491,2023-04-12,"MA Chidambaram Stadium, Chepauk, Chennai",1,Rajasthan Royals,Chennai Super Kings,175,165,10,8,126,2023,8.33
1359542,2023-05-20,"Eden Gardens, Kolkata",2,Kolkata Knight Riders,Lucknow Super Giants,175,166,9,7,125,2023,8.4
1359494,2023-04-15,"M Chinnaswamy Stadium, Bengaluru",1,Royal Challengers Bangalore,Delhi Capitals,174,163,11,6,124,2023,8.42
1359501,2023-04-20,"Punjab Cricket Association IS Bindra Stadium, Mohali, Chandigarh",1,Royal Challengers Bangalore,Punjab Kings,174,162,12,4,123,2023,8.49
1359490,2023-04-11,"Arun Jaitley Stadium, Delhi",2,Mumbai Indians,Delhi Capitals,173,167,6,4,122,2023,8.51
1359479,2023-04-02,"M Chinnaswamy Stadium, Bengaluru",2,Royal Challengers Bangalore,Mumbai Indians,172,167,5,2,102,2023,10.12
1359490,2023-04-11,"Arun Jaitley Stadium, Delhi",1,Delhi Capitals,Mumbai Indians,172,161,11,10,124,2023,8.32
1359491,2023-04-12,"MA Chidambaram Stadium, Chepauk, Chennai",2,Chennai Super Kings,Rajasthan Royals,172,162,10,6,127,2023,8.13
1359537,2023-05-16,"Bharat Ratna Shri Atal Bihari Vajpayee Ekana Cricket Stadium, Lucknow",2,Mumbai Indians,Lucknow Super Giants,172,157,15,5,130,2023,7.94
1370350,2023-05-23,"MA Chidambaram Stadium, Chepauk, Chennai",1,Chennai Super Kings,Gujarat Titans,172,167,5,7,122,2023,8.46
1359479,2023-04-02,"M Chinnaswamy Stadium, Bengaluru",1,Mumbai Indians,Royal Challengers Bangalore,171,160,11,7,130,2023,7.89
1359521,2023-05-04,"Rajiv Gandhi International Stadium, Uppal, Hyderabad",1,Kolkata Knight Riders,Sunrisers Hyderabad,171,163,8,9,127,2023,8.08
1359525,2023-05-07,"Narendra Modi Stadium, Ahmedabad",2,Lucknow Super Giants,Gujarat Titans,171,163,8,7,125,2023,8.21
1359534,2023-05-14,"Sawai Mansingh Stadium, Jaipur",1,Royal Challengers Bangalore,Rajasthan Royals,171,166,5,5,124,2023,8.27
1370352,2023-05-26,"Narendra Modi Stadium, Ahmedabad",2,Mumbai Indians,Gujarat Titans,171,164,7,10,115,2023,8.92
1370353,2023-05-29,"Narendra Modi Stadium, Ahmedabad",2,Chennai Super Kings,Gujarat Titans,171,166,5,5,94,2023,10.91
1359511,2023-04-27,"Sawai Mansingh Stadium, Jaipur",2,Chennai Super Kings,Rajasthan Royals,170,168,2,6,121,2023,8.43
1359529,2023-05-10,"MA Chidambaram Stadium, Chepauk, Chennai",1,Chennai Super Kings,Delhi Capitals,167,152,15,8,130,2023,7.71
1359533,2023-05-13,"Arun Jaitley Stadium, Delhi",1,Punjab Kings,Delhi Capitals,167,154,13,7,127,2023,7.89
1359521,2023-05-04,"Rajiv Gandhi International Stadium, Uppal, Hyderabad",2,Sunrisers Hyderabad,Kolkata Knight Riders,166,152,14,8,127,2023,7.84
1359481,2023-04-04,"Arun Jaitley Stadium, Delhi",2,Gujarat Titans,Delhi Capitals,163,155,8,4,115,2023,8.5
1359481,2023-04-04,"Arun Jaitley Stadium, Delhi",1,Delhi Capitals,Gujarat Titans,162,147,15,8,125,2023,7.78
1359495,2023-04-15,"Bharat Ratna Shri Atal Bihari Vajpayee Ekana Cricket Stadium, Lucknow",2,Punjab Kings,Lucknow Super Giants,161,154,7,8,122,2023,7.92
1359486,2023-04-08,"Wankhede Stadium, Mumbai",2,Chennai Super Kings,Mumbai Indians,159,149,10,3,114,2023,8.37
1359495,2023-04-15,"Bharat Ratna Shri Atal Bihari Vajpayee Ekana Cricket Stadium, Lucknow",1,Lucknow Super Giants,Punjab Kings,159,147,12,8,127,2023,7.51
1359486,2023-04-08,"Wankhede Stadium, Mumbai",1,Mumbai Indians,Chennai Super Kings,157,149,8,8,125,2023,7.54
1370350,2023-05-23,"MA Chidambaram Stadium, Chepauk, Chennai",2,Gujarat Titans,Chennai Super Kings,157,142,15,10,132,2023,7.14
1359492,2023-04-13,"Punjab Cricket Association IS Bindra Stadium, Mohali, Chandigarh",2,Gujarat Titans,Punjab Kings,154,146,8,4,119,2023,7.76
1359500,2023-04-19,"Sawai Mansingh Stadium, Jaipur",1,Lucknow Super Giants,Rajasthan Royals,154,148,6,7,122,2023,7.57
1359536,2023-05-15,"Narendra Modi Stadium, Ahmedabad",2,Sunrisers Hyderabad,Gujarat Titans,154,145,9,9,125,2023,7.39
1359492,2023-04-13,"Punjab Cricket Association IS Bindra Stadium, Mohali, Chandigarh",1,Punjab Kings,Gujarat Titans,153,142,11,8,129,2023,7.12
1359509,2023-04-25,"Narendra Modi Stadium, Ahmedabad",2,Mumbai Indians,Gujarat Titans,152,147,5,9,121,2023,7.54
1359494,2023-04-15,"M Chinnaswamy Stadium, Bengaluru",2,Delhi Capitals,Royal Challengers Bangalore,151,148,3,9,123,2023,7.37
1359530,2023-05-11,"Eden Gardens, Kolkata",2,Rajasthan Royals,Kolkata Knight Riders,151,146,5,1,82,2023,11.05
1359501,2023-04-20,"Punjab Cricket Association IS Bindra Stadium, Mohali, Chandigarh",2,Punjab Kings,Royal Challengers Bangalore,150,145,5,10,113,2023,7.96
1359530,2023-05-11,"Eden Gardens, Kolkata",1,Kolkata Knight Riders,Rajasthan Royals,149,146,3,8,121,2023,7.39
1359535,2023-05-14,"MA Chidambaram Stadium, Chepauk, Chennai",2,Kolkata Knight Riders,Chennai Super Kings,147,135,12,4,118,2023,7.47
1359476,2023-04-01,"Punjab Cricket Association IS Bindra Stadium, Mohali, Chandigarh",2,Kolkata Knight Riders,Punjab Kings,146,140,6,7,99,2023,8.85
1359541,2023-05-20,"Arun Jaitley Stadium, Delhi",2,Delhi Capitals,Chennai Super Kings,146,135,11,9,127,2023,6.9
1359488,2023-04-09,"Rajiv Gandhi International Stadium, Uppal, Hyderabad",2,Sunrisers Hyderabad,Punjab Kings,145,145,0,2,103,2023,8.45
1359500,2023-04-19,"Sawai Mansingh Stadium, Jaipur",2,Rajasthan Royals,Lucknow Super Giants,144,132,12,6,123,2023,7.02
1359508,2023-04-24,"Rajiv Gandhi International Stadium, Uppal, Hyderabad",1,Delhi Capitals,Sunrisers Hyderabad,144,140,4,9,121,2023,7.14
1359535,2023-05-14,"MA Chidambaram Stadium, Chepauk, Chennai",1,Chennai Super Kings,Kolkata Knight Riders,144,138,6,6,125,2023,6.91
1359477,2023-04-01,"Bharat Ratna Shri Atal Bihari Vajpayee Ekana Cricket Stadium, Lucknow",2,Delhi Capitals,Lucknow Super Giants,143,133,10,9,126,2023,6.81
1359488,2023-04-09,"Rajiv Gandhi International Stadium, Uppal, Hyderabad",1,Punjab Kings,Sunrisers Hyderabad,143,137,6,9,125,2023,6.86
1359485,2023-04-08,"Barsapara Cricket Stadium, Guwahati",2,Delhi Capitals,Rajasthan Royals,142,132,10,9,128,2023,6.66
1359523,2023-05-06,"MA Chidambaram Stadium, Chepauk, Chennai",2,Chennai Super Kings,Mumbai Indians,140,135,5,4,109,2023,7.71
1359529,2023-05-10,"MA Chidambaram Stadium, Chepauk, Chennai",2,Delhi Capitals,Chennai Super Kings,140,129,11,8,125,2023,6.72
1359523,2023-05-06,"MA Chidambaram Stadium, Chepauk, Chennai",1,Mumbai Indians,Chennai Super Kings,139,131,8,8,122,2023,6.84
1359503,2023-04-21,"MA Chidambaram Stadium, Chepauk, Chennai",2,Chennai Super Kings,Sunrisers Hyderabad,138,136,2,3,112,2023,7.39
1359508,2023-04-24,"Rajiv Gandhi International Stadium, Uppal, Hyderabad",2,Sunrisers Hyderabad,Delhi Capitals,137,136,1,6,121,2023,6.79
1359533,2023-05-13,"Arun Jaitley Stadium, Delhi",2,Delhi Capitals,Punjab Kings,136,132,4,8,123,2023,6.63
1359504,2023-04-22,"Bharat Ratna Shri Atal Bihari Vajpayee Ekana Cricket Stadium, Lucknow",1,Gujarat Titans,Lucknow Super Giants,135,134,1,6,120,2023,6.75
1359503,2023-04-21,"MA Chidambaram Stadium, Chepauk, Chennai",1,Sunrisers Hyderabad,Chennai Super Kings,134,130,4,7,122,2023,6.59
1359478,2023-04-02,"Rajiv Gandhi International Stadium, Uppal, Hyderabad",2,Sunrisers Hyderabad,Rajasthan Royals,131,124,7,8,126,2023,6.24
1359518,2023-05-02,"Narendra Modi Stadium, Ahmedabad",1,Delhi Capitals,Gujarat Titans,130,125,5,8,124,2023,6.29
1359502,2023-04-20,"Arun Jaitley Stadium, Delhi",2,Delhi Capitals,Kolkata Knight Riders,128,121,7,6,121,2023,6.35
1359504,2023-04-22,"Bharat Ratna Shri Atal Bihari Vajpayee Ekana Cricket Stadium, Lucknow",2,Lucknow Super Giants,Gujarat Titans,128,126,2,7,121,2023,6.35
1359484,2023-04-07,"Bharat Ratna Shri Atal Bihari Vajpayee Ekana Cricket Stadium, Lucknow",2,Lucknow Super Giants,Sunrisers Hyderabad,127,110,17,5,101,2023,7.54
1359502,2023-04-20,"Arun Jaitley Stadium, Delhi",1,Kolkata Knight Riders,Delhi Capitals,127,115,12,10,130,2023,5.86
1359517,2023-05-01,"Bharat Ratna Shri Atal Bihari Vajpayee Ekana Cricket Stadium, Lucknow",1,Royal Challengers Bangalore,Lucknow Super Giants,126,124,2,9,122,2023,6.2
1359518,2023-05-02,"Narendra Modi Stadium, Ahmedabad",2,Gujarat Titans,Delhi Capitals,125,120,5,6,124,2023,6.05
1359519,2023-05-03,"Bharat Ratna Shri Atal Bihari Vajpayee Ekana Cricket Stadium, Lucknow",1,Lucknow Super Giants,Chennai Super Kings,125,119,6,7,118,2023,6.36
1359483,2023-04-06,"Eden Gardens, Kolkata",2,Royal Challengers Bangalore,Kolkata Knight Riders,123,117,6,10,107,2023,6.9
1359484,2023-04-07,"Bharat Ratna Shri Atal Bihari Vajpayee Ekana Cricket Stadium, Lucknow",1,Sunrisers Hyderabad,Lucknow Super Giants,121,117,4,8,122,2023,5.95
1359522,2023-05-05,"Sawai Mansingh Stadium, Jaipur",2,Gujarat Titans,Rajasthan Royals,119,116,3,1,84,2023,8.5
1359522,2023-05-05,"Sawai Mansingh Stadium, Jaipur",1,Rajasthan Royals,Gujarat Titans,118,110,8,10,114,2023,6.21
1359517,2023-05-01,"Bharat Ratna Shri Atal Bihari Vajpayee Ekana Cricket Stadium, Lucknow",2,Lucknow Super Giants,Royal Challengers Bangalore,108,101,7,10,124,2023,5.23
1370351,2023-05-24,"MA Chidambaram Stadium, Chepauk, Chennai",2,Lucknow Super Giants,Mumbai Indians,101,91,10,10,102,2023,5.94
1359534,2023-05-14,"Sawai Mansingh Stadium, Jaipur",2,Rajasthan Royals,Royal Challengers Bangalore,59,56,3,10,65,2023,5.45
1426268,2024-04-15,"M Chinnaswamy Stadium, Bengaluru",1,Sunrisers Hyderabad,Royal Challengers Bengaluru,287,272,15,3,132,2024,13.05
1422126,2024-03-27,"Rajiv Gandhi International Stadium, Uppal, Hyderabad",1,Sunrisers Hyderabad,Mumbai Indians,277,258,19,3,130,2024,12.78
1422134,2024-04-03,"Dr. Y.S. Rajasekhara Reddy ACA-VDCA Cricket Stadium, Visakhapatnam",1,Kolkata Knight Riders,Delhi Capitals,272,250,22,7,134,2024,12.18
1426273,2024-04-20,"Arun Jaitley Stadium, Delhi",1,Sunrisers Hyderabad,Delhi Capitals,266,261,5,7,123,2024,12.98
1426268,2024-04-15,"M Chinnaswamy Stadium, Bengaluru",2,Royal Challengers Bengaluru,Sunrisers Hyderabad,262,248,14,7,133,2024,11.82
1426280,2024-04-26,"Eden Gardens, Kolkata",2,Punjab Kings,Kolkata Knight Riders,262,256,6,2,116,2024,13.55
1426280,2024-04-26,"Eden Gardens, Kolkata",1,Kolkata Knight Riders,Punjab Kings,261,248,13,6,131,2024,11.95
1426281,2024-04-27,"Arun Jaitley Stadium, Delhi",1,Delhi Capitals,Mumbai Indians,257,249,8,4,127,2024,12.14
1426281,2024-04-27,"Arun Jaitley Stadium, Delhi",2,Mumbai Indians,Delhi Capitals,247,230,17,9,128,2024,11.58
1422126,2024-03-27,"Rajiv Gandhi International Stadium, Uppal, Hyderabad",2,Mumbai Indians,Sunrisers Hyderabad,246,235,11,5,126,2024,11.71
1426296,2024-05-09,"Himachal Pradesh Cricket Association Stadium, Dharamsala",1,Royal Challengers Bengaluru,Punjab Kings,241,233,8,7,127,2024,11.39
1426292,2024-05-05,"Bharat Ratna Shri Atal Bihari Vajpayee Ekana Cricket Stadium, Lucknow",1,Kolkata Knight Riders,Lucknow Super Giants,235,222,13,6,129,2024,10.93
1422138,2024-04-07,"Wankhede Stadium, Mumbai",1,Mumbai Indians,Delhi Capitals,234,220,14,5,129,2024,10.88
1426297,2024-05-10,"Narendra Modi Stadium, Ahmedabad",1,Gujarat Titans,Chennai Super Kings,231,225,6,3,125,2024,11.09
1426269,2024-04-16,"Eden Gardens, Kolkata",2,Rajasthan Royals,Kolkata Knight Riders,224,208,16,8,130,2024,10.34
1426278,2024-04-24,"Arun Jaitley Stadium, Delhi",1,Delhi Capitals,Gujarat Titans,224,219,5,4,123,2024,10.93
1426269,2024-04-16,"Eden Gardens, Kolkata",1,Kolkata Knight Riders,Rajasthan Royals,223,202,21,6,129,2024,10.37
1426274,2024-04-21,"Eden Gardens, Kolkata",1,Kolkata Knight Riders,Royal Challengers Bengaluru,222,202,20,6,129,2024,10.33
1426274,2024-04-21,"Eden Gardens, Kolkata",2,Royal Challengers Bengaluru,Kolkata Knight Riders,221,212,9,10,124,2024,10.69
1426294,2024-05-07,"Arun Jaitley Stadium, Delhi",1,Delhi Capitals,Rajasthan Royals,221,220,1,8,121,2024,10.96
1426278,2024-04-24,"Arun Jaitley Stadium, Delhi",2,Gujarat Titans,Delhi Capitals,220,212,8,8,124,2024,10.65
1426306,2024-05-18,"M Chinnaswamy Stadium, Bengaluru",1,Royal Challengers Bengaluru,Chennai Super Kings,218,210,8,5,127,2024,10.3
1426307,2024-05-19,"Rajiv Gandhi International Stadium, Uppal, Hyderabad",2,Sunrisers Hyderabad,Punjab Kings,215,198,17,6,122,2024,10.57
1426305,2024-05-17,"Wankhede Stadium, Mumbai",1,Lucknow Super Giants,Mumbai Indians,214,203,11,6,130,2024,9.88
1426307,2024-05-19,"Rajiv Gandhi International Stadium, Uppal, Hyderabad",1,Punjab Kings,Sunrisers Hyderabad,214,204,10,5,125,2024,10.27
1426277,2024-04-23,"MA Chidambaram Stadium, Chepauk, Chennai",2,Lucknow Super Giants,Chennai Super Kings,213,204,9,4,123,2024,10.39
1426284,2024-04-28,"MA Chidambaram Stadium, Chepauk, Chennai",1,Chennai Super Kings,Sunrisers Hyderabad,212,203,9,3,126,2024,10.1
1426277,2024-04-23,"MA Chidambaram Stadium, Chepauk, Chennai",1,Chennai Super Kings,Lucknow Super Giants,210,206,4,4,122,2024,10.33
1422121,2024-03-23,"Eden Gardens, Kolkata",1,Kolkata Knight Riders,Sunrisers Hyderabad,208,200,8,7,128,2024,9.75
1426302,2024-05-14,"Arun Jaitley Stadium, Delhi",1,Delhi Capitals,Lucknow Super Giants,208,200,8,4,128,2024,9.75
1422125,2024-03-26,"MA Chidambaram Stadium, Chepauk, Chennai",1,Chennai Super Kings,Gujarat Titans,206,200,6,6,125,2024,9.89
1426267,2024-04-14,"Wankhede Stadium, Mumbai",1,Chennai Super Kings,Mumbai Indians,206,198,8,4,125,2024,9.89
1426279,2024-04-25,"Rajiv Gandhi International Stadium, Uppal, Hyderabad",1,Royal Challengers Bengaluru,Sunrisers Hyderabad,206,199,7,7,125,2024,9.89
1426283,2024-04-28,"Narendra Modi Stadium, Ahmedabad",2,Royal Challengers Bengaluru,Gujarat Titans,206,194,12,1,100,2024,12.36
1422138,2024-04-07,"Wankhede Stadium, Mumbai",2,Delhi Capitals,Mumbai Indians,205,202,3,8,122,2024,10.08
1422121,2024-03-23,"Eden Gardens, Kolkata",2,Sunrisers Hyderabad,Kolkata Knight Riders,204,197,7,7,122,2024,10.03
1426288,2024-05-02,"Rajiv Gandhi International Stadium, Uppal, Hyderabad",1,Sunrisers Hyderabad,Rajasthan Royals,201,193,8,3,128,2024,9.42
1426294,2024-05-07,"Arun Jaitley Stadium, Delhi",2,Rajasthan Royals,Delhi Capitals,201,186,15,8,131,2024,9.21
1422135,2024-04-04,"Narendra Modi Stadium, Ahmedabad",2,Punjab Kings,Gujarat Titans,200,187,13,7,123,2024,9.76
1426283,2024-04-28,"Narendra Modi Stadium, Ahmedabad",1,Gujarat Titans,Royal Challengers Bengaluru,200,189,11,3,130,2024,9.23
1426288,2024-05-02,"Rajiv Gandhi International Stadium, Uppal, Hyderabad",2,Rajasthan Royals,Sunrisers Hyderabad,200,187,13,7,132,2024,9.09
1422129,2024-03-30,"Bharat Ratna Shri Atal Bihari Vajpayee Ekana Cricket Stadium, Lucknow",1,Lucknow Super Giants,Punjab Kings,199,192,7,8,125,2024,9.55
1422135,2024-04-04,"Narendra Modi Stadium, Ahmedabad",1,Gujarat Titans,Punjab Kings,199,190,9,4,124,2024,9.63
1426262,2024-04-10,"Sawai Mansingh Stadium, Jaipur",2,Gujarat Titans,Rajasthan Royals,199,188,11,7,128,2024,9.33
1426263,2024-04-11,"Wankhede Stadium, Mumbai",2,Mumbai Indians,Royal Challengers Bengaluru,199,196,3,3,96,2024,12.44
1426273,2024-04-20,"Arun Jaitley Stadium, Delhi",2,Delhi Capitals,Sunrisers Hyderabad,199,191,8,10,122,2024,9.79
1426282,2024-04-27,"Bharat Ratna Shri Atal Bihari Vajpayee Ekana Cricket Stadium, Lucknow",2,Rajasthan Royals,Lucknow Super Giants,199,195,4,3,116,2024,10.29
1426262,2024-04-10,"Sawai Mansingh Stadium, Jaipur",1,Rajasthan Royals,Gujarat Titans,196,189,7,3,127,2024,9.26
1426263,2024-04-11,"Wankhede Stadium, Mumbai",1,Royal Challengers Bengaluru,Mumbai Indians,196,186,10,8,128,2024,9.19
1426282,2024-04-27,"Bharat Ratna Shri Atal Bihari Vajpayee Ekana Cricket Stadium, Lucknow",1,Lucknow Super Giants,Rajasthan Royals,196,178,18,5,128,2024,9.19
1426297,2024-05-10,"Narendra Modi Stadium, Ahmedabad",2,Chennai Super Kings,Gujarat Titans,196,189,7,8,124,2024,9.48
1426305,2024-05-17,"Wankhede Stadium, Mumbai",2,Mumbai Indians,Lucknow Super Giants,196,185,11,6,129,2024,9.12
1422122,2024-03-24,"Sawai Mansingh Stadium, Jaipur",1,Rajasthan Royals,Lucknow Super Giants,193,185,8,4,127,2024,9.12
1426271,2024-04-18,"Maharaja Yadavindra Singh International Cricket Stadium, Mullanpur",1,Mumbai Indians,Punjab Kings,192,181,11,7,125,2024,9.22
1422131,2024-03-31,"Dr. Y.S. Rajasekhara Reddy ACA-VDCA Cricket Stadium, Visakhapatnam",1,Delhi Capitals,Chennai Super Kings,191,180,11,5,127,2024,9.02
1426306,2024-05-18,"M Chinnaswamy Stadium, Bengaluru",2,Chennai Super Kings,Royal Challengers Bengaluru,191,176,15,7,126,2024,9.1
1422137,2024-04-06,"Sawai Mansingh Stadium, Jaipur",2,Rajasthan Royals,Royal Challengers Bengaluru,189,186,3,4,118,2024,9.61
1426302,2024-05-14,"Arun Jaitley Stadium, Delhi",2,Lucknow Super Giants,Delhi Capitals,189,183,6,9,125,2024,9.07
1426300,2024-05-12,"M Chinnaswamy Stadium, Bengaluru",1,Royal Challengers Bengaluru,Delhi Capitals,187,177,10,9,127,2024,8.83
1422128,2024-03-29,"M Chinnaswamy Stadium, Bengaluru",2,Kolkata Knight Riders,Royal Challengers Bengaluru,186,171,15,3,105,2024,10.63
1426267,2024-04-14,"Wankhede Stadium, Mumbai",2,Mumbai Indians,Chennai Super Kings,186,179,7,6,124,2024,9.0
1422127,2024-03-28,"Sawai Mansingh Stadium, Jaipur",1,Rajasthan Royals,Delhi Capitals,185,178,7,5,125,2024,8.88
1422137,2024-04-06,"Sawai Mansingh Stadium, Jaipur",1,Royal Challengers Bengaluru,Rajasthan Royals,183,172,11,3,125,2024,8.78
1426271,2024-04-18,"Maharaja Yadavindra Singh International Cricket Stadium, Mullanpur",2,Punjab Kings,Mumbai Indians,183,162,21,10,127,2024,8.65
1426276,2024-04-22,"Sawai Mansingh Stadium, Jaipur",2,Rajasthan Royals,Mumbai Indians,183,177,6,1,117,2024,9.38
1422128,2024-03-29,"M Chinnaswamy Stadium, Bengaluru",1,Royal Challengers Bengaluru,Kolkata Knight Riders,182,178,4,6,123,2024,8.88
1426261,2024-04-09,"Maharaja Yadavindra Singh International Cricket Stadium, Mullanpur",1,Sunrisers Hyderabad,Punjab Kings,182,175,7,9,125,2024,8.74
1422133,2024-04-02,"M Chinnaswamy Stadium, Bengaluru",1,Lucknow Super Giants,Royal Challengers Bengaluru,181,171,10,5,126,2024,8.62
1426296,2024-05-09,"Himachal Pradesh Cricket Association Stadium, Dharamsala",2,Punjab Kings,Royal Challengers Bengaluru,181,175,6,10,105,2024,10.34
1426261,2024-04-09,"Maharaja Yadavindra Singh International Cricket Stadium, Mullanpur",2,Punjab Kings,Sunrisers Hyderabad,180,173,7,6,126,2024,8.57
1426272,2024-04-19,"Bharat Ratna Shri Atal Bihari Vajpayee Ekana Cricket Stadium, Lucknow",2,Lucknow Super Giants,Chennai Super Kings,180,167,13,2,124,2024,8.71
1426276,2024-04-22,"Sawai Mansingh Stadium, Jaipur",1,Mumbai Indians,Rajasthan Royals,179,169,10,9,128,2024,8.39
1422124,2024-03-25,"M Chinnaswamy Stadium, Bengaluru",2,Royal Challengers Bengaluru,Punjab Kings,178,160,18,6,123,2024,8.68
1422129,2024-03-30,"Bharat Ratna Shri Atal Bihari Vajpayee Ekana Cricket Stadium, Lucknow",2,Punjab Kings,Lucknow Super Giants,178,174,4,5,122,2024,8.75
1422120,2024-03-23,"Maharaja Yadavindra Singh International Cricket Stadium, Mullanpur",2,Punjab Kings,Delhi Capitals,177,169,8,6,122,2024,8.7
1422119,2024-03-22,"MA Chidambaram Stadium, Chepauk, Chennai",2,Chennai Super Kings,Royal Challengers Bengaluru,176,160,16,4,120,2024,8.8
1422124,2024-03-25,"M Chinnaswamy Stadium, Bengaluru",1,Punjab Kings,Royal Challengers Bengaluru,176,168,8,6,125,2024,8.45
1426272,2024-04-19,"Bharat Ratna Shri Atal Bihari Vajpayee Ekana Cricket Stadium, Lucknow",1,Chennai Super Kings,Lucknow Super Giants,176,172,4,6,123,2024,8.59
1426311,2024-05-24,"MA Chidambaram Stadium, Chepauk, Chennai",1,Sunrisers Hyderabad,Rajasthan Royals,175,167,8,9,127,2024,8.27
1422120,2024-03-23,"Maharaja Yadavindra Singh International Cricket Stadium, Mullanpur",1,Delhi Capitals,Punjab Kings,174,164,10,9,124,2024,8.42
1426293,2024-05-06,"Wankhede Stadium, Mumbai",2,Mumbai Indians,Sunrisers Hyderabad,174,152,22,3,108,2024,9.67
1426310,2024-05-22,"Narendra Modi Stadium, Ahmedabad",2,Rajasthan Royals,Royal Challengers Bengaluru,174,168,6,6,119,2024,8.77
1422119,2024-03-22,"MA Chidambaram Stadium, Chepauk, Chennai",1,Royal Challengers Bengaluru,Chennai Super Kings,173,160,13,6,129,2024,8.05
1422122,2024-03-24,"Sawai Mansingh Stadium, Jaipur",2,Lucknow Super Giants,Rajasthan Royals,173,159,14,6,124,2024,8.37
1422127,2024-03-28,"Sawai Mansingh Stadium, Jaipur",2,Delhi Capitals,Rajasthan Royals,173,168,5,5,124,2024,8.37
1426293,2024-05-06,"Wankhede Stadium, Mumbai",1,Sunrisers Hyderabad,Mumbai Indians,173,159,14,8,131,2024,7.92
1426310,2024-05-22,"Narendra Modi Stadium, Ahmedabad",1,Royal Challengers Bengaluru,Rajasthan Royals,172,168,4,8,122,2024,8.46
1422131,2024-03-31,"Dr. Y.S. Rajasekhara Reddy ACA-VDCA Cricket Stadium, Visakhapatnam",2,Chennai Super Kings,Delhi Capitals,171,158,13,6,129,2024,7.95
1426279,2024-04-25,"Rajiv Gandhi International Stadium, Uppal, Hyderabad",2,Sunrisers Hyderabad,Royal Challengers Bengaluru,171,161,10,8,129,2024,7.95
1426264,2024-04-12,"Bharat Ratna Shri Atal Bihari Vajpayee Ekana Cricket Stadium, Lucknow",2,Delhi Capitals,Lucknow Super Giants,170,162,8,4,112,2024,9.11
1426289,2024-05-03,"Wankhede Stadium, Mumbai",1,Kolkata Knight Riders,Mumbai Indians,169,162,7,10,125,2024,8.11
1422123,2024-03-24,"Narendra Modi Stadium, Ahmedabad",1,Gujarat Titans,Mumbai Indians,168,156,12,6,124,2024,8.13
1422130,2024-03-31,"Narendra Modi Stadium, Ahmedabad",2,Gujarat Titans,Sunrisers Hyderabad,168,164,4,3,119,2024,8.47
1426264,2024-04-12,"Bharat Ratna Shri Atal Bihari Vajpayee Ekana Cricket Stadium, Lucknow",1,Lucknow Super Giants,Delhi Capitals,167,157,10,7,127,2024,7.89
1426291,2024-05-05,"Himachal Pradesh Cricket Association Stadium, Dharamsala",1,Chennai Super Kings,Punjab Kings,167,161,6,9,125,2024,8.02
1426295,2024-05-08,"Rajiv Gandhi International Stadium, Uppal, Hyderabad",2,Sunrisers Hyderabad,Lucknow Super Giants,167,164,3,0,60,2024,16.7
1422134,2024-04-03,"Dr. Y.S. Rajasekhara Reddy ACA-VDCA Cricket Stadium, Visakhapatnam",2,Delhi Capitals,Kolkata Knight Riders,166,150,16,10,110,2024,9.05
1422136,2024-04-05,"Rajiv Gandhi International Stadium, Uppal, Hyderabad",2,Sunrisers Hyderabad,Chennai Super Kings,166,160,6,4,111,2024,8.97
1422136,2024-04-05,"Rajiv Gandhi International Stadium, Uppal, Hyderabad",1,Chennai Super Kings,Sunrisers Hyderabad,165,163,2,5,121,2024,8.18
1426295,2024-05-08,"Rajiv Gandhi International Stadium, Uppal, Hyderabad",1,Lucknow Super Giants,Sunrisers Hyderabad,165,161,4,4,123,2024,8.05
1426309,2024-05-21,"Narendra Modi Stadium, Ahmedabad",2,Kolkata Knight Riders,Sunrisers Hyderabad,164,153,11,2,84,2024,11.71
1422139,2024-04-07,"Bharat Ratna Shri Atal Bihari Vajpayee Ekana Cricket Stadium, Lucknow",1,Lucknow Super Giants,Gujarat Titans,163,158,5,5,121,2024,8.08
1426287,2024-05-01,"MA Chidambaram Stadium, Chepauk, Chennai",2,Punjab Kings,Chennai Super Kings,163,153,10,3,116,2024,8.43
1422123,2024-03-24,"Narendra Modi Stadium, Ahmedabad",2,Mumbai Indians,Gujarat Titans,162,159,3,9,123,2024,7.9
1422130,2024-03-31,"Narendra Modi Stadium, Ahmedabad",1,Sunrisers Hyderabad,Gujarat Titans,162,158,4,8,122,2024,7.97
1426266,2024-04-14,"Eden Gardens, Kolkata",2,Kolkata Knight Riders,Lucknow Super Giants,162,140,22,2,105,2024,9.26
1426287,2024-05-01,"MA Chidambaram Stadium, Chepauk, Chennai",1,Chennai Super Kings,Punjab Kings,162,144,18,7,129,2024,7.53
1426266,2024-04-14,"Eden Gardens, Kolkata",1,Lucknow Super Giants,Kolkata Knight Riders,161,153,8,7,127,2024,7.61
1426309,2024-05-21,"Narendra Modi Stadium, Ahmedabad",1,Sunrisers Hyderabad,Kolkata Knight Riders,159,152,7,10,124,2024,7.69
1426285,2024-04-29,"Eden Gardens, Kolkata",2,Kolkata Knight Riders,Delhi Capitals,157,153,4,3,101,2024,9.33
1426298,2024-05-11,"Eden Gardens, Kolkata",1,Kolkata Knight Riders,Mumbai Indians,157,151,6,7,99,2024,9.52
1422133,2024-04-02,"M Chinnaswamy Stadium, Bengaluru",2,Royal Challengers Bengaluru,Lucknow Super Giants,153,142,11,10,122,2024,7.52
1426285,2024-04-29,"Eden Gardens, Kolkata",1,Delhi Capitals,Kolkata Knight Riders,153,140,13,9,126,2024,7.29
1426265,2024-04-13,"Maharaja Yadavindra Singh International Cricket Stadium, Mullanpur",2,Rajasthan Royals,Punjab Kings,152,149,3,7,122,2024,7.48
1426290,2024-05-04,"M Chinnaswamy Stadium, Bengaluru",2,Royal Challengers Bengaluru,Gujarat Titans,152,150,2,6,83,2024,10.99
1426265,2024-04-13,"Maharaja Yadavindra Singh International Cricket Stadium, Mullanpur",1,Punjab Kings,Rajasthan Royals,147,139,8,8,125,2024,7.06
1426290,2024-05-04,"M Chinnaswamy Stadium, Bengaluru",1,Gujarat Titans,Royal Challengers Bengaluru,147,140,7,10,121,2024,7.29
1426275,2024-04-21,"Maharaja Yadavindra Singh International Cricket Stadium, Mullanpur",2,Gujarat Titans,Punjab Kings,146,143,3,7,116,2024,7.55
1426286,2024-04-30,"Bharat Ratna Shri Atal Bihari Vajpayee Ekana Cricket Stadium, Lucknow",2,Lucknow Super Giants,Mumbai Indians,145,134,11,6,122,2024,7.13
1426289,2024-05-03,"Wankhede Stadium, Mumbai",2,Mumbai Indians,Kolkata Knight Riders,145,135,10,10,118,2024,7.37
1426299,2024-05-12,"MA Chidambaram Stadium, Chepauk, Chennai",2,Chennai Super Kings,Rajasthan Royals,145,139,6,5,115,2024,7.57
1426303,2024-05-15,"Barsapara Cricket Stadium, Guwahati",2,Punjab Kings,Rajasthan Royals,145,144,1,5,114,2024,7.63
1426286,2024-04-30,"Bharat Ratna Shri Atal Bihari Vajpayee Ekana Cricket Stadium, Lucknow",1,Mumbai Indians,Lucknow Super Giants,144,136,8,7,126,2024,6.86
1426303,2024-05-15,"Barsapara Cricket Stadium, Guwahati",1,Rajasthan Royals,Punjab Kings,144,142,2,9,121,2024,7.14
1422125,2024-03-26,"MA Chidambaram Stadium, Chepauk, Chennai",2,Gujarat Titans,Chennai Super Kings,143,132,11,8,128,2024,6.7
1426275,2024-04-21,"Maharaja Yadavindra Singh International Cricket Stadium, Mullanpur",1,Punjab Kings,Gujarat Titans,142,138,4,10,123,2024,6.93
1426260,2024-04-08,"MA Chidambaram Stadium, Chepauk, Chennai",2,Chennai Super Kings,Kolkata Knight Riders,141,136,5,3,109,2024,7.76
1426299,2024-05-12,"MA Chidambaram Stadium, Chepauk, Chennai",1,Rajasthan Royals,Chennai Super Kings,141,136,5,5,124,2024,6.82
1426300,2024-05-12,"M Chinnaswamy Stadium, Bengaluru",2,Delhi Capitals,Royal Challengers Bengaluru,140,134,6,10,120,2024,7.0
1426291,2024-05-05,"Himachal Pradesh Cricket Association Stadium, Dharamsala",2,Punjab Kings,Chennai Super Kings,139,130,9,9,124,2024,6.73
1426298,2024-05-11,"Eden Gardens, Kolkata",2,Mumbai Indians,Kolkata Knight Riders,139,127,12,8,102,2024,8.18
1426311,2024-05-24,"MA Chidambaram Stadium, Chepauk, Chennai",2,Rajasthan Royals,Sunrisers Hyderabad,139,134,5,7,124,2024,6.73
1426260,2024-04-08,"MA Chidambaram Stadium, Chepauk, Chennai",1,Kolkata Knight Riders,Chennai Super Kings,137,124,13,9,128,2024,6.42
1426292,2024-05-05,"Bharat Ratna Shri Atal Bihari Vajpayee Ekana Cricket Stadium, Lucknow",2,Lucknow Super Giants,Kolkata Knight Riders,137,130,7,10,103,2024,7.98
1426284,2024-04-28,"MA Chidambaram Stadium, Chepauk, Chennai",2,Sunrisers Hyderabad,Chennai Super Kings,134,131,3,10,116,2024,6.93
1422139,2024-04-07,"Bharat Ratna Shri Atal Bihari Vajpayee Ekana Cricket Stadium, Lucknow",2,Gujarat Titans,Lucknow Super Giants,130,118,12,10,122,2024,6.39
1422132,2024-04-01,"Wankhede Stadium, Mumbai",2,Rajasthan Royals,Mumbai Indians,127,113,14,4,99,2024,7.7
1422132,2024-04-01,"Wankhede Stadium, Mumbai",1,Mumbai Indians,Rajasthan Royals,125,118,7,9,124,2024,6.05
1426312,2024-05-26,"MA Chidambaram Stadium, Chepauk, Chennai",2,Kolkata Knight Riders,Sunrisers Hyderabad,114,103,11,2,67,2024,10.21
1426312,2024-05-26,"MA Chidambaram Stadium, Chepauk, Chennai",1,Sunrisers Hyderabad,Kolkata Knight Riders,113,100,13,10,117,2024,5.79
1426270,2024-04-17,"Narendra Modi Stadium, Ahmedabad",2,Delhi Capitals,Gujarat Titans,92,86,6,4,55,2024,10.04
1426270,2024-04-17,"Narendra Modi Stadium, Ahmedabad",1,Gujarat Titans,Delhi Capitals,89,77,12,10,112,2024,4.77
1473439,2025-03-23,"Rajiv Gandhi International Stadium, Uppal, Hyderabad",1,Sunrisers Hyderabad,Rajasthan Royals,286,268,18,6,133,2025,12.9
1473505,2025-05-25,"Arun Jaitley Stadium, Delhi",1,Sunrisers Hyderabad,Kolkata Knight Riders,278,254,24,3,131,2025,12.73
1473464,2025-04-12,"Rajiv Gandhi International Stadium, Uppal, Hyderabad",2,Sunrisers Hyderabad,Punjab Kings,247,237,10,2,120,2025,12.35
1473464,2025-04-12,"Rajiv Gandhi International Stadium, Uppal, Hyderabad",1,Punjab Kings,Sunrisers Hyderabad,245,231,14,6,128,2025,11.48
1473442,2025-03-25,"Narendra Modi Stadium, Ahmedabad",1,Punjab Kings,Gujarat Titans,243,229,14,5,126,2025,11.57
1473439,2025-03-23,"Rajiv Gandhi International Stadium, Uppal, Hyderabad",2,Rajasthan Royals,Sunrisers Hyderabad,242,229,13,6,129,2025,11.26
1473456,2025-04-08,"Eden Gardens, Kolkata",1,Lucknow Super Giants,Kolkata Knight Riders,238,225,13,3,128,2025,11.16
1473491,2025-05-04,"Himachal Pradesh Cricket Association Stadium, Dharamsala",1,Punjab Kings,Lucknow Super Giants,236,231,5,5,125,2025,11.33
1473502,2025-05-22,"Narendra Modi Stadium, Ahmedabad",1,Lucknow Super Giants,Gujarat Titans,235,225,10,2,127,2025,11.1
1473456,2025-04-08,"Eden Gardens, Kolkata",2,Kolkata Knight Riders,Lucknow Super Giants,234,212,22,7,136,2025,10.32
1473442,2025-03-25,"Narendra Modi Stadium, Ahmedabad",2,Gujarat Titans,Punjab Kings,232,220,12,5,128,2025,10.88
1473503,2025-05-23,"Bharat Ratna Shri Atal Bihari Vajpayee Ekana Cricket Stadium, Lucknow",1,Sunrisers Hyderabad,Royal Challengers Bengaluru,231,224,7,6,123,2025,11.27
1473504,2025-05-25,"Narendra Modi Stadium, Ahmedabad",1,Chennai Super Kings,Gujarat Titans,230,218,12,5,125,2025,11.04
1473507,2025-05-27,"Bharat Ratna Shri Atal Bihari Vajpayee Ekana Cricket Stadium, Lucknow",2,Royal Challengers Bengaluru,Lucknow Super Giants,230,224,6,4,117,2025,11.79
1473509,2025-05-30,"Maharaja Yadavindra Singh International Cricket Stadium, New Chandigarh",1,Mumbai Indians,Gujarat Titans,228,217,11,5,124,2025,11.03
1473507,2025-05-27,"Bharat Ratna Shri Atal Bihari Vajpayee Ekana Cricket Stadium, Lucknow",1,Lucknow Super Giants,Royal Challengers Bengaluru,227,213,14,3,127,2025,10.72
1473488,2025-05-02,"Narendra Modi Stadium, Ahmedabad",1,Gujarat Titans,Sunrisers Hyderabad,224,221,3,6,123,2025,10.93
1473458,2025-04-07,"Wankhede Stadium, Mumbai",1,Royal Challengers Bengaluru,Mumbai Indians,221,213,8,5,127,2025,10.44
1473459,2025-04-08,"Maharaja Yadavindra Singh International Cricket Stadium, Mullanpur",1,Punjab Kings,Chennai Super Kings,219,212,7,6,124,2025,10.6
1473497,2025-05-18,"Sawai Mansingh Stadium, Jaipur",1,Punjab Kings,Rajasthan Royals,219,210,9,5,125,2025,10.51
1473460,2025-04-09,"Narendra Modi Stadium, Ahmedabad",1,Gujarat Titans,Rajasthan Royals,217,199,18,6,135,2025,9.64
1473487,2025-05-01,"Sawai Mansingh Stadium, Jaipur",1,Mumbai Indians,Rajasthan Royals,217,210,7,2,126,2025,10.33
1473482,2025-04-27,"Wankhede Stadium, Mumbai",1,Mumbai Indians,Lucknow Super Giants,215,210,5,7,125,2025,10.32
1473489,2025-05-03,"M Chinnaswamy Stadium, Bengaluru",1,Royal Challengers Bengaluru,Chennai Super Kings,213,207,6,5,125,2025,10.22
1473484,2025-04-28,"Sawai Mansingh Stadium, Jaipur",2,Rajasthan Royals,Gujarat Titans,212,207,5,2,99,2025,12.85
1473441,2025-03-24,"Dr. Y.S. Rajasekhara Reddy ACA-VDCA Cricket Stadium, Visakhapatnam",2,Delhi Capitals,Lucknow Super Giants,211,203,8,9,121,2025,10.46
1473489,2025-05-03,"M Chinnaswamy Stadium, Bengaluru",2,Chennai Super Kings,Royal Challengers Bengaluru,211,210,1,5,121,2025,10.46
1473441,2025-03-24,"Dr. Y.S. Rajasekhara Reddy ACA-VDCA Cricket Stadium, Visakhapatnam",1,Lucknow Super Giants,Delhi Capitals,209,202,7,8,125,2025,10.03
1473458,2025-04-07,"Wankhede Stadium, Mumbai",2,Mumbai Indians,Royal Challengers Bengaluru,209,202,7,9,126,2025,9.95
1473484,2025-04-28,"Sawai Mansingh Stadium, Jaipur",1,Gujarat Titans,Rajasthan Royals,209,200,9,4,128,2025,9.8
1473497,2025-05-18,"Sawai Mansingh Stadium, Jaipur",2,Rajasthan Royals,Punjab Kings,209,202,7,7,123,2025,10.2
1473509,2025-05-30,"Maharaja Yadavindra Singh International Cricket Stadium, New Chandigarh",2,Gujarat Titans,Mumbai Indians,208,202,6,6,124,2025,10.06
1485779,2025-05-24,"Sawai Mansingh Stadium, Jaipur",2,Delhi Capitals,Punjab Kings,208,200,8,4,121,2025,10.31
1473510,2025-06-01,"Narendra Modi Stadium, Ahmedabad",2,Punjab Kings,Mumbai Indians,207,203,4,5,118,2025,10.53
1473490,2025-05-04,"Eden Gardens, Kolkata",1,Kolkata Knight Riders,Rajasthan Royals,206,196,10,4,127,2025,9.73
1473499,2025-05-19,"Bharat Ratna Shri Atal Bihari Vajpayee Ekana Cricket Stadium, Lucknow",2,Sunrisers Hyderabad,Lucknow Super Giants,206,196,10,5,119,2025,10.39
1485779,2025-05-24,"Sawai Mansingh Stadium, Jaipur",1,Punjab Kings,Delhi Capitals,206,198,8,8,128,2025,9.66
1473455,2025-04-05,"Maharaja Yadavindra Singh International Cricket Stadium, Mullanpur",1,Rajasthan Royals,Punjab Kings,205,193,12,4,125,2025,9.84
1473466,2025-04-13,"Arun Jaitley Stadium, Delhi",1,Mumbai Indians,Delhi Capitals,205,199,6,5,124,2025,9.92
1473479,2025-04-24,"M Chinnaswamy Stadium, Bengaluru",1,Royal Challengers Bengaluru,Rajasthan Royals,205,190,15,5,130,2025,9.46
1473490,2025-05-04,"Eden Gardens, Kolkata",2,Rajasthan Royals,Kolkata Knight Riders,205,199,6,8,125,2025,9.84
1473498,2025-05-18,"Arun Jaitley Stadium, Delhi",2,Gujarat Titans,Delhi Capitals,205,201,4,0,117,2025,10.51
1473499,2025-05-19,"Bharat Ratna Shri Atal Bihari Vajpayee Ekana Cricket Stadium, Lucknow",1,Lucknow Super Giants,Sunrisers Hyderabad,205,194,11,7,131,2025,9.39
1473472,2025-04-19,"Narendra Modi Stadium, Ahmedabad",2,Gujarat Titans,Delhi Capitals,204,194,10,3,121,2025,10.12
1473485,2025-04-29,"Arun Jaitley Stadium, Delhi",1,Kolkata Knight Riders,Delhi Capitals,204,189,15,9,132,2025,9.27
1473453,2025-04-04,"Bharat Ratna Shri Atal Bihari Vajpayee Ekana Cricket Stadium, Lucknow",1,Lucknow Super Giants,Mumbai Indians,203,195,8,8,128,2025,9.52
1473472,2025-04-19,"Narendra Modi Stadium, Ahmedabad",1,Delhi Capitals,Gujarat Titans,203,191,12,8,129,2025,9.44
1473510,2025-06-01,"Narendra Modi Stadium, Ahmedabad",1,Mumbai Indians,Punjab Kings,203,194,9,6,126,2025,9.67
1473502,2025-05-22,"Narendra Modi Stadium, Ahmedabad",2,Gujarat Titans,Lucknow Super Giants,202,194,8,9,127,2025,9.54
1473459,2025-04-08,"Maharaja Yadavindra Singh International Cricket Stadium, Mullanpur",2,Chennai Super Kings,Punjab Kings,201,186,15,5,129,2025,9.35
1473481,2025-04-26,"Eden Gardens, Kolkata",1,Punjab Kings,Kolkata Knight Riders,201,198,3,4,123,2025,9.8
1473452,2025-04-03,"Eden Gardens, Kolkata",1,Kolkata Knight Riders,Sunrisers Hyderabad,200,189,11,6,123,2025,9.76
1473491,2025-05-04,"Himachal Pradesh Cricket Association Stadium, Dharamsala",2,Lucknow Super Giants,Punjab Kings,199,187,12,7,128,2025,9.33
1473498,2025-05-18,"Arun Jaitley Stadium, Delhi",1,Delhi Capitals,Gujarat Titans,199,193,6,3,124,2025,9.63
1473476,2025-04-21,"Eden Gardens, Kolkata",1,Gujarat Titans,Kolkata Knight Riders,198,194,4,3,124,2025,9.58
1473445,2025-03-28,"MA Chidambaram Stadium, Chepauk, Chennai",1,Royal Challengers Bengaluru,Chennai Super Kings,196,185,11,7,128,2025,9.19
1473446,2025-03-29,"Narendra Modi Stadium, Ahmedabad",1,Gujarat Titans,Mumbai Indians,196,181,15,8,130,2025,9.05
1473479,2025-04-24,"M Chinnaswamy Stadium, Bengaluru",2,Rajasthan Royals,Royal Challengers Bengaluru,194,189,5,9,123,2025,9.46
1473486,2025-04-30,"MA Chidambaram Stadium, Chepauk, Chennai",2,Punjab Kings,Chennai Super Kings,194,188,6,6,121,2025,9.62
1473444,2025-03-27,"Rajiv Gandhi International Stadium, Uppal, Hyderabad",2,Lucknow Super Giants,Sunrisers Hyderabad,193,179,14,5,106,2025,10.92
1473466,2025-04-13,"Arun Jaitley Stadium, Delhi",2,Delhi Capitals,Mumbai Indians,193,180,13,10,119,2025,9.73
1473453,2025-04-04,"Bharat Ratna Shri Atal Bihari Vajpayee Ekana Cricket Stadium, Lucknow",2,Mumbai Indians,Lucknow Super Giants,191,183,8,5,124,2025,9.24
1473444,2025-03-27,"Rajiv Gandhi International Stadium, Uppal, Hyderabad",1,Sunrisers Hyderabad,Lucknow Super Giants,190,183,7,9,127,2025,8.98
1473485,2025-04-29,"Arun Jaitley Stadium, Delhi",2,Delhi Capitals,Kolkata Knight Riders,190,180,10,9,125,2025,9.12
1473486,2025-04-30,"MA Chidambaram Stadium, Chepauk, Chennai",1,Chennai Super Kings,Punjab Kings,190,174,16,10,128,2025,8.91
1473511,2025-06-03,"Narendra Modi Stadium, Ahmedabad",1,Royal Challengers Bengaluru,Punjab Kings,190,181,9,9,129,2025,8.84
1473503,2025-05-23,"Bharat Ratna Shri Atal Bihari Vajpayee Ekana Cricket Stadium, Lucknow",2,Royal Challengers Bengaluru,Sunrisers Hyderabad,189,173,16,10,124,2025,9.15
1473469,2025-04-16,"Arun Jaitley Stadium, Delhi",1,Delhi Capitals,Rajasthan Royals,188,179,9,5,128,2025,8.81
1473469,2025-04-16,"Arun Jaitley Stadium, Delhi",2,Rajasthan Royals,Delhi Capitals,188,182,6,5,124,2025,9.1
1473500,2025-05-20,"Arun Jaitley Stadium, Delhi",2,Rajasthan Royals,Chennai Super Kings,188,180,8,4,107,2025,10.54
1473500,2025-05-20,"Arun Jaitley Stadium, Delhi",1,Chennai Super Kings,Rajasthan Royals,187,171,16,8,129,2025,8.7
1473506,2025-05-26,"Sawai Mansingh Stadium, Jaipur",2,Punjab Kings,Mumbai Indians,187,176,11,3,118,2025,9.51
1473463,2025-04-12,"Bharat Ratna Shri Atal Bihari Vajpayee Ekana Cricket Stadium, Lucknow",2,Lucknow Super Giants,Gujarat Titans,186,177,9,4,120,2025,9.3
1473488,2025-05-02,"Narendra Modi Stadium, Ahmedabad",2,Sunrisers Hyderabad,Gujarat Titans,186,173,13,6,127,2025,8.79
1473506,2025-05-26,"Sawai Mansingh Stadium, Jaipur",1,Mumbai Indians,Punjab Kings,184,173,11,7,127,2025,8.69
1473511,2025-06-03,"Narendra Modi Stadium, Ahmedabad",2,Punjab Kings,Royal Challengers Bengaluru,184,173,11,7,123,2025,8.98
1473454,2025-04-05,"MA Chidambaram Stadium, Chepauk, Chennai",1,Delhi Capitals,Chennai Super Kings,183,177,6,6,123,2025,8.93
1473494,2025-05-07,"Eden Gardens, Kolkata",2,Chennai Super Kings,Kolkata Knight Riders,183,178,5,8,122,2025,9.0
1473448,2025-03-30,"Barsapara Cricket Stadium, Guwahati",1,Rajasthan Royals,Chennai Super Kings,182,172,10,9,127,2025,8.6
1473463,2025-04-12,"Bharat Ratna Shri Atal Bihari Vajpayee Ekana Cricket Stadium, Lucknow",1,Gujarat Titans,Lucknow Super Giants,180,171,9,6,129,2025,8.37
1473473,2025-04-19,"Sawai Mansingh Stadium, Jaipur",1,Lucknow Super Giants,Rajasthan Royals,180,171,9,5,125,2025,8.64
1473501,2025-05-21,"Wankhede Stadium, Mumbai",1,Mumbai Indians,Delhi Capitals,180,178,2,5,121,2025,8.93
1473494,2025-05-07,"Eden Gardens, Kolkata",1,Kolkata Knight Riders,Chennai Super Kings,179,173,6,6,122,2025,8.8
1473473,2025-04-19,"Sawai Mansingh Stadium, Jaipur",2,Rajasthan Royals,Lucknow Super Giants,178,176,2,5,121,2025,8.83
1473438,2025-03-22,"Eden Gardens, Kolkata",2,Royal Challengers Bengaluru,Kolkata Knight Riders,177,174,3,3,99,2025,10.73
1473450,2025-04-01,"Bharat Ratna Shri Atal Bihari Vajpayee Ekana Cricket Stadium, Lucknow",2,Punjab Kings,Lucknow Super Giants,177,172,5,2,101,2025,10.51
1473475,2025-04-20,"Wankhede Stadium, Mumbai",2,Mumbai Indians,Chennai Super Kings,177,168,9,1,102,2025,10.41
1473448,2025-03-30,"Barsapara Cricket Stadium, Guwahati",2,Chennai Super Kings,Rajasthan Royals,176,172,4,6,123,2025,8.59
1473475,2025-04-20,"Wankhede Stadium, Mumbai",1,Chennai Super Kings,Mumbai Indians,176,167,9,5,126,2025,8.38
1473465,2025-04-13,"Sawai Mansingh Stadium, Jaipur",2,Royal Challengers Bengaluru,Rajasthan Royals,175,167,8,1,111,2025,9.46
1473438,2025-03-22,"Eden Gardens, Kolkata",1,Kolkata Knight Riders,Royal Challengers Bengaluru,174,168,6,8,124,2025,8.42
1473465,2025-04-13,"Sawai Mansingh Stadium, Jaipur",1,Rajasthan Royals,Royal Challengers Bengaluru,173,168,5,4,122,2025,8.51
1473450,2025-04-01,"Bharat Ratna Shri Atal Bihari Vajpayee Ekana Cricket Stadium, Lucknow",1,Lucknow Super Giants,Punjab Kings,171,164,7,7,124,2025,8.27
1473451,2025-04-02,"M Chinnaswamy Stadium, Bengaluru",2,Gujarat Titans,Royal Challengers Bengaluru,170,166,4,2,108,2025,9.44
1473451,2025-04-02,"M Chinnaswamy Stadium, Bengaluru",1,Royal Challengers Bengaluru,Gujarat Titans,169,162,7,8,123,2025,8.24
1473461,2025-04-10,"M Chinnaswamy Stadium, Bengaluru",2,Delhi Capitals,Royal Challengers Bengaluru,169,162,7,4,110,2025,9.22
1473467,2025-04-14,"Bharat Ratna Shri Atal Bihari Vajpayee Ekana Cricket Stadium, Lucknow",2,Chennai Super Kings,Lucknow Super Giants,168,158,10,5,126,2025,8.0
1473505,2025-05-25,"Arun Jaitley Stadium, Delhi",2,Kolkata Knight Riders,Sunrisers Hyderabad,168,162,6,10,116,2025,8.69
1473447,2025-03-30,"Dr. Y.S. Rajasekhara Reddy ACA-VDCA Cricket Stadium, Visakhapatnam",2,Delhi Capitals,Sunrisers Hyderabad,166,158,8,3,98,2025,10.16
1473467,2025-04-14,"Bharat Ratna Shri Atal Bihari Vajpayee Ekana Cricket Stadium, Lucknow",1,Lucknow Super Giants,Chennai Super Kings,166,155,11,7,128,2025,7.78
1473470,2025-04-17,"Wankhede Stadium, Mumbai",2,Mumbai Indians,Sunrisers Hyderabad,166,161,5,6,113,2025,8.81
1473483,2025-04-27,"Arun Jaitley Stadium, Delhi",2,Royal Challengers Bengaluru,Delhi Capitals,165,161,4,4,115,2025,8.61
1473447,2025-03-30,"Dr. Y.S. Rajasekhara Reddy ACA-VDCA Cricket Stadium, Visakhapatnam",1,Sunrisers Hyderabad,Delhi Capitals,163,152,11,10,119,2025,8.22
1473461,2025-04-10,"M Chinnaswamy Stadium, Bengaluru",1,Royal Challengers Bengaluru,Delhi Capitals,163,148,15,7,126,2025,7.76
1473470,2025-04-17,"Wankhede Stadium, Mumbai",1,Sunrisers Hyderabad,Mumbai Indians,162,152,10,5,129,2025,7.53
1473483,2025-04-27,"Arun Jaitley Stadium, Delhi",1,Delhi Capitals,Royal Challengers Bengaluru,162,158,4,8,123,2025,7.9
1473477,2025-04-22,"Bharat Ratna Shri Atal Bihari Vajpayee Ekana Cricket Stadium, Lucknow",2,Delhi Capitals,Lucknow Super Giants,161,157,4,2,110,2025,8.78
1473482,2025-04-27,"Wankhede Stadium, Mumbai",2,Lucknow Super Giants,Mumbai Indians,161,153,8,10,126,2025,7.67
1473446,2025-03-29,"Narendra Modi Stadium, Ahmedabad",2,Mumbai Indians,Gujarat Titans,160,151,9,6,127,2025,7.56
1473460,2025-04-09,"Narendra Modi Stadium, Ahmedabad",2,Rajasthan Royals,Gujarat Titans,159,150,9,10,125,2025,7.63
1473474,2025-04-20,"Maharaja Yadavindra Singh International Cricket Stadium, Mullanpur",2,Royal Challengers Bengaluru,Punjab Kings,159,158,1,3,114,2025,8.37
1473476,2025-04-21,"Eden Gardens, Kolkata",2,Kolkata Knight Riders,Gujarat Titans,159,149,10,8,125,2025,7.63
1473477,2025-04-22,"Bharat Ratna Shri Atal Bihari Vajpayee Ekana Cricket Stadium, Lucknow",1,Lucknow Super Giants,Delhi Capitals,159,158,1,6,121,2025,7.88
1473440,2025-03-23,"MA Chidambaram Stadium, Chepauk, Chennai",2,Chennai Super Kings,Mumbai Indians,158,153,5,6,118,2025,8.03
1473454,2025-04-05,"MA Chidambaram Stadium, Chepauk, Chennai",2,Chennai Super Kings,Delhi Capitals,158,140,18,5,128,2025,7.41
1473474,2025-04-20,"Maharaja Yadavindra Singh International Cricket Stadium, Mullanpur",1,Punjab Kings,Royal Challengers Bengaluru,157,152,5,6,123,2025,7.66
1473440,2025-03-23,"MA Chidambaram Stadium, Chepauk, Chennai",1,Mumbai Indians,Chennai Super Kings,155,145,10,9,125,2025,7.44
1473455,2025-04-05,"Maharaja Yadavindra Singh International Cricket Stadium, Mullanpur",2,Punjab Kings,Rajasthan Royals,155,140,15,9,128,2025,7.27
1473480,2025-04-25,"MA Chidambaram Stadium, Chepauk, Chennai",2,Sunrisers Hyderabad,Chennai Super Kings,155,140,15,5,121,2025,7.69
1473493,2025-05-06,"Wankhede Stadium, Mumbai",1,Mumbai Indians,Gujarat Titans,155,148,7,8,121,2025,7.69
1473480,2025-04-25,"MA Chidambaram Stadium, Chepauk, Chennai",1,Chennai Super Kings,Sunrisers Hyderabad,154,147,7,10,123,2025,7.51
1473443,2025-03-26,"Barsapara Cricket Stadium, Guwahati",2,Kolkata Knight Riders,Rajasthan Royals,153,142,11,2,110,2025,8.35
1473457,2025-04-06,"Rajiv Gandhi International Stadium, Uppal, Hyderabad",2,Gujarat Titans,Sunrisers Hyderabad,153,150,3,3,103,2025,8.91
1473457,2025-04-06,"Rajiv Gandhi International Stadium, Uppal, Hyderabad",1,Sunrisers Hyderabad,Gujarat Titans,152,148,4,8,122,2025,7.48
1473443,2025-03-26,"Barsapara Cricket Stadium, Guwahati",1,Rajasthan Royals,Kolkata Knight Riders,151,147,4,9,124,2025,7.31
1473493,2025-05-06,"Wankhede Stadium, Mumbai",2,Gujarat Titans,Mumbai Indians,147,138,9,7,123,2025,7.17
1473504,2025-05-25,"Narendra Modi Stadium, Ahmedabad",2,Gujarat Titans,Chennai Super Kings,147,135,12,10,117,2025,7.54
1473445,2025-03-28,"MA Chidambaram Stadium, Chepauk, Chennai",2,Chennai Super Kings,Royal Challengers Bengaluru,146,143,3,8,122,2025,7.18
1473478,2025-04-23,"Rajiv Gandhi International Stadium, Uppal, Hyderabad",2,Mumbai Indians,Sunrisers Hyderabad,146,145,1,3,95,2025,9.22
1473478,2025-04-23,"Rajiv Gandhi International Stadium, Uppal, Hyderabad",1,Sunrisers Hyderabad,Mumbai Indians,143,139,4,8,123,2025,6.98
1473492,2025-05-05,"Rajiv Gandhi International Stadium, Uppal, Hyderabad",1,Delhi Capitals,Sunrisers Hyderabad,133,128,5,7,123,2025,6.49
1473495,2025-05-08,"Himachal Pradesh Cricket Association Stadium, Dharamsala",1,Punjab Kings,Delhi Capitals,122,120,2,1,63,2025,11.62
1473449,2025-03-31,"Wankhede Stadium, Mumbai",2,Mumbai Indians,Kolkata Knight Riders,121,118,3,2,80,2025,9.07
1473501,2025-05-21,"Wankhede Stadium, Mumbai",2,Delhi Capitals,Mumbai Indians,121,120,1,10,111,2025,6.54
1473452,2025-04-03,"Eden Gardens, Kolkata",2,Sunrisers Hyderabad,Kolkata Knight Riders,120,112,8,10,105,2025,6.86
1473487,2025-05-01,"Sawai Mansingh Stadium, Jaipur",2,Rajasthan Royals,Mumbai Indians,117,102,15,10,100,2025,7.02
1473449,2025-03-31,"Wankhede Stadium, Mumbai",1,Kolkata Knight Riders,Mumbai Indians,116,109,7,10,102,2025,6.82
1473468,2025-04-15,"Maharaja Yadavindra Singh International Cricket Stadium, Mullanpur",1,Punjab Kings,Kolkata Knight Riders,111,106,5,10,96,2025,6.94
1473462,2025-04-11,"MA Chidambaram Stadium, Chepauk, Chennai",2,Kolkata Knight Riders,Chennai Super Kings,107,102,5,2,65,2025,9.88
1473508,2025-05-29,"Maharaja Yadavindra Singh International Cricket Stadium, Mullanpur",2,Royal Challengers Bengaluru,Punjab Kings,106,102,4,2,60,2025,10.6
1473462,2025-04-11,"MA Chidambaram Stadium, Chepauk, Chennai",1,Chennai Super Kings,Kolkata Knight Riders,103,98,5,9,124,2025,4.98
1473508,2025-05-29,"Maharaja Yadavindra Singh International Cricket Stadium, Mullanpur",1,Punjab Kings,Royal Challengers Bengaluru,101,90,11,10,87,2025,6.97
1473471,2025-04-18,"M Chinnaswamy Stadium, Bengaluru",2,Punjab Kings,Royal Challengers Bengaluru,98,91,7,5,75,2025,7.84
1473468,2025-04-15,"Maharaja Yadavindra Singh International Cricket Stadium, Mullanpur",2,Kolkata Knight Riders,Punjab Kings,95,90,5,10,92,2025,6.2
1473471,2025-04-18,"M Chinnaswamy Stadium, Bengaluru",1,Royal Challengers Bengaluru,Punjab Kings,95,94,1,9,85,2025,6.71
1473469,2025-04-16,"Arun Jaitley Stadium, Delhi",4,Delhi Capitals,Rajasthan Royals,13,13,0,0,4,2025,19.5
1473469,2025-04-16,"Arun Jaitley Stadium, Delhi",3,Rajasthan Royals,Delhi Capitals,11,10,1,2,6,2025,11.0
1473481,2025-04-26,"Eden Gardens, Kolkata",2,Kolkata Knight Riders,Punjab Kings,7,5,2,0,7,2025,6.0
1529278,2026-04-25,"Arun Jaitley Stadium, Delhi",2,Punjab Kings,Delhi Capitals,265,251,14,4,126,2026,12.62
1529278,2026-04-25,"Arun Jaitley Stadium, Delhi",1,Delhi Capitals,Punjab Kings,264,257,7,2,127,2026,12.47
1529310,2026-05-22,"Rajiv Gandhi International Stadium, Uppal, Hyderabad",1,Sunrisers Hyderabad,Royal Challengers Bengaluru,255,241,14,4,133,2026,11.5
1529272,2026-04-19,"Maharaja Yadavindra Singh International Cricket Stadium, New Chandigarh",1,Punjab Kings,Lucknow Super Giants,254,245,9,7,126,2026,12.1
1535462,2026-05-26,"Himachal Pradesh Cricket Association Stadium, Dharamsala",1,Royal Challengers Bengaluru,Gujarat Titans,254,247,7,5,125,2026,12.19
1527684,2026-04-05,"M Chinnaswamy Stadium, Bengaluru",1,Royal Challengers Bengaluru,Chennai Super Kings,250,242,8,3,124,2026,12.1
1529284,2026-04-29,"Wankhede Stadium, Mumbai",2,Sunrisers Hyderabad,Mumbai Indians,249,237,12,4,120,2026,12.45
1529303,2026-05-16,"Eden Gardens, Kolkata",1,Kolkata Knight Riders,Gujarat Titans,247,241,6,2,125,2026,11.86
1529284,2026-04-29,"Wankhede Stadium, Mumbai",1,Mumbai Indians,Sunrisers Hyderabad,243,235,8,5,127,2026,11.48
1535463,2026-05-27,"Maharaja Yadavindra Singh International Cricket Stadium, New Chandigarh",1,Rajasthan Royals,Sunrisers Hyderabad,243,237,6,8,124,2026,11.76
1529274,2026-04-21,"Rajiv Gandhi International Stadium, Uppal, Hyderabad",1,Sunrisers Hyderabad,Delhi Capitals,242,234,8,2,128,2026,11.34
1527693,2026-04-12,"Wankhede Stadium, Mumbai",1,Royal Challengers Bengaluru,Mumbai Indians,240,227,13,4,132,2026,10.91
1529292,2026-05-06,"Rajiv Gandhi International Stadium, Uppal, Hyderabad",1,Sunrisers Hyderabad,Punjab Kings,235,226,9,4,125,2026,11.28
1529279,2026-04-25,"Sawai Mansingh Stadium, Jaipur",2,Sunrisers Hyderabad,Rajasthan Royals,229,211,18,5,120,2026,11.45
1529290,2026-05-04,"Wankhede Stadium, Mumbai",2,Mumbai Indians,Lucknow Super Giants,229,223,6,4,116,2026,11.84
1529295,2026-05-09,"Sawai Mansingh Stadium, Jaipur",1,Gujarat Titans,Rajasthan Royals,229,210,19,4,133,2026,10.33
1529309,2026-05-21,"Narendra Modi Stadium, Ahmedabad",1,Gujarat Titans,Chennai Super Kings,229,212,17,4,129,2026,10.65
1529279,2026-04-25,"Sawai Mansingh Stadium, Jaipur",1,Rajasthan Royals,Sunrisers Hyderabad,228,221,7,6,126,2026,10.86
1529283,2026-04-28,"Maharaja Yadavindra Singh International Cricket Stadium, New Chandigarh",2,Rajasthan Royals,Punjab Kings,228,222,6,4,121,2026,11.31
1529290,2026-05-04,"Wankhede Stadium, Mumbai",1,Lucknow Super Giants,Mumbai Indians,228,217,11,5,130,2026,10.52
1527679,2026-04-02,"Eden Gardens, Kolkata",1,Sunrisers Hyderabad,Kolkata Knight Riders,226,213,13,8,129,2026,10.51
1529286,2026-05-01,"Sawai Mansingh Stadium, Jaipur",2,Delhi Capitals,Rajasthan Royals,226,213,13,3,123,2026,11.02
1529286,2026-05-01,"Sawai Mansingh Stadium, Jaipur",1,Rajasthan Royals,Delhi Capitals,225,216,9,6,126,2026,10.71
1529307,2026-05-19,"Sawai Mansingh Stadium, Jaipur",2,Rajasthan Royals,Lucknow Super Giants,225,212,13,3,121,2026,11.16
1527675,2026-03-29,"Wankhede Stadium, Mumbai",2,Mumbai Indians,Kolkata Knight Riders,224,218,6,4,119,2026,11.29
1527690,2026-04-11,"Maharaja Yadavindra Singh International Cricket Stadium, New Chandigarh",2,Punjab Kings,Sunrisers Hyderabad,223,218,5,4,118,2026,11.34
1527693,2026-04-12,"Wankhede Stadium, Mumbai",2,Mumbai Indians,Royal Challengers Bengaluru,222,210,12,6,130,2026,10.25
1529283,2026-04-28,"Maharaja Yadavindra Singh International Cricket Stadium, New Chandigarh",1,Punjab Kings,Rajasthan Royals,222,213,9,4,121,2026,11.01
1529304,2026-05-17,"Himachal Pradesh Cricket Association Stadium, Dharamsala",1,Royal Challengers Bengaluru,Punjab Kings,222,215,7,4,126,2026,10.57
1527675,2026-03-29,"Wankhede Stadium, Mumbai",1,Kolkata Knight Riders,Mumbai Indians,220,210,10,4,128,2026,10.31
1529307,2026-05-19,"Sawai Mansingh Stadium, Jaipur",1,Lucknow Super Giants,Rajasthan Royals,220,207,13,5,130,2026,10.15
1527690,2026-04-11,"Maharaja Yadavindra Singh International Cricket Stadium, New Chandigarh",1,Sunrisers Hyderabad,Punjab Kings,219,206,13,6,132,2026,9.95
1535464,2026-05-29,"Maharaja Yadavindra Singh International Cricket Stadium, New Chandigarh",2,Gujarat Titans,Rajasthan Royals,219,204,15,3,119,2026,11.04
1529303,2026-05-16,"Eden Gardens, Kolkata",2,Gujarat Titans,Kolkata Knight Riders,218,198,20,4,127,2026,10.3
1529264,2026-04-13,"Rajiv Gandhi International Stadium, Uppal, Hyderabad",1,Sunrisers Hyderabad,Rajasthan Royals,216,207,9,6,128,2026,10.12
1529298,2026-05-11,"Himachal Pradesh Cricket Association Stadium, Dharamsala",2,Delhi Capitals,Punjab Kings,216,198,18,7,123,2026,10.54
1535464,2026-05-29,"Maharaja Yadavindra Singh International Cricket Stadium, New Chandigarh",1,Rajasthan Royals,Gujarat Titans,214,208,6,6,122,2026,10.52
1527691,2026-04-11,"MA Chidambaram Stadium, Chepauk, Chennai",1,Chennai Super Kings,Delhi Capitals,212,209,3,2,123,2026,10.34
1527680,2026-04-03,"MA Chidambaram Stadium, Chepauk, Chennai",2,Punjab Kings,Chennai Super Kings,210,201,9,5,120,2026,10.5
1527682,2026-04-04,"Narendra Modi Stadium, Ahmedabad",1,Rajasthan Royals,Gujarat Titans,210,196,14,6,129,2026,9.77
1527687,2026-04-08,"Arun Jaitley Stadium, Delhi",1,Gujarat Titans,Delhi Capitals,210,204,6,4,126,2026,10.0
1529298,2026-05-11,"Himachal Pradesh Cricket Association Stadium, Dharamsala",1,Punjab Kings,Delhi Capitals,210,193,17,5,129,2026,9.77
1527680,2026-04-03,"MA Chidambaram Stadium, Chepauk, Chennai",1,Chennai Super Kings,Punjab Kings,209,192,17,5,131,2026,9.57
1527687,2026-04-08,"Arun Jaitley Stadium, Delhi",2,Delhi Capitals,Gujarat Titans,209,201,8,8,128,2026,9.8
1529293,2026-05-07,"Bharat Ratna Shri Atal Bihari Vajpayee Ekana Cricket Stadium, Lucknow",1,Lucknow Super Giants,Royal Challengers Bengaluru,209,199,10,3,119,2026,10.54
1529296,2026-05-10,"MA Chidambaram Stadium, Chepauk, Chennai",2,Chennai Super Kings,Lucknow Super Giants,208,197,11,5,124,2026,10.06
1527684,2026-04-05,"M Chinnaswamy Stadium, Bengaluru",2,Chennai Super Kings,Royal Challengers Bengaluru,207,200,7,10,123,2026,10.1
1529276,2026-04-23,"Wankhede Stadium, Mumbai",1,Chennai Super Kings,Mumbai Indians,207,198,9,6,128,2026,9.7
1529277,2026-04-24,"M Chinnaswamy Stadium, Bengaluru",2,Royal Challengers Bengaluru,Gujarat Titans,206,201,5,5,116,2026,10.66
1529277,2026-04-24,"M Chinnaswamy Stadium, Bengaluru",1,Gujarat Titans,Royal Challengers Bengaluru,205,199,6,3,123,2026,10.0
1529301,2026-05-14,"Himachal Pradesh Cricket Association Stadium, Dharamsala",2,Mumbai Indians,Punjab Kings,205,202,3,4,122,2026,10.08
1529312,2026-05-24,"Wankhede Stadium, Mumbai",1,Rajasthan Royals,Mumbai Indians,205,196,9,8,126,2026,9.76
1527682,2026-04-04,"Narendra Modi Stadium, Ahmedabad",2,Gujarat Titans,Rajasthan Royals,204,194,10,8,124,2026,9.87
1527674,2026-03-28,"M Chinnaswamy Stadium, Bengaluru",2,Royal Challengers Bengaluru,Sunrisers Hyderabad,203,185,18,4,101,2026,12.06
1529293,2026-05-07,"Bharat Ratna Shri Atal Bihari Vajpayee Ekana Cricket Stadium, Lucknow",2,Royal Challengers Bengaluru,Lucknow Super Giants,203,191,12,6,122,2026,9.98
1529296,2026-05-10,"MA Chidambaram Stadium, Chepauk, Chennai",1,Lucknow Super Giants,Chennai Super Kings,203,195,8,8,126,2026,9.67
1529313,2026-05-24,"Eden Gardens, Kolkata",1,Delhi Capitals,Kolkata Knight Riders,203,191,12,5,129,2026,9.44
1527689,2026-04-10,"Barsapara Cricket Stadium, Guwahati",2,Rajasthan Royals,Royal Challengers Bengaluru,202,199,3,4,110,2026,11.02
1529292,2026-05-06,"Rajiv Gandhi International Stadium, Uppal, Hyderabad",2,Punjab Kings,Sunrisers Hyderabad,202,193,9,7,129,2026,9.4
1527674,2026-03-28,"M Chinnaswamy Stadium, Bengaluru",1,Sunrisers Hyderabad,Royal Challengers Bengaluru,201,195,6,9,124,2026,9.73
1527689,2026-04-10,"Barsapara Cricket Stadium, Guwahati",1,Royal Challengers Bengaluru,Rajasthan Royals,201,188,13,8,123,2026,9.8
1529272,2026-04-19,"Maharaja Yadavindra Singh International Cricket Stadium, New Chandigarh",2,Lucknow Super Giants,Punjab Kings,200,191,9,5,127,2026,9.45
1529301,2026-05-14,"Himachal Pradesh Cricket Association Stadium, Dharamsala",1,Punjab Kings,Mumbai Indians,200,187,13,8,127,2026,9.45
1529310,2026-05-22,"Rajiv Gandhi International Stadium, Uppal, Hyderabad",2,Royal Challengers Bengaluru,Sunrisers Hyderabad,200,192,8,4,125,2026,9.6
1529311,2026-05-23,"Bharat Ratna Shri Atal Bihari Vajpayee Ekana Cricket Stadium, Lucknow",2,Punjab Kings,Lucknow Super Giants,200,197,3,3,111,2026,10.81
1529273,2026-04-20,"Narendra Modi Stadium, Ahmedabad",1,Mumbai Indians,Gujarat Titans,199,192,7,5,122,2026,9.79
1529304,2026-05-17,"Himachal Pradesh Cricket Association Stadium, Dharamsala",2,Punjab Kings,Royal Challengers Bengaluru,199,187,12,8,128,2026,9.33
1529267,2026-04-16,"Wankhede Stadium, Mumbai",2,Punjab Kings,Mumbai Indians,198,188,10,3,109,2026,10.9
1529305,2026-05-17,"Arun Jaitley Stadium, Delhi",2,Delhi Capitals,Rajasthan Royals,197,181,16,5,123,2026,9.61
1529311,2026-05-23,"Bharat Ratna Shri Atal Bihari Vajpayee Ekana Cricket Stadium, Lucknow",1,Lucknow Super Giants,Punjab Kings,196,186,10,6,128,2026,9.19
1535463,2026-05-27,"Maharaja Yadavindra Singh International Cricket Stadium, New Chandigarh",2,Sunrisers Hyderabad,Rajasthan Royals,196,180,16,10,128,2026,9.19
1529267,2026-04-16,"Wankhede Stadium, Mumbai",1,Mumbai Indians,Punjab Kings,195,187,8,6,124,2026,9.44
1529274,2026-04-21,"Rajiv Gandhi International Stadium, Uppal, Hyderabad",2,Delhi Capitals,Sunrisers Hyderabad,195,187,8,9,127,2026,9.21
1529270,2026-04-18,"Rajiv Gandhi International Stadium, Uppal, Hyderabad",1,Sunrisers Hyderabad,Chennai Super Kings,194,181,13,9,124,2026,9.39
1529300,2026-05-13,"Shaheed Veer Narayan Singh International Stadium, Raipur",2,Royal Challengers Bengaluru,Kolkata Knight Riders,194,180,14,4,124,2026,9.39
1529305,2026-05-17,"Arun Jaitley Stadium, Delhi",1,Rajasthan Royals,Delhi Capitals,193,185,8,8,126,2026,9.19
1529265,2026-04-14,"MA Chidambaram Stadium, Chepauk, Chennai",1,Chennai Super Kings,Kolkata Knight Riders,192,177,15,5,130,2026,8.86
1529300,2026-05-13,"Shaheed Veer Narayan Singh International Stadium, Raipur",1,Kolkata Knight Riders,Royal Challengers Bengaluru,192,189,3,4,122,2026,9.44
1527691,2026-04-11,"MA Chidambaram Stadium, Chepauk, Chennai",2,Delhi Capitals,Chennai Super Kings,189,174,15,10,129,2026,8.79
1529302,2026-05-15,"Bharat Ratna Shri Atal Bihari Vajpayee Ekana Cricket Stadium, Lucknow",2,Lucknow Super Giants,Chennai Super Kings,188,178,10,3,103,2026,10.95
1529302,2026-05-15,"Bharat Ratna Shri Atal Bihari Vajpayee Ekana Cricket Stadium, Lucknow",1,Chennai Super Kings,Lucknow Super Giants,187,180,7,5,127,2026,8.83
1529270,2026-04-18,"Rajiv Gandhi International Stadium, Uppal, Hyderabad",2,Chennai Super Kings,Sunrisers Hyderabad,184,166,18,8,133,2026,8.3
1527688,2026-04-09,"Eden Gardens, Kolkata",2,Lucknow Super Giants,Kolkata Knight Riders,182,172,10,7,127,2026,8.6
1527688,2026-04-09,"Eden Gardens, Kolkata",1,Kolkata Knight Riders,Lucknow Super Giants,181,170,11,4,126,2026,8.62
1529268,2026-04-17,"Narendra Modi Stadium, Ahmedabad",2,Gujarat Titans,Kolkata Knight Riders,181,175,6,5,122,2026,8.9
1529306,2026-05-18,"MA Chidambaram Stadium, Chepauk, Chennai",2,Sunrisers Hyderabad,Chennai Super Kings,181,175,6,5,120,2026,9.05
1529268,2026-04-17,"Narendra Modi Stadium, Ahmedabad",1,Kolkata Knight Riders,Gujarat Titans,180,166,14,10,127,2026,8.5
1529306,2026-05-18,"MA Chidambaram Stadium, Chepauk, Chennai",1,Chennai Super Kings,Sunrisers Hyderabad,180,171,9,7,129,2026,8.37
1529269,2026-04-18,"M Chinnaswamy Stadium, Bengaluru",2,Delhi Capitals,Royal Challengers Bengaluru,179,173,6,5,122,2026,8.8
1529269,2026-04-18,"M Chinnaswamy Stadium, Bengaluru",1,Royal Challengers Bengaluru,Delhi Capitals,175,164,11,8,129,2026,8.14
1529312,2026-05-24,"Wankhede Stadium, Mumbai",2,Mumbai Indians,Rajasthan Royals,175,170,5,9,125,2026,8.4
1529288,2026-05-03,"Rajiv Gandhi International Stadium, Uppal, Hyderabad",2,Kolkata Knight Riders,Sunrisers Hyderabad,169,156,13,3,117,2026,8.67
1529299,2026-05-12,"Narendra Modi Stadium, Ahmedabad",1,Gujarat Titans,Sunrisers Hyderabad,168,160,8,5,126,2026,8.0
1529289,2026-05-03,"Narendra Modi Stadium, Ahmedabad",2,Gujarat Titans,Punjab Kings,167,158,9,6,122,2026,8.21
1529297,2026-05-10,"Shaheed Veer Narayan Singh International Stadium, Raipur",2,Royal Challengers Bengaluru,Mumbai Indians,167,152,15,8,131,2026,7.65
1529297,2026-05-10,"Shaheed Veer Narayan Singh International Stadium, Raipur",1,Mumbai Indians,Royal Challengers Bengaluru,166,160,6,7,123,2026,8.1
1527677,2026-03-31,"Maharaja Yadavindra Singh International Cricket Stadium, New Chandigarh",2,Punjab Kings,Gujarat Titans,165,161,4,7,119,2026,8.32
1527692,2026-04-12,"Bharat Ratna Shri Atal Bihari Vajpayee Ekana Cricket Stadium, Lucknow",2,Gujarat Titans,Lucknow Super Giants,165,162,3,3,115,2026,8.61
1529288,2026-05-03,"Rajiv Gandhi International Stadium, Uppal, Hyderabad",1,Sunrisers Hyderabad,Kolkata Knight Riders,165,160,5,10,118,2026,8.39
1527681,2026-04-04,"Arun Jaitley Stadium, Delhi",2,Delhi Capitals,Mumbai Indians,164,159,5,4,113,2026,8.71
1527692,2026-04-12,"Bharat Ratna Shri Atal Bihari Vajpayee Ekana Cricket Stadium, Lucknow",1,Lucknow Super Giants,Gujarat Titans,164,155,9,8,122,2026,8.07
1529289,2026-05-03,"Narendra Modi Stadium, Ahmedabad",1,Punjab Kings,Gujarat Titans,163,155,8,9,126,2026,7.76
1529313,2026-05-24,"Eden Gardens, Kolkata",2,Kolkata Knight Riders,Delhi Capitals,163,158,5,10,116,2026,8.43
1527677,2026-03-31,"Maharaja Yadavindra Singh International Cricket Stadium, New Chandigarh",1,Gujarat Titans,Punjab Kings,162,148,14,6,131,2026,7.42
1527681,2026-04-04,"Arun Jaitley Stadium, Delhi",1,Mumbai Indians,Delhi Capitals,162,157,5,6,124,2026,7.84
1529280,2026-04-26,"MA Chidambaram Stadium, Chepauk, Chennai",2,Gujarat Titans,Chennai Super Kings,162,160,2,2,102,2026,9.53
1535462,2026-05-26,"Himachal Pradesh Cricket Association Stadium, Dharamsala",2,Gujarat Titans,Royal Challengers Bengaluru,162,154,8,10,124,2026,7.84
1527679,2026-04-02,"Eden Gardens, Kolkata",2,Kolkata Knight Riders,Sunrisers Hyderabad,161,153,8,10,102,2026,9.47
1529271,2026-04-19,"Eden Gardens, Kolkata",2,Kolkata Knight Riders,Rajasthan Royals,161,152,9,6,126,2026,7.67
1535465,2026-05-31,"Narendra Modi Stadium, Ahmedabad",2,Royal Challengers Bengaluru,Gujarat Titans,161,159,2,5,109,2026,8.86
1527683,2026-04-05,"Rajiv Gandhi International Stadium, Uppal, Hyderabad",2,Lucknow Super Giants,Sunrisers Hyderabad,160,158,2,5,119,2026,8.07
1529265,2026-04-14,"MA Chidambaram Stadium, Chepauk, Chennai",2,Kolkata Knight Riders,Chennai Super Kings,160,153,7,7,125,2026,7.68
1529287,2026-05-02,"MA Chidambaram Stadium, Chepauk, Chennai",2,Chennai Super Kings,Mumbai Indians,160,156,4,2,113,2026,8.5
1529264,2026-04-13,"Rajiv Gandhi International Stadium, Uppal, Hyderabad",2,Rajasthan Royals,Sunrisers Hyderabad,159,149,10,10,123,2026,7.76
1529275,2026-04-22,"Bharat Ratna Shri Atal Bihari Vajpayee Ekana Cricket Stadium, Lucknow",1,Rajasthan Royals,Lucknow Super Giants,159,154,5,6,124,2026,7.69
1529287,2026-05-02,"MA Chidambaram Stadium, Chepauk, Chennai",1,Mumbai Indians,Chennai Super Kings,159,154,5,7,121,2026,7.88
1529291,2026-05-05,"Arun Jaitley Stadium, Delhi",2,Chennai Super Kings,Delhi Capitals,159,151,8,2,108,2026,8.83
1529280,2026-04-26,"MA Chidambaram Stadium, Chepauk, Chennai",1,Chennai Super Kings,Gujarat Titans,158,146,12,7,126,2026,7.52
1529285,2026-04-30,"Narendra Modi Stadium, Ahmedabad",2,Gujarat Titans,Royal Challengers Bengaluru,158,154,4,6,99,2026,9.58
1527683,2026-04-05,"Rajiv Gandhi International Stadium, Uppal, Hyderabad",1,Sunrisers Hyderabad,Lucknow Super Giants,156,151,5,9,123,2026,7.61
1529271,2026-04-19,"Eden Gardens, Kolkata",1,Rajasthan Royals,Kolkata Knight Riders,155,142,13,9,130,2026,7.15
1529281,2026-04-26,"Bharat Ratna Shri Atal Bihari Vajpayee Ekana Cricket Stadium, Lucknow",1,Kolkata Knight Riders,Lucknow Super Giants,155,147,8,7,127,2026,7.32
1529281,2026-04-26,"Bharat Ratna Shri Atal Bihari Vajpayee Ekana Cricket Stadium, Lucknow",2,Lucknow Super Giants,Kolkata Knight Riders,155,147,8,8,125,2026,7.44
1529285,2026-04-30,"Narendra Modi Stadium, Ahmedabad",1,Royal Challengers Bengaluru,Gujarat Titans,155,150,5,10,118,2026,7.88
1529291,2026-05-05,"Arun Jaitley Stadium, Delhi",1,Delhi Capitals,Chennai Super Kings,155,153,2,7,122,2026,7.62
1535465,2026-05-31,"Narendra Modi Stadium, Ahmedabad",1,Gujarat Titans,Royal Challengers Bengaluru,155,150,5,8,124,2026,7.5
1529295,2026-05-09,"Sawai Mansingh Stadium, Jaipur",2,Rajasthan Royals,Gujarat Titans,152,149,3,10,101,2026,9.03
1527686,2026-04-07,"Barsapara Cricket Stadium, Guwahati",1,Rajasthan Royals,Mumbai Indians,150,144,6,3,72,2026,12.5
1529266,2026-04-15,"M Chinnaswamy Stadium, Bengaluru",2,Royal Challengers Bengaluru,Lucknow Super Giants,149,144,5,5,92,2026,9.72
1529308,2026-05-20,"Eden Gardens, Kolkata",2,Kolkata Knight Riders,Mumbai Indians,148,142,6,6,118,2026,7.53
1529294,2026-05-08,"Arun Jaitley Stadium, Delhi",2,Kolkata Knight Riders,Delhi Capitals,147,147,0,2,86,2026,10.26
1529308,2026-05-20,"Eden Gardens, Kolkata",1,Mumbai Indians,Kolkata Knight Riders,147,138,9,8,123,2026,7.17
1529266,2026-04-15,"M Chinnaswamy Stadium, Bengaluru",1,Lucknow Super Giants,Royal Challengers Bengaluru,146,139,7,10,124,2026,7.06
1527678,2026-04-01,"Bharat Ratna Shri Atal Bihari Vajpayee Ekana Cricket Stadium, Lucknow",2,Delhi Capitals,Lucknow Super Giants,145,125,20,4,115,2026,7.57
1529294,2026-05-08,"Arun Jaitley Stadium, Delhi",1,Delhi Capitals,Kolkata Knight Riders,142,140,2,8,122,2026,6.98
1527678,2026-04-01,"Bharat Ratna Shri Atal Bihari Vajpayee Ekana Cricket Stadium, Lucknow",1,Lucknow Super Giants,Delhi Capitals,141,127,14,10,114,2026,7.42
1529309,2026-05-21,"Narendra Modi Stadium, Ahmedabad",2,Chennai Super Kings,Gujarat Titans,140,136,4,10,86,2026,9.77
1527676,2026-03-30,"Barsapara Cricket Stadium, Guwahati",2,Rajasthan Royals,Chennai Super Kings,128,122,6,2,74,2026,10.38
1527676,2026-03-30,"Barsapara Cricket Stadium, Guwahati",1,Chennai Super Kings,Rajasthan Royals,127,111,16,10,125,2026,6.1
1527686,2026-04-07,"Barsapara Cricket Stadium, Guwahati",2,Mumbai Indians,Rajasthan Royals,123,112,11,9,72,2026,10.25
1529275,2026-04-22,"Bharat Ratna Shri Atal Bihari Vajpayee Ekana Cricket Stadium, Lucknow",2,Lucknow Super Giants,Rajasthan Royals,119,112,7,10,113,2026,6.32
1529276,2026-04-23,"Wankhede Stadium, Mumbai",2,Mumbai Indians,Chennai Super Kings,104,97,7,10,119,2026,5.24
1529273,2026-04-20,"Narendra Modi Stadium, Ahmedabad",2,Gujarat Titans,Mumbai Indians,100,93,7,10,102,2026,5.88
1529299,2026-05-12,"Narendra Modi Stadium, Ahmedabad",2,Sunrisers Hyderabad,Gujarat Titans,86,84,2,10,90,2026,5.73
1529282,2026-04-27,"Arun Jaitley Stadium, Delhi",2,Royal Challengers Bengaluru,Delhi Capitals,77,77,0,1,39,2026,11.85
1529282,2026-04-27,"Arun Jaitley Stadium, Delhi",1,Delhi Capitals,Royal Challengers Bengaluru,75,71,4,10,103,2026,4.37
1527685,2026-04-06,"Eden Gardens, Kolkata",1,Kolkata Knight Riders,Punjab Kings,25,25,0,2,22,2026,6.82
1529281,2026-04-26,"Bharat Ratna Shri Atal Bihari Vajpayee Ekana Cricket Stadium, Lucknow",4,Kolkata Knight Riders,Lucknow Super Giants,4,4,0,0,1,2026,24.0
1529281,2026-04-26,"Bharat Ratna Shri Atal Bihari Vajpayee Ekana Cricket Stadium, Lucknow",3,Lucknow Super Giants,Kolkata Knight Riders,1,1,0,2,3,2026,2.0
